a,z,ticker,symbol,tf,datetime,time,open,high,low,close,tick_volume,spread,real_volume,mean_volume
1,-10,Z2YY,Z2YYU21,D1,2021-08-13,1628812800,0.215,0.215,0.215,0.215,1,0,0,0.0
2,-11,Z2YY,Z2YYQ21,D1,2021-08-16,1629072000,0.212,0.212,0.209,0.209,2,5,2,1.0
3,-10,Z2YY,Z2YYQ21,D1,2021-08-17,1629158400,0.213,0.216,0.207,0.216,66,1,263,88.0
4,-9,Z2YY,Z2YYQ21,D1,2021-08-18,1629244800,0.215,0.221,0.21,0.217,188,1,804,356.0
5,-8,Z2YY,Z2YYQ21,D1,2021-08-19,1629331200,0.224,0.234,0.206,0.234,79,1,1365,811.0
6,-7,Z2YY,Z2YYQ21,D1,2021-08-20,1629417600,0.224,0.237,0.222,0.237,16,1,375,848.0
7,-6,Z2YY,Z2YYQ21,D1,2021-08-23,1629676800,0.24,0.246,0.24,0.24,20,0,284,675.0
8,-5,Z2YY,Z2YYQ21,D1,2021-08-24,1629763200,0.244,0.249,0.241,0.243,22,0,459,373.0
9,-4,Z2YY,Z2YYQ21,D1,2021-08-25,1629849600,0.247,0.25,0.241,0.241,42,0,387,377.0
10,-3,Z2YY,Z2YYQ21,D1,2021-08-26,1629936000,0.242,0.249,0.232,0.243,92,0,544,463.0
11,-2,Z2YY,Z2YYQ21,D1,2021-08-27,1630022400,0.242,0.243,0.214,0.214,42,0,252,394.0
12,-1,Z2YY,Z2YYQ21,D1,2021-08-30,1630281600,0.203,0.205,0.199,0.199,9,1,23,273.0
13,0,Z2YY,Z2YYQ21,D1,2021-08-31,1630368000,0.2,0.208,0.2,0.208,10,1,271,182.0
2,-9,Z2YY,Z2YYU21,D1,2021-09-01,1630454400,0.23,0.23,0.23,0.23,2,5,2,1.0
3,-8,Z2YY,Z2YYU21,D1,2021-09-10,1631232000,0.237,0.24,0.233,0.233,10,1,13,5.0
4,-7,Z2YY,Z2YYU21,D1,2021-09-13,1631491200,0.241,0.241,0.241,0.241,2,4,2,6.0
5,-6,Z2YY,Z2YYU21,D1,2021-09-20,1632096000,0.233,0.233,0.233,0.233,2,4,2,6.0
6,-5,Z2YY,Z2YYU21,D1,2021-09-22,1632268800,0.238,0.259,0.233,0.259,81,1,378,127.0
7,-4,Z2YY,Z2YYU21,D1,2021-09-23,1632355200,0.264,0.278,0.262,0.278,10,1,15,132.0
8,-3,Z2YY,Z2YYU21,D1,2021-09-24,1632441600,0.286,0.295,0.284,0.289,16,1,43,145.0
9,-2,Z2YY,Z2YYU21,D1,2021-09-27,1632700800,0.295,0.307,0.295,0.304,24,1,84,47.0
10,-1,Z2YY,Z2YYU21,D1,2021-09-28,1632787200,0.314,0.314,0.301,0.302,29,1,88,72.0
11,0,Z2YY,Z2YYU21,D1,2021-09-29,1632873600,0.3,0.3,0.3,0.3,2,4,2,58.0
5,-21,Z2YY,Z2YYV21,D1,2021-09-30,1632960000,0.301,0.314,0.297,0.314,4,17,4,3.0
6,-20,Z2YY,Z2YYV21,D1,2021-10-01,1633046400,0.308,0.308,0.294,0.294,22,0,38,15.0
7,-19,Z2YY,Z2YYV21,D1,2021-10-04,1633305600,0.3,0.308,0.3,0.306,13,1,70,37.0
8,-18,Z2YY,Z2YYV21,D1,2021-10-06,1633478400,0.318,0.318,0.31,0.311,4,1,4,37.0
9,-17,Z2YY,Z2YYV21,D1,2021-10-07,1633564800,0.336,0.336,0.335,0.336,4,1,5,26.0
10,-16,Z2YY,Z2YYV21,D1,2021-10-08,1633651200,0.337,0.347,0.326,0.344,33,1,187,65.0
11,-15,Z2YY,Z2YYV21,D1,2021-10-11,1633910400,0.349,0.373,0.349,0.37,11,1,12,68.0
12,-14,Z2YY,Z2YYV21,D1,2021-10-12,1633996800,0.377,0.382,0.364,0.375,46,1,140,113.0
13,-13,Z2YY,Z2YYV21,D1,2021-10-13,1634083200,0.375,0.406,0.372,0.393,81,1,298,150.0
14,-12,Z2YY,Z2YYV21,D1,2021-10-14,1634169600,0.394,0.401,0.372,0.395,61,1,359,266.0
15,-11,Z2YY,Z2YYV21,D1,2021-10-15,1634256000,0.396,0.427,0.391,0.424,116,0,999,552.0
16,-10,Z2YY,Z2YYV21,D1,2021-10-17,1634428800,0.447,0.447,0.447,0.447,2,0,2,453.0
17,-9,Z2YY,Z2YYV21,D1,2021-10-18,1634515200,0.451,0.469,0.441,0.456,138,0,860,620.0
18,-8,Z2YY,Z2YYV21,D1,2021-10-19,1634601600,0.454,0.454,0.426,0.429,61,0,317,393.0
19,-7,Z2YY,Z2YYV21,D1,2021-10-20,1634688000,0.437,0.438,0.415,0.438,51,0,404,527.0
20,-6,Z2YY,Z2YYV21,D1,2021-10-21,1634774400,0.43,0.485,0.43,0.485,126,0,872,531.0
21,-5,Z2YY,Z2YYV21,D1,2021-10-22,1634860800,0.483,0.516,0.481,0.484,304,0,1791,1022.0
22,-4,Z2YY,Z2YYV21,D1,2021-10-25,1635120000,0.484,0.49,0.456,0.464,142,1,699,1121.0
23,-3,Z2YY,Z2YYV21,D1,2021-10-26,1635206400,0.473,0.482,0.467,0.48,128,1,778,1089.0
24,-2,Z2YY,Z2YYV21,D1,2021-10-27,1635292800,0.498,0.522,0.47,0.495,309,1,1519,999.0
25,-1,Z2YY,Z2YYV21,D1,2021-10-28,1635379200,0.526,0.558,0.476,0.486,284,1,2066,1454.0
26,0,Z2YY,Z2YYV21,D1,2021-10-29,1635465600,0.502,0.55,0.499,0.499,11,1,269,1285.0
12,-22,Z2YY,Z2YYX21,D1,2021-11-01,1635724800,0.551,0.586,0.543,0.551,222,0,1698,569.0
13,-21,Z2YY,Z2YYX21,D1,2021-11-02,1635811200,0.551,0.551,0.491,0.509,260,0,1021,909.0
14,-20,Z2YY,Z2YYX21,D1,2021-11-03,1635897600,0.505,0.554,0.496,0.501,477,0,1402,1374.0
15,-19,Z2YY,Z2YYX21,D1,2021-11-04,1635984000,0.504,0.506,0.446,0.475,214,0,872,1098.0
16,-18,Z2YY,Z2YYX21,D1,2021-11-05,1636070400,0.486,0.492,0.438,0.452,322,0,1042,1105.0
17,-17,Z2YY,Z2YYX21,D1,2021-11-07,1636243200,0.448,0.448,0.448,0.448,1,9,13,642.0
18,-16,Z2YY,Z2YYX21,D1,2021-11-08,1636329600,0.47,0.491,0.463,0.49,157,1,494,516.0
19,-15,Z2YY,Z2YYX21,D1,2021-11-09,1636416000,0.47,0.473,0.45,0.458,168,1,315,274.0
20,-14,Z2YY,Z2YYX21,D1,2021-11-10,1636502400,0.469,0.558,0.469,0.555,338,1,1085,631.0
21,-13,Z2YY,Z2YYX21,D1,2021-11-11,1636588800,0.557,0.58,0.557,0.573,51,1,106,502.0
22,-12,Z2YY,Z2YYX21,D1,2021-11-12,1636675200,0.579,0.584,0.542,0.558,247,1,611,601.0
23,-11,Z2YY,Z2YYX21,D1,2021-11-15,1636934400,0.539,0.577,0.539,0.559,214,1,493,403.0
24,-10,Z2YY,Z2YYX21,D1,2021-11-16,1637020800,0.565,0.578,0.554,0.563,181,1,420,508.0
25,-9,Z2YY,Z2YYX21,D1,2021-11-17,1637107200,0.561,0.568,0.535,0.535,114,1,266,393.0
26,-8,Z2YY,Z2YYX21,D1,2021-11-18,1637193600,0.541,0.545,0.525,0.543,152,1,999,562.0
27,-7,Z2YY,Z2YYX21,D1,2021-11-19,1637280000,0.55,0.557,0.494,0.551,407,1,1203,823.0
28,-6,Z2YY,Z2YYX21,D1,2021-11-22,1637539200,0.571,0.633,0.564,0.626,242,1,622,941.0
29,-5,Z2YY,Z2YYX21,D1,2021-11-23,1637625600,0.617,0.626,0.6,0.613,404,1,581,802.0
30,-4,Z2YY,Z2YYX21,D1,2021-11-24,1637712000,0.607,0.658,0.591,0.648,753,0,1024,742.0
31,-3,Z2YY,Z2YYX21,D1,2021-11-25,1637798400,0.642,0.655,0.619,0.619,6,3,8,538.0
32,-2,Z2YY,Z2YYX21,D1,2021-11-26,1637884800,0.623,0.624,0.492,0.532,1013,1,1368,800.0
33,-1,Z2YY,Z2YYX21,D1,2021-11-29,1638144000,0.549,0.554,0.495,0.495,675,1,1278,885.0
34,0,Z2YY,Z2YYX21,D1,2021-11-30,1638230400,0.515,0.556,0.446,0.526,52,1,205,950.0
10,-22,Z2YY,Z2YYZ21,D1,2021-12-01,1638316800,0.625,0.657,0.6,0.6,3261,0,3717,1258.0
11,-21,Z2YY,Z2YYZ21,D1,2021-12-02,1638403200,0.619,0.678,0.619,0.661,3147,0,3556,2441.0
12,-20,Z2YY,Z2YYZ21,D1,2021-12-03,1638489600,0.661,0.695,0.624,0.628,2903,0,3324,3532.0
13,-19,Z2YY,Z2YYZ21,D1,2021-12-06,1638748800,0.65,0.679,0.65,0.675,875,1,1180,2687.0
14,-18,Z2YY,Z2YYZ21,D1,2021-12-07,1638835200,0.696,0.733,0.695,0.733,1679,1,2026,2177.0
15,-17,Z2YY,Z2YYZ21,D1,2021-12-08,1638921600,0.721,0.757,0.712,0.732,1114,1,1653,1620.0
16,-16,Z2YY,Z2YYZ21,D1,2021-12-09,1639008000,0.729,0.741,0.715,0.741,21,1,78,1252.0
17,-15,Z2YY,Z2YYZ21,D1,2021-12-10,1639094400,0.747,0.767,0.68,0.699,84,1,367,699.0
18,-14,Z2YY,Z2YYZ21,D1,2021-12-13,1639353600,0.714,0.717,0.677,0.681,36,1,108,184.0
19,-13,Z2YY,Z2YYZ21,D1,2021-12-14,1639440000,0.683,0.707,0.683,0.7,34,1,80,185.0
20,-12,Z2YY,Z2YYZ21,D1,2021-12-15,1639526400,0.692,0.755,0.69,0.701,63,1,160,116.0
21,-11,Z2YY,Z2YYZ21,D1,2021-12-16,1639612800,0.711,0.711,0.66,0.66,54,1,261,167.0
22,-10,Z2YY,Z2YYZ21,D1,2021-12-17,1639699200,0.665,0.697,0.643,0.683,54,1,268,230.0
23,-9,Z2YY,Z2YYZ21,D1,2021-12-20,1639958400,0.653,0.672,0.628,0.669,50,1,269,266.0
24,-8,Z2YY,Z2YYZ21,D1,2021-12-21,1640044800,0.666,0.712,0.66,0.711,46,1,221,253.0
25,-7,Z2YY,Z2YYZ21,D1,2021-12-22,1640131200,0.71,0.714,0.699,0.701,18,1,99,196.0
26,-6,Z2YY,Z2YYZ21,D1,2021-12-23,1640217600,0.698,0.76,0.698,0.76,189,1,1237,519.0
27,-5,Z2YY,Z2YYZ21,D1,2021-12-26,1640476800,0.737,0.737,0.734,0.735,12,1,129,488.0
28,-4,Z2YY,Z2YYZ21,D1,2021-12-27,1640563200,0.732,0.763,0.732,0.756,34,1,123,496.0
29,-3,Z2YY,Z2YYZ21,D1,2021-12-28,1640649600,0.748,0.758,0.746,0.758,37,1,154,135.0
30,-2,Z2YY,Z2YYZ21,D1,2021-12-29,1640736000,0.749,0.764,0.748,0.754,86,0,418,232.0
31,-1,Z2YY,Z2YYZ21,D1,2021-12-30,1640822400,0.746,0.75,0.726,0.726,60,1,499,357.0
32,0,Z2YY,Z2YYZ21,D1,2021-12-31,1640908800,0.724,0.724,0.72,0.724,4,1,7,308.0
7,-24,Z2YY,Z2YYF22,D1,2022-01-02,1641081600,0.837,0.837,0.837,0.837,1,135,1,8.0
8,-23,Z2YY,Z2YYF22,D1,2022-01-03,1641168000,0.814,0.867,0.814,0.853,94,1,756,257.0
9,-22,Z2YY,Z2YYF22,D1,2022-01-04,1641254400,0.848,0.863,0.828,0.828,22,1,114,290.0
10,-21,Z2YY,Z2YYF22,D1,2022-01-05,1641340800,0.846,0.91,0.846,0.906,62,1,503,458.0
11,-20,Z2YY,Z2YYF22,D1,2022-01-06,1641427200,0.902,0.967,0.902,0.956,86,1,421,346.0
12,-19,Z2YY,Z2YYF22,D1,2022-01-07,1641513600,0.934,0.991,0.933,0.941,68,1,664,529.0
13,-18,Z2YY,Z2YYF22,D1,2022-01-09,1641686400,0.945,0.967,0.945,0.967,2,1,2,362.0
14,-17,Z2YY,Z2YYF22,D1,2022-01-10,1641772800,0.962,0.989,0.945,0.983,61,1,127,264.0
15,-16,Z2YY,Z2YYF22,D1,2022-01-11,1641859200,0.987,1.021,0.956,0.956,71,1,382,170.0
16,-15,Z2YY,Z2YYF22,D1,2022-01-12,1641945600,0.959,0.999,0.959,0.999,111,1,443,317.0
17,-14,Z2YY,Z2YYF22,D1,2022-01-13,1642032000,0.989,0.99,0.957,0.964,82,1,460,428.0
18,-13,Z2YY,Z2YYF22,D1,2022-01-14,1642118400,0.979,1.041,0.976,1.037,91,1,459,454.0
19,-12,Z2YY,Z2YYF22,D1,2022-01-16,1642291200,1.05,1.072,1.05,1.065,7,1,10,310.0
20,-11,Z2YY,Z2YYF22,D1,2022-01-17,1642377600,1.072,1.093,1.057,1.08,27,1,44,171.0
21,-10,Z2YY,Z2YYF22,D1,2022-01-18,1642464000,1.09,1.124,1.075,1.113,154,1,585,213.0
22,-9,Z2YY,Z2YYF22,D1,2022-01-19,1642550400,1.138,1.138,1.07,1.12,158,1,494,374.0
23,-8,Z2YY,Z2YYF22,D1,2022-01-20,1642636800,1.12,1.127,1.09,1.09,151,1,747,609.0
24,-7,Z2YY,Z2YYF22,D1,2022-01-21,1642723200,1.062,1.091,1.042,1.058,123,1,1040,760.0
25,-6,Z2YY,Z2YYF22,D1,2022-01-24,1642982400,1.086,1.094,0.99,1.018,63,1,476,754.0
26,-5,Z2YY,Z2YYF22,D1,2022-01-25,1643068800,1.024,1.042,1.0,1.038,65,1,211,576.0
27,-4,Z2YY,Z2YYF22,D1,2022-01-26,1643155200,1.04,1.17,1.02,1.168,75,1,204,297.0
28,-3,Z2YY,Z2YYF22,D1,2022-01-27,1643241600,1.199,1.206,1.152,1.198,92,1,419,278.0
29,-2,Z2YY,Z2YYF22,D1,2022-01-28,1643328000,1.2,1.233,1.164,1.164,41,1,296,306.0
30,-1,Z2YY,Z2YYF22,D1,2022-01-30,1643500800,1.179,1.179,1.179,1.179,1,21,1,239.0
31,0,Z2YY,Z2YYF22,D1,2022-01-31,1643587200,1.191,1.203,1.191,1.201,21,1,69,122.0
17,-21,Z2YY,Z2YYG22,D1,2022-02-01,1643673600,1.252,1.285,1.21,1.245,78,1,521,195.0
18,-20,Z2YY,Z2YYG22,D1,2022-02-02,1643760000,1.252,1.252,1.224,1.233,21,1,95,226.0
19,-19,Z2YY,Z2YYG22,D1,2022-02-03,1643846400,1.213,1.285,1.213,1.272,35,1,55,224.0
20,-18,Z2YY,Z2YYG22,D1,2022-02-04,1643932800,1.298,1.398,1.298,1.388,41,1,195,115.0
21,-17,Z2YY,Z2YYG22,D1,2022-02-07,1644192000,1.394,1.395,1.356,1.356,34,1,60,103.0
22,-16,Z2YY,Z2YYG22,D1,2022-02-08,1644278400,1.39,1.412,1.376,1.412,28,1,128,128.0
23,-15,Z2YY,Z2YYG22,D1,2022-02-09,1644364800,1.392,1.426,1.379,1.419,51,1,238,142.0
24,-14,Z2YY,Z2YYG22,D1,2022-02-10,1644451200,1.428,1.705,1.4,1.637,153,1,475,280.0
25,-13,Z2YY,Z2YYG22,D1,2022-02-11,1644537600,1.637,1.72,1.534,1.582,111,1,553,422.0
26,-12,Z2YY,Z2YYG22,D1,2022-02-13,1644710400,1.61,1.62,1.61,1.61,4,10,6,345.0
27,-11,Z2YY,Z2YYG22,D1,2022-02-14,1644796800,1.609,1.677,1.5659999999999998,1.645,91,1,328,296.0
28,-10,Z2YY,Z2YYG22,D1,2022-02-15,1644883200,1.631,1.662,1.621,1.64,77,1,297,210.0
29,-9,Z2YY,Z2YYG22,D1,2022-02-16,1644969600,1.625,1.65,1.55,1.567,116,1,494,373.0
30,-8,Z2YY,Z2YYG22,D1,2022-02-17,1645056000,1.5550000000000002,1.565,1.492,1.493,91,0,369,387.0
31,-7,Z2YY,Z2YYG22,D1,2022-02-18,1645142400,1.49,1.5510000000000002,1.48,1.504,84,1,488,450.0
32,-6,Z2YY,Z2YYG22,D1,2022-02-20,1645315200,1.49,1.49,1.49,1.49,16,1,76,311.0
33,-5,Z2YY,Z2YYG22,D1,2022-02-21,1645401600,1.505,1.505,1.46,1.462,19,1,33,199.0
34,-4,Z2YY,Z2YYG22,D1,2022-02-22,1645488000,1.463,1.59,1.463,1.58,82,1,446,185.0
35,-3,Z2YY,Z2YYG22,D1,2022-02-23,1645574400,1.582,1.622,1.573,1.586,57,1,392,290.0
36,-2,Z2YY,Z2YYG22,D1,2022-02-24,1645660800,1.55,1.582,1.465,1.5779999999999998,70,1,628,489.0
37,-1,Z2YY,Z2YYG22,D1,2022-02-25,1645747200,1.582,1.632,1.568,1.579,130,0,1487,836.0
16,-25,Z2YY,Z2YYH22,D1,2022-02-27,1645920000,1.65,1.65,1.65,1.65,2,50,8,10.0
38,0,Z2YY,Z2YYG22,D1,2022-02-28,1646006400,1.491,1.517,1.44,1.44,32,1,89,735.0
18,-23,Z2YY,Z2YYH22,D1,2022-03-01,1646092800,1.533,1.533,1.339,1.412,76,1,258,128.0
19,-22,Z2YY,Z2YYH22,D1,2022-03-02,1646179200,1.447,1.616,1.362,1.552,140,1,691,356.0
20,-21,Z2YY,Z2YYH22,D1,2022-03-03,1646265600,1.554,1.648,1.549,1.619,107,1,232,394.0
21,-20,Z2YY,Z2YYH22,D1,2022-03-04,1646352000,1.5510000000000002,1.609,1.515,1.558,105,1,437,453.0
22,-19,Z2YY,Z2YYH22,D1,2022-03-07,1646611200,1.481,1.623,1.438,1.615,81,1,217,295.0
23,-18,Z2YY,Z2YYH22,D1,2022-03-08,1646697600,1.615,1.7,1.615,1.667,36,1,47,234.0
24,-17,Z2YY,Z2YYH22,D1,2022-03-09,1646784000,1.666,1.744,1.653,1.728,44,1,69,111.0
25,-16,Z2YY,Z2YYH22,D1,2022-03-10,1646870400,1.722,1.794,1.722,1.781,40,1,70,62.0
26,-15,Z2YY,Z2YYH22,D1,2022-03-11,1646956800,1.761,1.82,1.754,1.809,38,1,60,66.0
27,-14,Z2YY,Z2YYH22,D1,2022-03-13,1647129600,1.842,1.842,1.842,1.842,1,14,1,44.0
28,-13,Z2YY,Z2YYH22,D1,2022-03-14,1647216000,1.848,1.93,1.847,1.909,53,1,127,63.0
29,-12,Z2YY,Z2YYH22,D1,2022-03-15,1647302400,1.939,1.939,1.849,1.917,66,1,88,72.0
30,-11,Z2YY,Z2YYH22,D1,2022-03-16,1647388800,1.902,2.045,1.902,2.016,65,1,171,129.0
31,-10,Z2YY,Z2YYH22,D1,2022-03-17,1647475200,2.009,2.013,1.97,2.003,78,1,339,199.0
32,-9,Z2YY,Z2YYH22,D1,2022-03-18,1647561600,1.964,2.026,1.957,2.003,81,1,240,250.0
33,-8,Z2YY,Z2YYH22,D1,2022-03-21,1647820800,2.01,2.184,2.01,2.158,77,1,336,305.0
34,-7,Z2YY,Z2YYH22,D1,2022-03-22,1647907200,2.176,2.234,2.176,2.216,72,1,158,245.0
35,-6,Z2YY,Z2YYH22,D1,2022-03-23,1647993600,2.241,2.245,2.155,2.156,124,1,303,266.0
36,-5,Z2YY,Z2YYH22,D1,2022-03-24,1648080000,2.169,2.222,2.169,2.207,145,0,561,341.0
37,-4,Z2YY,Z2YYH22,D1,2022-03-25,1648166400,2.201,2.367,2.197,2.302,74,1,240,368.0
38,-3,Z2YY,Z2YYH22,D1,2022-03-28,1648425600,2.329,2.462,2.329,2.36,105,1,346,382.0
39,-2,Z2YY,Z2YYH22,D1,2022-03-29,1648512000,2.397,2.445,2.34,2.372,152,1,481,356.0
40,-1,Z2YY,Z2YYH22,D1,2022-03-30,1648598400,2.363,2.377,2.299,2.3,66,1,219,349.0
41,0,Z2YY,Z2YYH22,D1,2022-03-31,1648684800,2.287,2.303,2.279,2.299,15,1,64,255.0
21,-22,Z2YY,Z2YYJ22,D1,2022-04-01,1648771200,2.34,2.539,2.33,2.526,178,1,536,194.0
22,-21,Z2YY,Z2YYJ22,D1,2022-04-03,1648944000,2.501,2.536,2.501,2.536,4,14,4,188.0
23,-20,Z2YY,Z2YYJ22,D1,2022-04-04,1649030400,2.55,2.558,2.476,2.482,117,1,440,327.0
24,-19,Z2YY,Z2YYJ22,D1,2022-04-05,1649116800,2.48,2.599,2.468,2.59,98,1,389,278.0
25,-18,Z2YY,Z2YYJ22,D1,2022-04-06,1649203200,2.604,2.65,2.54,2.543,194,1,646,492.0
26,-17,Z2YY,Z2YYJ22,D1,2022-04-07,1649289600,2.5,2.543,2.49,2.527,112,1,248,428.0
27,-16,Z2YY,Z2YYJ22,D1,2022-04-08,1649376000,2.545,2.61,2.545,2.591,85,1,155,350.0
28,-15,Z2YY,Z2YYJ22,D1,2022-04-11,1649635200,2.612,2.657,2.557,2.589,106,1,196,200.0
29,-14,Z2YY,Z2YYJ22,D1,2022-04-12,1649721600,2.588,2.607,2.442,2.474,130,1,392,248.0
30,-13,Z2YY,Z2YYJ22,D1,2022-04-13,1649808000,2.467,2.502,2.351,2.424,125,1,445,344.0
31,-12,Z2YY,Z2YYJ22,D1,2022-04-14,1649894400,2.432,2.531,2.371,2.515,84,1,275,371.0
32,-11,Z2YY,Z2YYJ22,D1,2022-04-17,1650153600,2.53,2.542,2.526,2.537,9,1,11,244.0
33,-10,Z2YY,Z2YYJ22,D1,2022-04-18,1650240000,2.55,2.566,2.501,2.504,86,1,127,138.0
34,-9,Z2YY,Z2YYJ22,D1,2022-04-19,1650326400,2.504,2.655,2.491,2.653,224,1,774,304.0
35,-8,Z2YY,Z2YYJ22,D1,2022-04-20,1650412800,2.658,2.673,2.595,2.625,183,0,638,513.0
36,-7,Z2YY,Z2YYJ22,D1,2022-04-21,1650499200,2.635,2.77,2.635,2.747,147,1,397,603.0
37,-6,Z2YY,Z2YYJ22,D1,2022-04-22,1650585600,2.776,2.814,2.715,2.715,141,1,268,434.0
38,-5,Z2YY,Z2YYJ22,D1,2022-04-24,1650758400,2.712,2.715,2.707,2.714,11,1,24,230.0
39,-4,Z2YY,Z2YYJ22,D1,2022-04-25,1650844800,2.716,2.716,2.576,2.659,201,1,556,283.0
40,-3,Z2YY,Z2YYJ22,D1,2022-04-26,1650931200,2.672,2.711,2.525,2.545,187,1,871,484.0
41,-2,Z2YY,Z2YYJ22,D1,2022-04-27,1651017600,2.545,2.602,2.492,2.587,144,1,548,658.0
42,-1,Z2YY,Z2YYJ22,D1,2022-04-28,1651104000,2.59,2.667,2.556,2.62,146,1,559,659.0
43,0,Z2YY,Z2YYJ22,D1,2022-04-29,1651190400,2.62,2.747,2.62,2.706,55,1,323,477.0
21,-23,Z2YY,Z2YYK22,D1,2022-05-02,1651449600,2.79,2.872,2.7880000000000003,2.836,115,1,463,176.0
22,-22,Z2YY,Z2YYK22,D1,2022-05-03,1651536000,2.834,2.887,2.807,2.884,74,1,339,272.0
23,-21,Z2YY,Z2YYK22,D1,2022-05-04,1651622400,2.892,2.93,2.753,2.77,105,0,252,351.0
24,-20,Z2YY,Z2YYK22,D1,2022-05-05,1651708800,2.76,2.853,2.75,2.825,88,1,230,274.0
25,-19,Z2YY,Z2YYK22,D1,2022-05-06,1651795200,2.857,2.865,2.756,2.83,59,1,236,239.0
26,-18,Z2YY,Z2YYK22,D1,2022-05-09,1652054400,2.832,2.832,2.682,2.713,84,1,249,238.0
27,-17,Z2YY,Z2YYK22,D1,2022-05-10,1652140800,2.69,2.74,2.665,2.693,88,1,345,277.0
28,-16,Z2YY,Z2YYK22,D1,2022-05-11,1652227200,2.7,2.807,2.65,2.725,96,1,330,308.0
29,-15,Z2YY,Z2YYK22,D1,2022-05-12,1652313600,2.718,2.738,2.625,2.667,132,1,581,419.0
30,-14,Z2YY,Z2YYK22,D1,2022-05-13,1652400000,2.68,2.7,2.664,2.668,65,1,267,393.0
31,-13,Z2YY,Z2YYK22,D1,2022-05-15,1652572800,2.6870000000000003,2.6870000000000003,2.6870000000000003,2.6870000000000003,1,36,1,283.0
32,-12,Z2YY,Z2YYK22,D1,2022-05-16,1652659200,2.656,2.68,2.648,2.659,19,2,19,96.0
33,-11,Z2YY,Z2YYK22,D1,2022-05-17,1652745600,2.674,2.784,2.674,2.765,31,1,69,30.0
34,-10,Z2YY,Z2YYK22,D1,2022-05-18,1652832000,2.765,2.795,2.724,2.733,46,1,183,90.0
35,-9,Z2YY,Z2YYK22,D1,2022-05-19,1652918400,2.721,2.721,2.64,2.675,76,1,552,268.0
36,-8,Z2YY,Z2YYK22,D1,2022-05-20,1653004800,2.6790000000000003,2.698,2.606,2.629,100,1,442,392.0
37,-7,Z2YY,Z2YYK22,D1,2022-05-22,1653177600,2.647,2.65,2.647,2.65,2,1,2,332.0
38,-6,Z2YY,Z2YYK22,D1,2022-05-23,1653264000,2.6710000000000003,2.685,2.64,2.643,38,1,109,184.0
39,-5,Z2YY,Z2YYK22,D1,2022-05-24,1653350400,2.653,2.655,2.509,2.548,97,1,324,145.0
40,-4,Z2YY,Z2YYK22,D1,2022-05-25,1653436800,2.5380000000000003,2.5380000000000003,2.48,2.504,102,1,305,246.0
41,-3,Z2YY,Z2YYK22,D1,2022-05-26,1653523200,2.466,2.5,2.441,2.481,57,1,123,251.0
42,-2,Z2YY,Z2YYK22,D1,2022-05-27,1653609600,2.461,2.52,2.438,2.481,289,1,1494,641.0
43,-1,Z2YY,Z2YYK22,D1,2022-05-30,1653868800,2.514,2.58,2.514,2.58,9,0,15,544.0
44,0,Z2YY,Z2YYK22,D1,2022-05-31,1653955200,2.499,2.573,2.499,2.573,28,1,146,552.0
15,-22,Z2YY,Z2YYM22,D1,2022-06-01,1654041600,2.681,2.758,2.657,2.742,56,1,218,82.0
16,-21,Z2YY,Z2YYM22,D1,2022-06-02,1654128000,2.752,2.756,2.722,2.732,44,1,123,118.0
17,-20,Z2YY,Z2YYM22,D1,2022-06-03,1654214400,2.72,2.767,2.703,2.732,27,1,56,132.0
18,-19,Z2YY,Z2YYM22,D1,2022-06-06,1654473600,2.775,2.81,2.751,2.803,56,1,177,119.0
19,-18,Z2YY,Z2YYM22,D1,2022-06-07,1654560000,2.817,2.817,2.772,2.809,14,1,28,87.0
20,-17,Z2YY,Z2YYM22,D1,2022-06-08,1654646400,2.817,2.85,2.814,2.85,37,1,81,95.0
21,-16,Z2YY,Z2YYM22,D1,2022-06-09,1654732800,2.85,2.907,2.847,2.897,59,1,132,80.0
22,-15,Z2YY,Z2YYM22,D1,2022-06-10,1654819200,2.876,3.138,2.876,3.119,111,0,256,156.0
23,-14,Z2YY,Z2YYM22,D1,2022-06-12,1654992000,3.198,3.216,3.176,3.195,17,1,29,139.0
24,-13,Z2YY,Z2YYM22,D1,2022-06-13,1655078400,3.195,3.471,3.191,3.407,252,1,582,289.0
25,-12,Z2YY,Z2YYM22,D1,2022-06-14,1655164800,3.448,3.488,3.297,3.487,186,1,352,321.0
26,-11,Z2YY,Z2YYM22,D1,2022-06-15,1655251200,3.437,3.48,3.249,3.295,261,1,808,581.0
27,-10,Z2YY,Z2YYM22,D1,2022-06-16,1655337600,3.289,3.456,3.192,3.221,95,1,235,465.0
28,-9,Z2YY,Z2YYM22,D1,2022-06-17,1655424000,3.239,3.275,3.146,3.253,89,1,192,412.0
29,-8,Z2YY,Z2YYM22,D1,2022-06-20,1655683200,3.249,3.271,3.218,3.271,12,3,23,150.0
30,-7,Z2YY,Z2YYM22,D1,2022-06-21,1655769600,3.271,3.296,3.214,3.24,90,0,441,219.0
31,-6,Z2YY,Z2YYM22,D1,2022-06-22,1655856000,3.24,3.24,3.075,3.08,128,1,315,260.0
32,-5,Z2YY,Z2YYM22,D1,2022-06-23,1655942400,3.074,3.113,2.907,3.058,134,1,432,396.0
33,-4,Z2YY,Z2YYM22,D1,2022-06-24,1656028800,3.068,3.115,2.974,3.091,244,0,1469,739.0
34,-3,Z2YY,Z2YYM22,D1,2022-06-27,1656288000,3.093,3.13,3.057,3.112,112,1,878,926.0
35,-2,Z2YY,Z2YYM22,D1,2022-06-28,1656374400,3.13,3.147,3.108,3.11,158,1,1419,1255.0
36,-1,Z2YY,Z2YYM22,D1,2022-06-29,1656460800,3.102,3.129,3.026,3.026,108,1,725,1007.0
37,0,Z2YY,Z2YYM22,D1,2022-06-30,1656547200,2.988,2.996,2.94,2.941,17,2,132,759.0
16,-23,Z2YY,Z2YYN22,D1,2022-07-01,1656633600,3.03,3.03,2.8040000000000003,2.891,79,1,164,80.0
17,-22,Z2YY,Z2YYN22,D1,2022-07-03,1656806400,2.91,2.9130000000000003,2.886,2.9,20,1,66,95.0
18,-21,Z2YY,Z2YYN22,D1,2022-07-04,1656892800,2.902,2.96,2.902,2.95,26,1,37,89.0
19,-20,Z2YY,Z2YYN22,D1,2022-07-05,1656979200,2.95,2.99,2.843,2.884,143,1,555,219.0
20,-19,Z2YY,Z2YYN22,D1,2022-07-06,1657065600,2.912,3.053,2.828,3.043,74,1,242,278.0
21,-18,Z2YY,Z2YYN22,D1,2022-07-07,1657152000,3.029,3.111,3.006,3.063,89,1,239,345.0
22,-17,Z2YY,Z2YYN22,D1,2022-07-08,1657238400,3.068,3.177,3.04,3.158,76,1,193,225.0
23,-16,Z2YY,Z2YYN22,D1,2022-07-11,1657497600,3.167,3.171,3.065,3.112,84,1,222,218.0
24,-15,Z2YY,Z2YYN22,D1,2022-07-12,1657584000,3.082,3.092,3.037,3.079,92,1,172,196.0
25,-14,Z2YY,Z2YYN22,D1,2022-07-13,1657670400,3.11,3.25,3.078,3.2,239,0,585,326.0
26,-13,Z2YY,Z2YYN22,D1,2022-07-14,1657756800,3.19,3.305,3.151,3.158,201,1,472,410.0
27,-12,Z2YY,Z2YYN22,D1,2022-07-15,1657843200,3.146,3.202,3.117,3.16,68,1,209,422.0
28,-11,Z2YY,Z2YYN22,D1,2022-07-17,1658016000,3.157,3.157,3.157,3.157,1,12,1,227.0
29,-10,Z2YY,Z2YYN22,D1,2022-07-18,1658102400,3.144,3.211,3.144,3.188,39,1,70,93.0
30,-9,Z2YY,Z2YYN22,D1,2022-07-19,1658188800,3.18,3.263,3.167,3.263,55,1,208,93.0
31,-8,Z2YY,Z2YYN22,D1,2022-07-20,1658275200,3.249,3.27,3.185,3.245,63,1,112,130.0
32,-7,Z2YY,Z2YYN22,D1,2022-07-21,1658361600,3.24,3.272,3.097,3.116,122,0,276,199.0
33,-6,Z2YY,Z2YYN22,D1,2022-07-22,1658448000,3.112,3.142,2.91,2.987,126,1,276,221.0
34,-5,Z2YY,Z2YYN22,D1,2022-07-24,1658620800,2.998,3.016,2.998,3.016,4,1,9,187.0
35,-4,Z2YY,Z2YYN22,D1,2022-07-25,1658707200,3.025,3.039,2.985,3.024,32,1,112,132.0
36,-3,Z2YY,Z2YYN22,D1,2022-07-26,1658793600,3.022,3.055,2.98,3.052,130,1,589,237.0
37,-2,Z2YY,Z2YYN22,D1,2022-07-27,1658880000,3.065,3.087,2.971,2.99,134,1,435,379.0
38,-1,Z2YY,Z2YYN22,D1,2022-07-28,1658966400,2.986,3.013,2.831,2.862,97,1,384,469.0
39,0,Z2YY,Z2YYN22,D1,2022-07-29,1659052800,2.851,2.939,2.847,2.895,14,3,72,297.0
18,-24,Z2YY,Z2YYQ22,D1,2022-08-01,1659312000,2.905,2.941,2.886,2.888,50,1,104,101.0
19,-23,Z2YY,Z2YYQ22,D1,2022-08-02,1659398400,2.876,3.104,2.85,3.068,84,1,124,110.0
20,-22,Z2YY,Z2YYQ22,D1,2022-08-03,1659484800,3.039,3.2,3.039,3.12,85,1,136,121.0
21,-21,Z2YY,Z2YYQ22,D1,2022-08-04,1659571200,3.101,3.139,3.04,3.07,70,1,142,134.0
22,-20,Z2YY,Z2YYQ22,D1,2022-08-05,1659657600,3.065,3.273,3.065,3.258,116,1,395,224.0
23,-19,Z2YY,Z2YYQ22,D1,2022-08-07,1659830400,3.28,3.289,3.28,3.289,2,6,2,180.0
24,-18,Z2YY,Z2YYQ22,D1,2022-08-08,1659916800,3.269,3.27,3.212,3.226,63,1,77,158.0
25,-17,Z2YY,Z2YYQ22,D1,2022-08-09,1660003200,3.217,3.289,3.217,3.289,87,1,114,64.0
26,-16,Z2YY,Z2YYQ22,D1,2022-08-10,1660089600,3.287,3.3,3.1,3.225,105,1,188,126.0
27,-15,Z2YY,Z2YYQ22,D1,2022-08-11,1660176000,3.223,3.248,3.15,3.245,107,1,178,160.0
28,-14,Z2YY,Z2YYQ22,D1,2022-08-12,1660262400,3.235,3.272,3.195,3.255,54,1,103,156.0
29,-13,Z2YY,Z2YYQ22,D1,2022-08-15,1660521600,3.263,3.275,3.186,3.193,72,1,139,140.0
30,-12,Z2YY,Z2YYQ22,D1,2022-08-16,1660608000,3.18,3.27,3.18,3.263,68,1,111,118.0
31,-11,Z2YY,Z2YYQ22,D1,2022-08-17,1660694400,3.27,3.368,3.265,3.294,125,1,238,163.0
32,-10,Z2YY,Z2YYQ22,D1,2022-08-18,1660780800,3.293,3.299,3.216,3.216,81,1,172,174.0
33,-9,Z2YY,Z2YYQ22,D1,2022-08-19,1660867200,3.206,3.299,3.206,3.274,95,1,212,207.0
34,-8,Z2YY,Z2YYQ22,D1,2022-08-21,1661040000,3.244,3.244,3.244,3.244,1,25,1,128.0
35,-7,Z2YY,Z2YYQ22,D1,2022-08-22,1661126400,3.261,3.353,3.249,3.322,110,1,221,145.0
36,-6,Z2YY,Z2YYQ22,D1,2022-08-23,1661212800,3.311,3.35,3.243,3.302,145,1,276,166.0
37,-5,Z2YY,Z2YYQ22,D1,2022-08-24,1661299200,3.303,3.399,3.28,3.383,202,1,610,369.0
38,-4,Z2YY,Z2YYQ22,D1,2022-08-25,1661385600,3.376,3.384,3.34,3.376,156,1,318,401.0
39,-3,Z2YY,Z2YYQ22,D1,2022-08-26,1661472000,3.387,3.439,3.349,3.381,143,1,306,411.0
40,-2,Z2YY,Z2YYQ22,D1,2022-08-29,1661731200,3.439,3.469,3.396,3.417,160,0,389,338.0
41,-1,Z2YY,Z2YYQ22,D1,2022-08-30,1661817600,3.408,3.499,3.402,3.459,99,1,258,318.0
42,0,Z2YY,Z2YYQ22,D1,2022-08-31,1661904000,3.469,3.469,3.441,3.453,4,8,5,217.0
26,-24,Z2YY,Z2YYU22,D1,2022-09-01,1661990400,3.486,3.56,3.46,3.545,83,1,134,127.0
27,-23,Z2YY,Z2YYU22,D1,2022-09-02,1662076800,3.532,3.532,3.403,3.403,108,1,188,136.0
28,-22,Z2YY,Z2YYU22,D1,2022-09-04,1662249600,3.4,3.4,3.384,3.384,12,1,17,113.0
29,-21,Z2YY,Z2YYU22,D1,2022-09-05,1662336000,3.413,3.475,3.408,3.465,39,1,56,87.0
30,-20,Z2YY,Z2YYU22,D1,2022-09-06,1662422400,3.444,3.54,3.442,3.537,100,1,163,79.0
31,-19,Z2YY,Z2YYU22,D1,2022-09-07,1662508800,3.532,3.532,3.458,3.458,53,1,117,112.0
32,-18,Z2YY,Z2YYU22,D1,2022-09-08,1662595200,3.469,3.53,3.429,3.524,57,1,116,132.0
33,-17,Z2YY,Z2YYU22,D1,2022-09-09,1662681600,3.497,3.59,3.474,3.572,52,1,88,107.0
34,-16,Z2YY,Z2YYU22,D1,2022-09-12,1662940800,3.558,3.599,3.527,3.565,119,1,263,156.0
35,-15,Z2YY,Z2YYU22,D1,2022-09-13,1663027200,3.55,3.8,3.528,3.76,184,0,359,237.0
36,-14,Z2YY,Z2YYU22,D1,2022-09-14,1663113600,3.789,3.846,3.748,3.818,205,1,358,327.0
37,-13,Z2YY,Z2YYU22,D1,2022-09-15,1663200000,3.815,3.897,3.815,3.878,122,1,196,304.0
38,-12,Z2YY,Z2YYU22,D1,2022-09-16,1663286400,3.888,3.941,3.87,3.889,176,1,277,277.0
39,-11,Z2YY,Z2YYU22,D1,2022-09-18,1663459200,3.905,3.906,3.875,3.875,6,1,12,162.0
40,-10,Z2YY,Z2YYU22,D1,2022-09-19,1663545600,3.885,3.979,3.885,3.955,166,1,279,189.0
41,-9,Z2YY,Z2YYU22,D1,2022-09-20,1663632000,3.947,4.001,3.947,3.985,242,1,485,259.0
42,-8,Z2YY,Z2YYU22,D1,2022-09-21,1663718400,3.973,4.1,3.935,4.075,365,1,569,444.0
43,-7,Z2YY,Z2YYU22,D1,2022-09-22,1663804800,4.08,4.18,4.062,4.138,352,1,675,576.0
44,-6,Z2YY,Z2YYU22,D1,2022-09-23,1663891200,4.146,4.268,4.136,4.21,213,1,379,541.0
45,-5,Z2YY,Z2YYU22,D1,2022-09-25,1664064000,4.228,4.26,4.228,4.26,11,9,18,357.0
46,-4,Z2YY,Z2YYU22,D1,2022-09-26,1664150400,4.265,4.363,4.215,4.322,222,1,342,246.0
47,-3,Z2YY,Z2YYU22,D1,2022-09-27,1664236800,4.319,4.341,4.22,4.291,319,1,642,334.0
48,-2,Z2YY,Z2YYU22,D1,2022-09-28,1664323200,4.305,4.314,4.081,4.149,393,0,859,614.0
49,-1,Z2YY,Z2YYU22,D1,2022-09-29,1664409600,4.139,4.22,4.139,4.177,220,1,432,644.0
50,0,Z2YY,Z2YYU22,D1,2022-09-30,1664496000,4.177,4.207,4.124,4.15,32,1,75,455.0
24,-24,Z2YY,Z2YYV22,D1,2022-10-02,1664668800,4.31,4.31,4.3,4.3,2,18,2,203.0
25,-23,Z2YY,Z2YYV22,D1,2022-10-03,1664755200,4.305,4.305,4.115,4.178,213,1,588,329.0
26,-22,Z2YY,Z2YYV22,D1,2022-10-04,1664841600,4.144,4.175,4.06,4.158,215,1,459,350.0
27,-21,Z2YY,Z2YYV22,D1,2022-10-05,1664928000,4.149,4.258,4.133,4.224,202,1,567,538.0
28,-20,Z2YY,Z2YYV22,D1,2022-10-06,1665014400,4.219,4.32,4.21,4.305,156,1,337,454.0
29,-19,Z2YY,Z2YYV22,D1,2022-10-07,1665100800,4.321,4.385,4.312,4.35,176,1,331,412.0
30,-18,Z2YY,Z2YYV22,D1,2022-10-09,1665273600,4.339,4.357,4.339,4.348,3,2,10,226.0
31,-17,Z2YY,Z2YYV22,D1,2022-10-10,1665360000,4.341,4.417,4.34,4.386,107,1,165,169.0
32,-16,Z2YY,Z2YYV22,D1,2022-10-11,1665446400,4.355,4.416,4.32,4.365,93,1,176,117.0
33,-15,Z2YY,Z2YYV22,D1,2022-10-12,1665532800,4.352,4.364,4.315,4.325,100,1,212,184.0
34,-14,Z2YY,Z2YYV22,D1,2022-10-13,1665619200,4.346,4.549,4.295,4.485,467,0,1069,486.0
35,-13,Z2YY,Z2YYV22,D1,2022-10-14,1665705600,4.468,4.514,4.4,4.494,137,1,242,508.0
36,-12,Z2YY,Z2YYV22,D1,2022-10-16,1665878400,4.49,4.5,4.474,4.474,6,1,12,441.0
37,-11,Z2YY,Z2YYV22,D1,2022-10-17,1665964800,4.489,4.49,4.394,4.438,120,1,246,167.0
38,-10,Z2YY,Z2YYV22,D1,2022-10-18,1666051200,4.438,4.453,4.373,4.417,168,1,407,222.0
39,-9,Z2YY,Z2YYV22,D1,2022-10-19,1666137600,4.434,4.543,4.427,4.543,162,1,306,320.0
40,-8,Z2YY,Z2YYV22,D1,2022-10-20,1666224000,4.561,4.618,4.55,4.609,212,1,460,391.0
41,-7,Z2YY,Z2YYV22,D1,2022-10-21,1666310400,4.603,4.649,4.474,4.488,356,1,762,509.0
42,-6,Z2YY,Z2YYV22,D1,2022-10-23,1666483200,4.472,4.489,4.472,4.489,4,2,4,409.0
43,-5,Z2YY,Z2YYV22,D1,2022-10-24,1666569600,4.476,4.526,4.408,4.48,200,1,348,371.0
44,-4,Z2YY,Z2YYV22,D1,2022-10-25,1666656000,4.48,4.488,4.389,4.456,118,0,248,200.0
45,-3,Z2YY,Z2YYV22,D1,2022-10-26,1666742400,4.46,4.462,4.3870000000000005,4.407,97,1,195,264.0
46,-2,Z2YY,Z2YYV22,D1,2022-10-27,1666828800,4.428,4.459,4.271,4.281,318,1,778,407.0
47,-1,Z2YY,Z2YYV22,D1,2022-10-28,1666915200,4.281,4.433,4.281,4.433,138,0,338,437.0
24,-26,Z2YY,Z2YYX22,D1,2022-10-30,1667088000,4.425,4.425,4.425,4.425,1,49,1,95.0
48,0,Z2YY,Z2YYV22,D1,2022-10-31,1667174400,4.43,4.507,4.43,4.507,28,1,77,398.0
26,-24,Z2YY,Z2YYX22,D1,2022-11-01,1667260800,4.482,4.543,4.398,4.539,295,1,589,217.0
27,-23,Z2YY,Z2YYX22,D1,2022-11-02,1667347200,4.535,4.617,4.425,4.606,270,1,488,380.0
28,-22,Z2YY,Z2YYX22,D1,2022-11-03,1667433600,4.606,4.725,4.582,4.71,386,1,649,575.0
29,-21,Z2YY,Z2YYX22,D1,2022-11-04,1667520000,4.7,4.79,4.64,4.665,366,1,808,648.0
30,-20,Z2YY,Z2YYX22,D1,2022-11-07,1667779200,4.666,4.713,4.663,4.713,114,1,158,538.0
31,-19,Z2YY,Z2YYX22,D1,2022-11-08,1667865600,4.7,4.72,4.638,4.648,131,1,306,424.0
32,-18,Z2YY,Z2YYX22,D1,2022-11-09,1667952000,4.656,4.68,4.561,4.58,149,1,270,245.0
33,-17,Z2YY,Z2YYX22,D1,2022-11-10,1668038400,4.608,4.615,4.29,4.321,310,0,508,361.0
34,-16,Z2YY,Z2YYX22,D1,2022-11-11,1668124800,4.338,4.3870000000000005,4.321,4.333,78,1,104,294.0
35,-15,Z2YY,Z2YYX22,D1,2022-11-13,1668297600,4.39,4.4,4.39,4.4,3,8,3,205.0
36,-14,Z2YY,Z2YYX22,D1,2022-11-14,1668384000,4.415,4.435,4.371,4.381,82,1,138,82.0
37,-13,Z2YY,Z2YYX22,D1,2022-11-15,1668470400,4.384,4.39,4.308,4.336,158,1,299,147.0
38,-12,Z2YY,Z2YYX22,D1,2022-11-16,1668556800,4.315,4.382,4.31,4.335,122,1,200,212.0
39,-11,Z2YY,Z2YYX22,D1,2022-11-17,1668643200,4.341,4.458,4.329,4.436,191,1,307,269.0
40,-10,Z2YY,Z2YYX22,D1,2022-11-18,1668729600,4.429,4.506,4.425,4.506,90,1,151,219.0
41,-9,Z2YY,Z2YYX22,D1,2022-11-20,1668902400,4.486,4.491,4.486,4.49,4,1,5,154.0
42,-8,Z2YY,Z2YYX22,D1,2022-11-21,1668988800,4.49,4.533,4.465,4.533,159,1,316,157.0
43,-7,Z2YY,Z2YYX22,D1,2022-11-22,1669075200,4.523,4.53,4.485,4.49,144,1,212,178.0
44,-6,Z2YY,Z2YYX22,D1,2022-11-23,1669161600,4.522,4.565,4.47,4.493,250,0,412,313.0
45,-5,Z2YY,Z2YYX22,D1,2022-11-24,1669248000,4.469,4.471,4.42,4.436,39,1,64,229.0
46,-4,Z2YY,Z2YYX22,D1,2022-11-25,1669334400,4.436,4.516,4.42,4.485,185,1,345,274.0
47,-3,Z2YY,Z2YYX22,D1,2022-11-27,1669507200,4.49,4.49,4.464,4.472,6,1,11,140.0
48,-2,Z2YY,Z2YYX22,D1,2022-11-28,1669593600,4.467,4.48,4.43,4.446,267,0,502,286.0
49,-1,Z2YY,Z2YYX22,D1,2022-11-29,1669680000,4.468,4.53,4.412,4.489,204,1,477,330.0
50,0,Z2YY,Z2YYX22,D1,2022-11-30,1669766400,4.49,4.541,4.41,4.41,24,0,84,354.0
27,-23,Z2YY,Z2YYZ22,D1,2022-12-01,1669852800,4.38,4.38,4.218,4.238,175,1,317,222.0
28,-22,Z2YY,Z2YYZ22,D1,2022-12-02,1669939200,4.232,4.373,4.171,4.255,117,1,169,217.0
29,-21,Z2YY,Z2YYZ22,D1,2022-12-04,1670112000,4.288,4.301,4.285,4.297,7,3,17,168.0
30,-20,Z2YY,Z2YYZ22,D1,2022-12-05,1670198400,4.305,4.395,4.28,4.369,92,1,150,112.0
31,-19,Z2YY,Z2YYZ22,D1,2022-12-06,1670284800,4.353,4.3870000000000005,4.332,4.353,94,1,194,120.0
32,-18,Z2YY,Z2YYZ22,D1,2022-12-07,1670371200,4.352,4.362,4.222,4.248,78,1,140,161.0
33,-17,Z2YY,Z2YYZ22,D1,2022-12-08,1670457600,4.255,4.302,4.247,4.295,60,1,120,151.0
34,-16,Z2YY,Z2YYZ22,D1,2022-12-09,1670544000,4.285,4.329,4.235,4.322,78,1,148,136.0
35,-15,Z2YY,Z2YYZ22,D1,2022-12-11,1670716800,4.327,4.327,4.327,4.327,1,12,1,90.0
36,-14,Z2YY,Z2YYZ22,D1,2022-12-12,1670803200,4.324,4.3870000000000005,4.304,4.346,71,1,131,93.0
37,-13,Z2YY,Z2YYZ22,D1,2022-12-13,1670889600,4.34,4.345,4.096,4.205,162,0,302,145.0
38,-12,Z2YY,Z2YYZ22,D1,2022-12-14,1670976000,4.176,4.252,4.132,4.185,141,1,242,225.0
39,-11,Z2YY,Z2YYZ22,D1,2022-12-15,1671062400,4.203,4.235,4.155,4.195,94,0,181,242.0
40,-10,Z2YY,Z2YYZ22,D1,2022-12-16,1671148800,4.212,4.25,4.115,4.132,169,1,253,225.0
41,-9,Z2YY,Z2YYZ22,D1,2022-12-18,1671321600,4.148,4.164,4.148,4.164,4,1,8,147.0
42,-8,Z2YY,Z2YYZ22,D1,2022-12-19,1671408000,4.161,4.214,4.129,4.214,93,1,133,131.0
43,-7,Z2YY,Z2YYZ22,D1,2022-12-20,1671494400,4.208,4.271,4.205,4.222,138,1,182,108.0
44,-6,Z2YY,Z2YYZ22,D1,2022-12-21,1671580800,4.23,4.23,4.16,4.177,59,1,90,135.0
45,-5,Z2YY,Z2YYZ22,D1,2022-12-22,1671667200,4.18,4.234,4.155,4.23,58,1,108,127.0
46,-4,Z2YY,Z2YYZ22,D1,2022-12-23,1671753600,4.23,4.284,4.23,4.28,125,1,204,134.0
47,-3,Z2YY,Z2YYZ22,D1,2022-12-27,1672099200,4.281,4.385,4.277,4.349,192,0,314,209.0
48,-2,Z2YY,Z2YYZ22,D1,2022-12-28,1672185600,4.337,4.366,4.327,4.351,301,1,636,385.0
49,-1,Z2YY,Z2YYZ22,D1,2022-12-29,1672272000,4.344,4.386,4.344,4.362,184,1,278,409.0
50,0,Z2YY,Z2YYZ22,D1,2022-12-30,1672358400,4.374,4.444,4.373,4.44,29,1,42,319.0
24,-23,Z2YY,Z2YYF23,D1,2023-01-03,1672704000,4.35,4.354,4.305,4.331,104,0,213,179.0
25,-22,Z2YY,Z2YYF23,D1,2023-01-04,1672790400,4.318,4.338,4.275,4.304,139,0,208,193.0
26,-21,Z2YY,Z2YYF23,D1,2023-01-05,1672876800,4.327,4.435,4.327,4.404,178,0,266,229.0
27,-20,Z2YY,Z2YYF23,D1,2023-01-06,1672963200,4.419,4.442,4.201,4.223,235,0,241,238.0
28,-19,Z2YY,Z2YYF23,D1,2023-01-08,1673136000,4.222,4.235,4.222,4.235,2,0,2,170.0
29,-18,Z2YY,Z2YYF23,D1,2023-01-09,1673222400,4.225,4.256,4.142,4.172,128,0,226,156.0
30,-17,Z2YY,Z2YYF23,D1,2023-01-10,1673308800,4.168,4.232,4.168,4.2,75,0,116,115.0
31,-16,Z2YY,Z2YYF23,D1,2023-01-11,1673395200,4.2,4.213,4.17,4.176,37,0,81,141.0
32,-15,Z2YY,Z2YYF23,D1,2023-01-12,1673481600,4.184,4.229,4.069,4.096,321,0,321,173.0
33,-14,Z2YY,Z2YYF23,D1,2023-01-13,1673568000,4.115,4.185,4.07,4.173,99,0,119,174.0
34,-13,Z2YY,Z2YYF23,D1,2023-01-15,1673740800,4.173,4.177,4.173,4.177,5,0,3,148.0
35,-12,Z2YY,Z2YYF23,D1,2023-01-16,1673827200,4.177,4.187,4.165,4.181,18,0,26,49.0
36,-11,Z2YY,Z2YYF23,D1,2023-01-17,1673913600,4.202,4.205,4.129,4.162,59,0,74,34.0
37,-10,Z2YY,Z2YYF23,D1,2023-01-18,1674000000,4.139,4.15,4.024,4.037,157,0,153,84.0
38,-9,Z2YY,Z2YYF23,D1,2023-01-19,1674086400,4.037,4.085,3.998,4.08,65,0,63,97.0
39,-8,Z2YY,Z2YYF23,D1,2023-01-20,1674172800,4.08,4.14,4.08,4.114,52,0,45,87.0
40,-7,Z2YY,Z2YYF23,D1,2023-01-23,1674432000,4.104,4.175,4.085,4.166,95,0,130,79.0
41,-6,Z2YY,Z2YYF23,D1,2023-01-24,1674518400,4.143,4.182,4.127,4.142,271,0,361,179.0
42,-5,Z2YY,Z2YYF23,D1,2023-01-25,1674604800,4.127,4.153,4.115,4.131,96,0,159,217.0
43,-4,Z2YY,Z2YYF23,D1,2023-01-26,1674691200,4.129,4.187,4.124,4.179,134,0,181,234.0
44,-3,Z2YY,Z2YYF23,D1,2023-01-27,1674777600,4.169,4.219,4.169,4.205,142,0,231,190.0
45,-2,Z2YY,Z2YYF23,D1,2023-01-29,1674950400,4.21,4.21,4.198,4.205,4,5,5,139.0
46,-1,Z2YY,Z2YYF23,D1,2023-01-30,1675036800,4.209,4.272,4.198,4.23,262,1,514,250.0
47,0,Z2YY,Z2YYF23,D1,2023-01-31,1675123200,4.23,4.244,4.203,4.205,24,1,37,185.0
25,-22,Z2YY,Z2YYG23,D1,2023-02-01,1675209600,4.131,4.163,4.007,4.024,170,1,229,162.0
26,-21,Z2YY,Z2YYG23,D1,2023-02-02,1675296000,4.033,4.048,3.966,4.023,131,1,178,153.0
27,-20,Z2YY,Z2YYG23,D1,2023-02-03,1675382400,4.019,4.217,4.008,4.194,209,1,292,233.0
28,-19,Z2YY,Z2YYG23,D1,2023-02-05,1675555200,4.228,4.265,4.228,4.265,10,3,11,160.0
29,-18,Z2YY,Z2YYG23,D1,2023-02-06,1675641600,4.27,4.397,4.25,4.388,219,1,316,206.0
30,-17,Z2YY,Z2YYG23,D1,2023-02-07,1675728000,4.372,4.382,4.301,4.368,120,1,182,170.0
31,-16,Z2YY,Z2YYG23,D1,2023-02-08,1675814400,4.35,4.384,4.319,4.322,157,1,291,263.0
32,-15,Z2YY,Z2YYG23,D1,2023-02-09,1675900800,4.322,4.407,4.316,4.372,232,0,424,299.0
33,-14,Z2YY,Z2YYG23,D1,2023-02-10,1675987200,4.351,4.445,4.351,4.418,168,0,448,388.0
34,-13,Z2YY,Z2YYG23,D1,2023-02-12,1676160000,4.393,4.394,4.393,4.394,4,15,4,292.0
35,-12,Z2YY,Z2YYG23,D1,2023-02-13,1676246400,4.407,4.45,4.388,4.418,62,1,139,197.0
36,-11,Z2YY,Z2YYG23,D1,2023-02-14,1676332800,4.4030000000000005,4.537,4.33,4.509,183,1,300,148.0
37,-10,Z2YY,Z2YYG23,D1,2023-02-15,1676419200,4.513,4.576,4.496,4.53,142,1,232,224.0
38,-9,Z2YY,Z2YYG23,D1,2023-02-16,1676505600,4.534,4.61,4.48,4.593,379,0,1061,531.0
39,-8,Z2YY,Z2YYG23,D1,2023-02-17,1676592000,4.607,4.658,4.575,4.582,88,1,141,478.0
40,-7,Z2YY,Z2YYG23,D1,2023-02-20,1676851200,4.607,4.623,4.595,4.623,19,1,23,408.0
41,-6,Z2YY,Z2YYG23,D1,2023-02-21,1676937600,4.603,4.705,4.601,4.701,175,1,398,187.0
42,-5,Z2YY,Z2YYG23,D1,2023-02-22,1677024000,4.692,4.708,4.655,4.694,133,0,213,211.0
43,-4,Z2YY,Z2YYG23,D1,2023-02-23,1677110400,4.7,4.72,4.676,4.715,141,0,233,281.0
44,-3,Z2YY,Z2YYG23,D1,2023-02-24,1677196800,4.709,4.966,4.705,4.835,319,1,683,376.0
45,-2,Z2YY,Z2YYG23,D1,2023-02-26,1677369600,4.8100000000000005,4.813,4.805,4.813,10,3,11,309.0
46,-1,Z2YY,Z2YYG23,D1,2023-02-27,1677456000,4.801,4.864,4.774,4.798,438,0,1088,594.0
47,0,Z2YY,Z2YYG23,D1,2023-02-28,1677542400,4.805,4.825,4.786,4.786,44,1,80,393.0
21,-25,Z2YY,Z2YYH23,D1,2023-03-01,1677628800,4.648,4.807,4.64,4.771,215,1,377,407.0
22,-24,Z2YY,Z2YYH23,D1,2023-03-02,1677715200,4.79,4.824,4.757,4.802,66,1,86,208.0
23,-23,Z2YY,Z2YYH23,D1,2023-03-03,1677801600,4.802,4.802,4.701,4.765,93,1,113,192.0
24,-22,Z2YY,Z2YYH23,D1,2023-03-06,1678060800,4.75,4.847,4.701,4.836,209,1,355,185.0
25,-21,Z2YY,Z2YYH23,D1,2023-03-07,1678147200,4.827,4.948,4.8,4.946,304,1,458,309.0
26,-20,Z2YY,Z2YYH23,D1,2023-03-08,1678233600,4.95,4.998,4.896,4.989,165,1,224,346.0
27,-19,Z2YY,Z2YYH23,D1,2023-03-09,1678320000,4.981,4.984,4.76,4.773,239,1,301,328.0
28,-18,Z2YY,Z2YYH23,D1,2023-03-10,1678406400,4.744,4.786,4.515,4.545,511,1,718,414.0
29,-17,Z2YY,Z2YYH23,D1,2023-03-12,1678579200,4.499,4.499,4.265,4.445,110,0,152,390.0
30,-16,Z2YY,Z2YYH23,D1,2023-03-13,1678665600,4.459,4.466,3.97,4.036,1120,0,2058,976.0
31,-15,Z2YY,Z2YYH23,D1,2023-03-14,1678752000,4.037,4.343,3.832,4.238,652,0,973,1061.0
32,-14,Z2YY,Z2YYH23,D1,2023-03-15,1678838400,4.255,4.313,3.737,3.909,813,0,1310,1447.0
33,-13,Z2YY,Z2YYH23,D1,2023-03-16,1678924800,3.868,4.152,3.825,4.128,521,1,877,1053.0
34,-12,Z2YY,Z2YYH23,D1,2023-03-17,1679011200,4.135,4.216,3.796,3.811,474,0,724,970.0
35,-11,Z2YY,Z2YYH23,D1,2023-03-19,1679184000,3.822,3.891,3.782,3.867,78,1,84,562.0
36,-10,Z2YY,Z2YYH23,D1,2023-03-20,1679270400,3.865,3.97,3.62,3.907,490,1,637,482.0
37,-9,Z2YY,Z2YYH23,D1,2023-03-21,1679356800,3.913,4.149,3.876,4.126,286,1,385,369.0
38,-8,Z2YY,Z2YYH23,D1,2023-03-22,1679443200,4.114,4.217,3.883,3.939,411,0,569,530.0
39,-7,Z2YY,Z2YYH23,D1,2023-03-23,1679529600,3.936,3.979,3.71,3.836,287,1,461,472.0
40,-6,Z2YY,Z2YYH23,D1,2023-03-24,1679616000,3.805,3.815,3.519,3.729,399,1,610,547.0
41,-5,Z2YY,Z2YYH23,D1,2023-03-26,1679788800,3.75,3.778,3.75,3.76,9,1,10,360.0
42,-4,Z2YY,Z2YYH23,D1,2023-03-27,1679875200,3.752,3.978,3.736,3.972,246,0,382,334.0
43,-3,Z2YY,Z2YYH23,D1,2023-03-28,1679961600,3.963,4.089,3.93,4.085,221,1,417,270.0
44,-2,Z2YY,Z2YYH23,D1,2023-03-29,1680048000,4.075,4.133,4.011,4.094,204,1,343,381.0
45,-1,Z2YY,Z2YYH23,D1,2023-03-30,1680134400,4.101,4.152,4.04,4.098,207,1,424,395.0
46,0,Z2YY,Z2YYH23,D1,2023-03-31,1680220800,4.115,4.14,4.06,4.06,28,1,37,268.0
29,-23,Z2YY,Z2YYJ23,D1,2023-04-02,1680393600,3.984,4.051,3.984,4.02,14,0,32,86.0
30,-22,Z2YY,Z2YYJ23,D1,2023-04-03,1680480000,4.011,4.05,3.88,3.89,210,0,213,118.0
31,-21,Z2YY,Z2YYJ23,D1,2023-04-04,1680566400,3.89,3.948,3.768,3.78,167,0,151,132.0
32,-20,Z2YY,Z2YYJ23,D1,2023-04-05,1680652800,3.778,3.838,3.6,3.726,368,0,239,201.0
33,-19,Z2YY,Z2YYJ23,D1,2023-04-06,1680739200,3.707,3.775,3.644,3.77,115,0,158,183.0
34,-18,Z2YY,Z2YYJ23,D1,2023-04-07,1680825600,3.771,3.89,3.765,3.873,104,0,71,156.0
35,-17,Z2YY,Z2YYJ23,D1,2023-04-09,1680998400,3.865,3.865,3.844,3.844,6,0,8,79.0
36,-16,Z2YY,Z2YYJ23,D1,2023-04-10,1681084800,3.863,3.934,3.836,3.92,102,0,179,86.0
37,-15,Z2YY,Z2YYJ23,D1,2023-04-11,1681171200,3.915,4.0,3.888,3.946,116,0,173,120.0
38,-14,Z2YY,Z2YYJ23,D1,2023-04-12,1681257600,3.95,3.986,3.803,3.87,275,0,248,200.0
39,-13,Z2YY,Z2YYJ23,D1,2023-04-13,1681344000,3.879,3.92,3.834,3.902,103,0,108,176.0
40,-12,Z2YY,Z2YYJ23,D1,2023-04-14,1681430400,3.912,4.055,3.9,3.996,298,0,233,196.0
41,-11,Z2YY,Z2YYJ23,D1,2023-04-16,1681603200,4.027,4.037,4.027,4.037,4,0,6,116.0
42,-10,Z2YY,Z2YYJ23,D1,2023-04-17,1681689600,4.036,4.128,4.015,4.111,118,0,195,145.0
43,-9,Z2YY,Z2YYJ23,D1,2023-04-18,1681776000,4.111,4.15,4.085,4.128,60,0,90,97.0
44,-8,Z2YY,Z2YYJ23,D1,2023-04-19,1681862400,4.14,4.205,4.1370000000000005,4.182,105,0,187,157.0
45,-7,Z2YY,Z2YYJ23,D1,2023-04-20,1681948800,4.186,4.188,4.087,4.101,121,0,200,159.0
46,-6,Z2YY,Z2YYJ23,D1,2023-04-21,1682035200,4.081,4.145,4.05,4.136,126,0,140,176.0
47,-5,Z2YY,Z2YYJ23,D1,2023-04-23,1682208000,4.134,4.134,4.134,4.134,1,10,1,114.0
48,-4,Z2YY,Z2YYJ23,D1,2023-04-24,1682294400,4.134,4.136,4.02,4.03,152,1,185,109.0
49,-3,Z2YY,Z2YYJ23,D1,2023-04-25,1682380800,4.03,4.038,3.876,3.93,175,1,214,133.0
50,-2,Z2YY,Z2YYJ23,D1,2023-04-26,1682467200,3.93,3.985,3.829,3.905,171,0,291,230.0
51,-1,Z2YY,Z2YYJ23,D1,2023-04-27,1682553600,3.9,4.1,3.885,4.08,194,1,363,289.0
52,0,Z2YY,Z2YYJ23,D1,2023-04-28,1682640000,4.071,4.093,4.03,4.063,38,1,51,235.0
23,-26,Z2YY,Z2YYK23,D1,2023-04-30,1682812800,3.952,3.968,3.95,3.968,4,2,13,79.0
24,-25,Z2YY,Z2YYK23,D1,2023-05-01,1682899200,3.974,4.061,3.974,4.059,54,1,68,60.0
25,-24,Z2YY,Z2YYK23,D1,2023-05-02,1682985600,4.038,4.062,3.867,3.901,127,1,161,81.0
26,-23,Z2YY,Z2YYK23,D1,2023-05-03,1683072000,3.902,3.909,3.705,3.734,88,1,121,117.0
27,-22,Z2YY,Z2YYK23,D1,2023-05-04,1683158400,3.734,3.837,3.6,3.716,150,1,220,167.0
28,-21,Z2YY,Z2YYK23,D1,2023-05-05,1683244800,3.705,3.854,3.705,3.819,158,1,244,195.0
29,-20,Z2YY,Z2YYK23,D1,2023-05-08,1683504000,3.84,3.94,3.84,3.94,54,1,76,180.0
30,-19,Z2YY,Z2YYK23,D1,2023-05-09,1683590400,3.911,3.981,3.888,3.941,65,1,128,149.0
31,-18,Z2YY,Z2YYK23,D1,2023-05-10,1683676800,3.938,3.976,3.809,3.83,127,1,215,140.0
32,-17,Z2YY,Z2YYK23,D1,2023-05-11,1683763200,3.84,3.85,3.747,3.818,71,1,134,159.0
33,-16,Z2YY,Z2YYK23,D1,2023-05-12,1683849600,3.827,3.925,3.798,3.913,71,1,117,155.0
34,-15,Z2YY,Z2YYK23,D1,2023-05-14,1684022400,3.927,3.927,3.927,3.927,2,105,3,85.0
35,-14,Z2YY,Z2YYK23,D1,2023-05-15,1684108800,3.916,3.951,3.9,3.947,52,1,68,63.0
36,-13,Z2YY,Z2YYK23,D1,2023-05-16,1684195200,3.937,4.045,3.9,3.996,89,1,149,73.0
37,-12,Z2YY,Z2YYK23,D1,2023-05-17,1684281600,4.004,4.1,3.99,4.081,89,1,163,127.0
38,-11,Z2YY,Z2YYK23,D1,2023-05-18,1684368000,4.076,4.2,4.076,4.175,105,1,216,176.0
39,-10,Z2YY,Z2YYK23,D1,2023-05-19,1684454400,4.17,4.269,4.126,4.232,219,1,393,257.0
40,-9,Z2YY,Z2YYK23,D1,2023-05-21,1684627200,4.121,4.121,4.121,4.121,3,27,4,204.0
41,-8,Z2YY,Z2YYK23,D1,2023-05-22,1684713600,4.162,4.267,4.156,4.246,120,1,193,197.0
42,-7,Z2YY,Z2YYK23,D1,2023-05-23,1684800000,4.246,4.341,4.246,4.26,168,1,260,152.0
43,-6,Z2YY,Z2YYK23,D1,2023-05-24,1684886400,4.25,4.391,4.235,4.376,153,0,210,221.0
44,-5,Z2YY,Z2YYK23,D1,2023-05-25,1684972800,4.373,4.542,4.373,4.542,148,1,248,239.0
45,-4,Z2YY,Z2YYK23,D1,2023-05-26,1685059200,4.539,4.634,4.485,4.574,169,1,254,237.0
46,-3,Z2YY,Z2YYK23,D1,2023-05-28,1685232000,4.6,4.61,4.584,4.606,7,8,8,170.0
47,-2,Z2YY,Z2YYK23,D1,2023-05-29,1685318400,4.601,4.602,4.561,4.58,14,2,17,93.0
48,-1,Z2YY,Z2YYK23,D1,2023-05-30,1685404800,4.5600000000000005,4.591,4.444,4.458,238,1,500,175.0
49,0,Z2YY,Z2YYK23,D1,2023-05-31,1685491200,4.45,4.451,4.367,4.383,39,1,59,192.0
21,-23,Z2YY,Z2YYM23,D1,2023-06-01,1685577600,4.3,4.366,4.236,4.259,129,1,183,197.0
22,-22,Z2YY,Z2YYM23,D1,2023-06-02,1685664000,4.249,4.42,4.242,4.395,102,1,126,167.0
23,-21,Z2YY,Z2YYM23,D1,2023-06-04,1685836800,4.418,4.433,4.412,4.429,8,3,12,107.0
24,-20,Z2YY,Z2YYM23,D1,2023-06-05,1685923200,4.43,4.49,4.358,4.358,76,1,114,84.0
25,-19,Z2YY,Z2YYM23,D1,2023-06-06,1686009600,4.369,4.45,4.346,4.414,79,1,116,81.0
26,-18,Z2YY,Z2YYM23,D1,2023-06-07,1686096000,4.405,4.52,4.4,4.482,78,1,108,113.0
27,-17,Z2YY,Z2YYM23,D1,2023-06-08,1686182400,4.473,4.5,4.4030000000000005,4.434,79,1,131,118.0
28,-16,Z2YY,Z2YYM23,D1,2023-06-09,1686268800,4.437,4.52,4.437,4.508,113,1,197,145.0
29,-15,Z2YY,Z2YYM23,D1,2023-06-11,1686441600,4.543,4.543,4.543,4.543,1,12,1,110.0
30,-14,Z2YY,Z2YYM23,D1,2023-06-12,1686528000,4.521,4.537,4.48,4.505,97,1,154,117.0
31,-13,Z2YY,Z2YYM23,D1,2023-06-13,1686614400,4.48,4.624,4.418,4.581,122,1,171,109.0
32,-12,Z2YY,Z2YYM23,D1,2023-06-14,1686700800,4.575,4.705,4.521,4.602,172,1,251,192.0
33,-11,Z2YY,Z2YYM23,D1,2023-06-15,1686787200,4.611,4.703,4.548,4.577,131,1,190,204.0
34,-10,Z2YY,Z2YYM23,D1,2023-06-16,1686873600,4.576,4.695,4.575,4.658,156,1,290,244.0
35,-9,Z2YY,Z2YYM23,D1,2023-06-19,1687132800,4.631,4.69,4.631,4.689,22,1,29,170.0
36,-8,Z2YY,Z2YYM23,D1,2023-06-20,1687219200,4.68,4.68,4.593,4.608,70,1,129,149.0
37,-7,Z2YY,Z2YYM23,D1,2023-06-21,1687305600,4.635,4.68,4.621,4.644,46,1,67,75.0
38,-6,Z2YY,Z2YYM23,D1,2023-06-22,1687392000,4.646,4.742,4.643,4.727,120,1,199,132.0
39,-5,Z2YY,Z2YYM23,D1,2023-06-23,1687478400,4.719,4.734,4.633,4.688,94,1,139,135.0
40,-4,Z2YY,Z2YYM23,D1,2023-06-26,1687737600,4.671,4.696,4.635,4.68,94,1,138,159.0
41,-3,Z2YY,Z2YYM23,D1,2023-06-27,1687824000,4.664,4.765,4.6530000000000005,4.75,148,1,244,174.0
42,-2,Z2YY,Z2YYM23,D1,2023-06-28,1687910400,4.75,4.7620000000000005,4.701,4.711,80,1,128,170.0
43,-1,Z2YY,Z2YYM23,D1,2023-06-29,1687996800,4.717,4.886,4.717,4.881,236,1,406,259.0
44,0,Z2YY,Z2YYM23,D1,2023-06-30,1688083200,4.875,4.9350000000000005,4.853,4.876,70,1,104,213.0
21,-25,Z2YY,Z2YYN23,D1,2023-07-02,1688256000,4.787,4.787,4.787,4.787,1,14,1,110.0
22,-24,Z2YY,Z2YYN23,D1,2023-07-03,1688342400,4.799,4.861,4.769,4.849,119,1,161,96.0
23,-23,Z2YY,Z2YYN23,D1,2023-07-04,1688428800,4.832,4.853,4.7940000000000005,4.7940000000000005,17,2,24,62.0
24,-22,Z2YY,Z2YYN23,D1,2023-07-05,1688515200,4.823,4.873,4.805,4.863,54,1,76,87.0
25,-21,Z2YY,Z2YYN23,D1,2023-07-06,1688601600,4.875,5.025,4.862,4.918,152,1,202,101.0
26,-20,Z2YY,Z2YYN23,D1,2023-07-07,1688688000,4.922,4.938,4.806,4.879,113,1,160,146.0
27,-19,Z2YY,Z2YYN23,D1,2023-07-09,1688860800,4.853,4.865,4.853,4.865,2,10,2,121.0
28,-18,Z2YY,Z2YYN23,D1,2023-07-10,1688947200,4.866,4.884,4.786,4.797,100,1,136,99.0
29,-17,Z2YY,Z2YYN23,D1,2023-07-11,1689033600,4.791,4.832,4.763,4.818,118,1,345,161.0
30,-16,Z2YY,Z2YYN23,D1,2023-07-12,1689120000,4.801,4.801,4.65,4.672,154,1,234,238.0
31,-15,Z2YY,Z2YYN23,D1,2023-07-13,1689206400,4.67,4.67,4.539,4.586,120,1,266,282.0
32,-14,Z2YY,Z2YYN23,D1,2023-07-14,1689292800,4.583,4.695,4.558,4.691,131,1,197,232.0
33,-13,Z2YY,Z2YYN23,D1,2023-07-16,1689465600,4.677,4.677,4.676,4.676,2,20,2,155.0
34,-12,Z2YY,Z2YYN23,D1,2023-07-17,1689552000,4.676,4.696,4.649,4.673,49,1,69,89.0
35,-11,Z2YY,Z2YYN23,D1,2023-07-18,1689638400,4.65,4.699,4.608,4.695,48,2,71,47.0
36,-10,Z2YY,Z2YYN23,D1,2023-07-19,1689724800,4.674,4.711,4.64,4.7,49,1,66,69.0
37,-9,Z2YY,Z2YYN23,D1,2023-07-20,1689811200,4.691,4.813,4.69,4.77,100,1,195,111.0
38,-8,Z2YY,Z2YYN23,D1,2023-07-21,1689897600,4.777,4.797,4.759,4.773,31,2,49,103.0
39,-7,Z2YY,Z2YYN23,D1,2023-07-23,1690070400,4.808,4.811,4.788,4.7940000000000005,5,4,5,83.0
40,-6,Z2YY,Z2YYN23,D1,2023-07-24,1690156800,4.788,4.875,4.753,4.871,96,1,139,64.0
41,-5,Z2YY,Z2YYN23,D1,2023-07-25,1690243200,4.871,4.906,4.826,4.861,119,1,196,113.0
42,-4,Z2YY,Z2YYN23,D1,2023-07-26,1690329600,4.88,4.906,4.822,4.84,108,1,136,157.0
43,-3,Z2YY,Z2YYN23,D1,2023-07-27,1690416000,4.849,4.952,4.812,4.942,117,1,162,165.0
44,-2,Z2YY,Z2YYN23,D1,2023-07-28,1690502400,4.925,4.934,4.841,4.883,143,1,302,200.0
45,-1,Z2YY,Z2YYN23,D1,2023-07-30,1690675200,4.889,4.889,4.881,4.882,6,5,6,157.0
46,0,Z2YY,Z2YYN23,D1,2023-07-31,1690761600,4.8870000000000005,4.91,4.858,4.864,58,1,94,134.0
25,-23,Z2YY,Z2YYQ23,D1,2023-08-01,1690848000,4.775,4.825,4.747,4.823,78,0,121,95.0
26,-22,Z2YY,Z2YYQ23,D1,2023-08-02,1690934400,4.759,4.855,4.759,4.802,81,0,97,126.0
27,-21,Z2YY,Z2YYQ23,D1,2023-08-03,1691020800,4.805,4.85,4.788,4.798,130,0,210,143.0
28,-20,Z2YY,Z2YYQ23,D1,2023-08-04,1691107200,4.814,4.855,4.682,4.6850000000000005,175,0,290,199.0
29,-19,Z2YY,Z2YYQ23,D1,2023-08-07,1691366400,4.699,4.76,4.667,4.667,74,0,103,201.0
30,-18,Z2YY,Z2YYQ23,D1,2023-08-08,1691452800,4.676,4.702,4.645,4.668,59,0,68,154.0
31,-17,Z2YY,Z2YYQ23,D1,2023-08-09,1691539200,4.6690000000000005,4.725,4.657,4.725,48,0,76,82.0
32,-16,Z2YY,Z2YYQ23,D1,2023-08-10,1691625600,4.729,4.766,4.674,4.764,57,0,86,77.0
33,-15,Z2YY,Z2YYQ23,D1,2023-08-11,1691712000,4.764,4.828,4.733,4.809,79,0,113,92.0
34,-14,Z2YY,Z2YYQ23,D1,2023-08-14,1691971200,4.825,4.895,4.809,4.895,78,1,118,106.0
35,-13,Z2YY,Z2YYQ23,D1,2023-08-15,1692057600,4.896,4.945,4.847,4.866,56,1,155,129.0
36,-12,Z2YY,Z2YYQ23,D1,2023-08-16,1692144000,4.859,4.912,4.835,4.905,102,1,154,142.0
37,-11,Z2YY,Z2YYQ23,D1,2023-08-17,1692230400,4.891,4.92,4.859,4.862,107,1,164,158.0
38,-10,Z2YY,Z2YYQ23,D1,2023-08-18,1692316800,4.878,4.878,4.828,4.874,37,2,44,121.0
39,-9,Z2YY,Z2YYQ23,D1,2023-08-21,1692576000,4.874,4.94,4.874,4.94,67,1,94,101.0
40,-8,Z2YY,Z2YYQ23,D1,2023-08-22,1692662400,4.941,4.977,4.921,4.977,57,1,69,69.0
41,-7,Z2YY,Z2YYQ23,D1,2023-08-23,1692748800,4.969,4.982,4.868,4.904,76,1,114,92.0
42,-6,Z2YY,Z2YYQ23,D1,2023-08-24,1692835200,4.892,4.974,4.884,4.963,221,1,533,239.0
43,-5,Z2YY,Z2YYQ23,D1,2023-08-25,1692921600,4.934,5.044,4.934,5.03,167,1,334,327.0
44,-4,Z2YY,Z2YYQ23,D1,2023-08-27,1693094400,5.033,5.033,5.033,5.033,1,11,1,289.0
45,-3,Z2YY,Z2YYQ23,D1,2023-08-28,1693180800,5.044,5.062,4.994,5.008,120,1,168,168.0
46,-2,Z2YY,Z2YYQ23,D1,2023-08-29,1693267200,4.982,5.037,4.879,4.913,180,1,461,210.0
47,-1,Z2YY,Z2YYQ23,D1,2023-08-30,1693353600,4.913,4.929,4.834,4.886,83,1,200,276.0
48,0,Z2YY,Z2YYQ23,D1,2023-08-31,1693440000,4.885,4.893,4.847,4.869,62,1,173,278.0
26,-20,Z2YY,Z2YYU23,D1,2023-09-01,1693526400,4.771,4.834,4.7,4.82,84,1,138,122.0
27,-19,Z2YY,Z2YYU23,D1,2023-09-04,1693785600,4.8100000000000005,4.834,4.804,4.818,23,1,30,84.0
28,-18,Z2YY,Z2YYU23,D1,2023-09-05,1693872000,4.82,4.916,4.82,4.884,71,1,127,98.0
29,-17,Z2YY,Z2YYU23,D1,2023-09-06,1693958400,4.895,4.974,4.881,4.959,59,1,87,81.0
30,-16,Z2YY,Z2YYU23,D1,2023-09-07,1694044800,4.951,4.951,4.89,4.898,47,1,63,92.0
31,-15,Z2YY,Z2YYU23,D1,2023-09-08,1694131200,4.89,4.933,4.873,4.927,33,1,46,65.0
32,-14,Z2YY,Z2YYU23,D1,2023-09-11,1694390400,4.94,4.947,4.922,4.925,32,1,60,56.0
33,-13,Z2YY,Z2YYU23,D1,2023-09-12,1694476800,4.94,4.97,4.936,4.97,43,1,53,53.0
34,-12,Z2YY,Z2YYU23,D1,2023-09-13,1694563200,4.979,5.01,4.902,4.931,82,1,166,93.0
35,-11,Z2YY,Z2YYU23,D1,2023-09-14,1694649600,4.909,4.971,4.897,4.964,51,1,66,95.0
36,-10,Z2YY,Z2YYU23,D1,2023-09-15,1694736000,4.956,5.0,4.956,4.995,75,1,126,119.0
37,-9,Z2YY,Z2YYU23,D1,2023-09-18,1694995200,4.99,5.03,4.989,5.007,60,1,104,99.0
38,-8,Z2YY,Z2YYU23,D1,2023-09-19,1695081600,5.016,5.067,5.007,5.05,91,1,124,118.0
39,-7,Z2YY,Z2YYU23,D1,2023-09-20,1695168000,5.043,5.149,5.01,5.128,211,1,313,180.0
40,-6,Z2YY,Z2YYU23,D1,2023-09-21,1695254400,5.131,5.168,5.08,5.087,187,1,355,264.0
41,-5,Z2YY,Z2YYU23,D1,2023-09-22,1695340800,5.078,5.085,5.025,5.044,155,1,230,299.0
42,-4,Z2YY,Z2YYU23,D1,2023-09-25,1695600000,5.064,5.141,5.04,5.072,113,1,171,252.0
43,-3,Z2YY,Z2YYU23,D1,2023-09-26,1695686400,5.068,5.09,5.05,5.063,142,1,309,237.0
44,-2,Z2YY,Z2YYU23,D1,2023-09-27,1695772800,5.064,5.15,5.041,5.136,195,1,495,325.0
45,-1,Z2YY,Z2YYU23,D1,2023-09-28,1695859200,5.1370000000000005,5.144,5.059,5.065,162,1,317,374.0
46,0,Z2YY,Z2YYU23,D1,2023-09-29,1695945600,5.077,5.081,5.021,5.047,44,1,68,293.0
23,-25,Z2YY,Z2YYV23,D1,2023-10-01,1696118400,5.015,5.015,5.015,5.015,1,0,1,100.0
24,-24,Z2YY,Z2YYV23,D1,2023-10-02,1696204800,5.029,5.061,5.026,5.042,110,0,197,119.0
25,-23,Z2YY,Z2YYV23,D1,2023-10-03,1696291200,5.039,5.088,5.023,5.086,95,0,136,111.0
26,-22,Z2YY,Z2YYV23,D1,2023-10-04,1696377600,5.092,5.11,4.971,4.994,124,0,144,159.0
27,-21,Z2YY,Z2YYV23,D1,2023-10-05,1696464000,4.976,4.989,4.947,4.956,61,0,83,121.0
28,-20,Z2YY,Z2YYV23,D1,2023-10-06,1696550400,4.97,5.066,4.962,5.025,112,0,117,115.0
29,-19,Z2YY,Z2YYV23,D1,2023-10-08,1696723200,4.96,4.96,4.938,4.957,20,0,30,77.0
30,-18,Z2YY,Z2YYV23,D1,2023-10-09,1696809600,4.962,4.979,4.872,4.884,90,0,90,79.0
31,-17,Z2YY,Z2YYV23,D1,2023-10-10,1696896000,4.911,4.965,4.88,4.905,44,0,79,66.0
32,-16,Z2YY,Z2YYV23,D1,2023-10-11,1696982400,4.917,4.956,4.888,4.92,61,0,95,88.0
33,-15,Z2YY,Z2YYV23,D1,2023-10-12,1697068800,4.932,5.02,4.926,5.005,127,0,142,105.0
34,-14,Z2YY,Z2YYV23,D1,2023-10-13,1697155200,5.006,5.006,4.96,4.996,33,0,40,92.0
35,-13,Z2YY,Z2YYV23,D1,2023-10-16,1697414400,4.998,5.043,4.998,5.04,22,1,27,70.0
36,-12,Z2YY,Z2YYV23,D1,2023-10-17,1697500800,5.045,5.171,5.045,5.14,128,1,224,97.0
37,-11,Z2YY,Z2YYV23,D1,2023-10-18,1697587200,5.144,5.185,5.111,5.164,84,1,118,123.0
38,-10,Z2YY,Z2YYV23,D1,2023-10-19,1697673600,5.176,5.197,5.11,5.12,110,1,212,185.0
39,-9,Z2YY,Z2YYV23,D1,2023-10-20,1697760000,5.128,5.135,5.031,5.038,123,1,260,197.0
40,-8,Z2YY,Z2YYV23,D1,2023-10-22,1697932800,5.04,5.066,5.04,5.065,5,11,5,159.0
41,-7,Z2YY,Z2YYV23,D1,2023-10-23,1698019200,5.05,5.09,5.01,5.022,79,1,113,126.0
42,-6,Z2YY,Z2YYV23,D1,2023-10-24,1698105600,5.026,5.09,5.021,5.059,53,1,60,59.0
43,-5,Z2YY,Z2YYV23,D1,2023-10-25,1698192000,5.058,5.121,5.058,5.12,54,1,69,81.0
44,-4,Z2YY,Z2YYV23,D1,2023-10-26,1698278400,5.114,5.13,5.025,5.038,89,1,128,86.0
45,-3,Z2YY,Z2YYV23,D1,2023-10-27,1698364800,5.06,5.06,5.005,5.006,113,1,249,149.0
46,-2,Z2YY,Z2YYV23,D1,2023-10-29,1698537600,5.011,5.015,5.011,5.015,5,8,5,127.0
47,-1,Z2YY,Z2YYV23,D1,2023-10-30,1698624000,5.03,5.07,5.027,5.045,108,1,202,152.0
26,-26,Z2YY,Z2YYX23,D1,2023-10-31,1698710400,4.963,5.0,4.952,5.0,43,0,79,96.0
27,-25,Z2YY,Z2YYX23,D1,2023-11-01,1698796800,4.986,5.006,4.88,4.88,155,0,320,202.0
28,-24,Z2YY,Z2YYX23,D1,2023-11-02,1698883200,4.88,4.94,4.865,4.929,149,0,270,223.0
29,-23,Z2YY,Z2YYX23,D1,2023-11-03,1698969600,4.95,4.958,4.751,4.785,191,0,286,292.0
30,-22,Z2YY,Z2YYX23,D1,2023-11-05,1699142400,4.773,4.796,4.773,4.796,4,0,6,187.0
31,-21,Z2YY,Z2YYX23,D1,2023-11-06,1699228800,4.8,4.888,4.791,4.879,109,0,136,143.0
32,-20,Z2YY,Z2YYX23,D1,2023-11-07,1699315200,4.889,4.898,4.835,4.85,103,0,134,92.0
33,-19,Z2YY,Z2YYX23,D1,2023-11-08,1699401600,4.874,4.894,4.854,4.871,59,0,73,114.0
34,-18,Z2YY,Z2YYX23,D1,2023-11-09,1699488000,4.867,4.969,4.867,4.939,120,0,183,130.0
35,-17,Z2YY,Z2YYX23,D1,2023-11-10,1699574400,4.956,4.997,4.92,4.997,71,0,93,116.0
36,-16,Z2YY,Z2YYX23,D1,2023-11-12,1699747200,5.0,5.0,5.0,5.0,1,0,1,92.0
37,-15,Z2YY,Z2YYX23,D1,2023-11-13,1699833600,4.979,5.015,4.968,4.989,58,0,56,50.0
38,-14,Z2YY,Z2YYX23,D1,2023-11-14,1699920000,4.977,4.983,4.765,4.771,225,0,331,129.0
39,-13,Z2YY,Z2YYX23,D1,2023-11-15,1700006400,4.79,4.869,4.769,4.853,83,0,130,172.0
40,-12,Z2YY,Z2YYX23,D1,2023-11-16,1700092800,4.834,4.844,4.767,4.782,45,0,78,180.0
41,-11,Z2YY,Z2YYX23,D1,2023-11-17,1700179200,4.782,4.85,4.742,4.827,60,0,80,96.0
42,-10,Z2YY,Z2YYX23,D1,2023-11-19,1700352000,4.815,4.817,4.815,4.817,2,0,5,54.0
43,-9,Z2YY,Z2YYX23,D1,2023-11-20,1700438400,4.825,4.859,4.825,4.851,31,0,40,42.0
44,-8,Z2YY,Z2YYX23,D1,2023-11-21,1700524800,4.85,4.857,4.809,4.824,14,0,26,24.0
45,-7,Z2YY,Z2YYX23,D1,2023-11-22,1700611200,4.835,4.878,4.802,4.853,37,0,98,55.0
46,-6,Z2YY,Z2YYX23,D1,2023-11-23,1700697600,4.841,4.874,4.841,4.874,7,0,12,45.0
47,-5,Z2YY,Z2YYX23,D1,2023-11-24,1700784000,4.873,4.9,4.872,4.9,36,0,87,66.0
48,-4,Z2YY,Z2YYX23,D1,2023-11-26,1700956800,4.88,4.883,4.88,4.883,7,0,17,39.0
49,-3,Z2YY,Z2YYX23,D1,2023-11-27,1701043200,4.9,4.921,4.844,4.9190000000000005,148,0,249,118.0
50,-2,Z2YY,Z2YYX23,D1,2023-11-28,1701129600,4.877,4.882,4.735,4.735,162,0,401,222.0
51,-1,Z2YY,Z2YYX23,D1,2023-11-29,1701216000,4.72,4.72,4.623,4.65,70,1,161,270.0
52,0,Z2YY,Z2YYX23,D1,2023-11-30,1701302400,4.661,4.722,4.632,4.711,26,1,41,201.0
25,-22,Z2YY,Z2YYZ23,D1,2023-12-01,1701388800,4.582,4.618,4.466,4.48,83,1,250,187.0
26,-21,Z2YY,Z2YYZ23,D1,2023-12-04,1701648000,4.499,4.569,4.493,4.562,45,1,88,184.0
27,-20,Z2YY,Z2YYZ23,D1,2023-12-05,1701734400,4.541,4.552,4.5,4.5,49,1,144,161.0
28,-19,Z2YY,Z2YYZ23,D1,2023-12-06,1701820800,4.529,4.553,4.495,4.536,49,1,72,101.0
29,-18,Z2YY,Z2YYZ23,D1,2023-12-07,1701907200,4.526,4.563,4.5,4.516,55,1,131,116.0
30,-17,Z2YY,Z2YYZ23,D1,2023-12-08,1701993600,4.54,4.674,4.54,4.646,125,1,231,145.0
31,-16,Z2YY,Z2YYZ23,D1,2023-12-10,1702166400,4.655,4.655,4.655,4.655,1,18,1,121.0
32,-15,Z2YY,Z2YYZ23,D1,2023-12-11,1702252800,4.673,4.72,4.6370000000000005,4.6370000000000005,84,1,226,153.0
33,-14,Z2YY,Z2YYZ23,D1,2023-12-12,1702339200,4.658,4.676,4.6,4.67,32,1,49,92.0
34,-13,Z2YY,Z2YYZ23,D1,2023-12-13,1702425600,4.661,4.673,4.34,4.345,113,1,208,161.0
35,-12,Z2YY,Z2YYZ23,D1,2023-12-14,1702512000,4.347,4.349,4.222,4.315,137,1,253,170.0
36,-11,Z2YY,Z2YYZ23,D1,2023-12-15,1702598400,4.326,4.41,4.3,4.371,85,0,152,204.0
37,-10,Z2YY,Z2YYZ23,D1,2023-12-17,1702771200,4.38,4.38,4.371,4.371,2,13,2,136.0
38,-9,Z2YY,Z2YYZ23,D1,2023-12-18,1702857600,4.356,4.401,4.34,4.375,53,1,122,92.0
39,-8,Z2YY,Z2YYZ23,D1,2023-12-19,1702944000,4.39,4.398,4.357,4.376,75,1,121,82.0
40,-7,Z2YY,Z2YYZ23,D1,2023-12-20,1703030400,4.377,4.379,4.28,4.28,73,1,125,123.0
41,-6,Z2YY,Z2YYZ23,D1,2023-12-21,1703116800,4.289,4.331,4.24,4.291,84,1,147,131.0
42,-5,Z2YY,Z2YYZ23,D1,2023-12-22,1703203200,4.292,4.296,4.255,4.264,69,1,132,135.0
43,-4,Z2YY,Z2YYZ23,D1,2023-12-25,1703462400,4.264,4.264,4.264,4.264,1,26,1,93.0
44,-3,Z2YY,Z2YYZ23,D1,2023-12-26,1703548800,4.266,4.315,4.257,4.29,99,1,237,123.0
45,-2,Z2YY,Z2YYZ23,D1,2023-12-27,1703635200,4.298,4.3,4.235,4.241,208,1,308,182.0
46,-1,Z2YY,Z2YYZ23,D1,2023-12-28,1703721600,4.265,4.282,4.249,4.272,106,1,245,263.0
47,0,Z2YY,Z2YYZ23,D1,2023-12-29,1703808000,4.258,4.303,4.258,4.275,6,1,6,186.0
17,-24,Z2YY,Z2YYF24,D1,2024-01-02,1704153600,4.176,4.255,4.175,4.223,64,1,125,121.0
18,-23,Z2YY,Z2YYF24,D1,2024-01-03,1704240000,4.23,4.295,4.218,4.236,133,1,273,148.0
19,-22,Z2YY,Z2YYF24,D1,2024-01-04,1704326400,4.252,4.309,4.226,4.288,32,1,42,147.0
20,-21,Z2YY,Z2YYF24,D1,2024-01-05,1704412800,4.295,4.389,4.238,4.308,115,1,208,174.0
21,-20,Z2YY,Z2YYF24,D1,2024-01-07,1704585600,4.326,4.345,4.326,4.345,3,13,3,84.0
22,-19,Z2YY,Z2YYF24,D1,2024-01-08,1704672000,4.326,4.326,4.23,4.263,49,1,69,93.0
23,-18,Z2YY,Z2YYF24,D1,2024-01-09,1704758400,4.285,4.309,4.279,4.283,26,0,38,37.0
24,-17,Z2YY,Z2YYF24,D1,2024-01-10,1704844800,4.275,4.286,4.257,4.282,27,1,51,53.0
25,-16,Z2YY,Z2YYF24,D1,2024-01-11,1704931200,4.274,4.316,4.154,4.154,91,1,238,109.0
26,-15,Z2YY,Z2YYF24,D1,2024-01-12,1705017600,4.168,4.198,4.06,4.079,117,1,194,161.0
27,-14,Z2YY,Z2YYF24,D1,2024-01-14,1705190400,4.079,4.082,4.079,4.082,2,4,4,145.0
28,-13,Z2YY,Z2YYF24,D1,2024-01-15,1705276800,4.108,4.122,4.085,4.094,33,1,68,89.0
29,-12,Z2YY,Z2YYF24,D1,2024-01-16,1705363200,4.115,4.184,4.101,4.169,51,0,92,55.0
30,-11,Z2YY,Z2YYF24,D1,2024-01-17,1705449600,4.135,4.294,4.135,4.289,75,1,141,100.0
31,-10,Z2YY,Z2YYF24,D1,2024-01-18,1705536000,4.274,4.313,4.254,4.303,196,1,475,236.0
32,-9,Z2YY,Z2YYF24,D1,2024-01-19,1705622400,4.296,4.364,4.284,4.349,48,1,113,243.0
33,-8,Z2YY,Z2YYF24,D1,2024-01-22,1705881600,4.336,4.346,4.321,4.346,26,1,44,211.0
34,-7,Z2YY,Z2YYF24,D1,2024-01-23,1705968000,4.347,4.368,4.327,4.331,45,1,140,99.0
35,-6,Z2YY,Z2YYF24,D1,2024-01-24,1706054400,4.32,4.364,4.291,4.36,117,1,343,176.0
36,-5,Z2YY,Z2YYF24,D1,2024-01-25,1706140800,4.35,4.39,4.281,4.281,98,1,570,351.0
37,-4,Z2YY,Z2YYF24,D1,2024-01-26,1706227200,4.28,4.361,4.28,4.354,43,1,87,333.0
38,-3,Z2YY,Z2YYF24,D1,2024-01-28,1706400000,4.332,4.332,4.329,4.329,2,1,4,220.0
39,-2,Z2YY,Z2YYF24,D1,2024-01-29,1706486400,4.343,4.352,4.31,4.327,121,1,536,209.0
40,-1,Z2YY,Z2YYF24,D1,2024-01-30,1706572800,4.332,4.38,4.298,4.341,65,1,133,224.0
41,0,Z2YY,Z2YYF24,D1,2024-01-31,1706659200,4.321,4.325,4.207,4.224,23,1,25,231.0
18,-21,Z2YY,Z2YYG24,D1,2024-02-01,1706745600,4.156,4.167,4.066,4.111,79,1,186,107.0
19,-20,Z2YY,Z2YYG24,D1,2024-02-02,1706832000,4.13,4.312,4.13,4.288,130,1,386,210.0
20,-19,Z2YY,Z2YYG24,D1,2024-02-04,1707004800,4.286,4.292,4.286,4.292,2,1,2,191.0
21,-18,Z2YY,Z2YYG24,D1,2024-02-05,1707091200,4.32,4.384,4.314,4.384,104,1,282,223.0
22,-17,Z2YY,Z2YYG24,D1,2024-02-06,1707177600,4.353,4.39,4.303,4.318,43,1,87,124.0
23,-16,Z2YY,Z2YYG24,D1,2024-02-07,1707264000,4.33,4.35,4.295,4.348,49,1,154,174.0
24,-15,Z2YY,Z2YYG24,D1,2024-02-08,1707350400,4.345,4.379,4.345,4.372,35,1,91,111.0
25,-14,Z2YY,Z2YYG24,D1,2024-02-09,1707436800,4.368,4.42,4.36,4.411,51,1,217,154.0
26,-13,Z2YY,Z2YYG24,D1,2024-02-12,1707696000,4.4,4.428,4.388,4.404,31,1,169,159.0
27,-12,Z2YY,Z2YYG24,D1,2024-02-13,1707782400,4.41,4.604,4.373,4.592,89,1,190,192.0
28,-11,Z2YY,Z2YYG24,D1,2024-02-14,1707868800,4.592,4.592,4.498,4.52,44,1,72,144.0
29,-10,Z2YY,Z2YYG24,D1,2024-02-15,1707955200,4.495,4.519,4.444,4.519,71,1,119,127.0
30,-9,Z2YY,Z2YYG24,D1,2024-02-16,1708041600,4.535,4.6530000000000005,4.535,4.589,84,1,269,153.0
31,-8,Z2YY,Z2YYG24,D1,2024-02-19,1708300800,4.588,4.59,4.588,4.59,2,13,2,130.0
32,-7,Z2YY,Z2YYG24,D1,2024-02-20,1708387200,4.595,4.595,4.521,4.554,27,1,37,103.0
33,-6,Z2YY,Z2YYG24,D1,2024-02-21,1708473600,4.546,4.616,4.537,4.605,41,1,81,40.0
34,-5,Z2YY,Z2YYG24,D1,2024-02-22,1708560000,4.607,4.676,4.599,4.659,102,1,351,156.0
35,-4,Z2YY,Z2YYG24,D1,2024-02-23,1708646400,4.659,4.7,4.647,4.652,48,1,95,176.0
36,-3,Z2YY,Z2YYG24,D1,2024-02-26,1708905600,4.638,4.709,4.633,4.7,93,1,135,194.0
37,-2,Z2YY,Z2YYG24,D1,2024-02-27,1708992000,4.692,4.719,4.678,4.701,80,1,214,148.0
38,-1,Z2YY,Z2YYG24,D1,2024-02-28,1709078400,4.686,4.698,4.641,4.643,140,1,397,249.0
39,0,Z2YY,Z2YYG24,D1,2024-02-29,1709164800,4.642,4.696,4.619,4.625,23,1,79,230.0
17,-21,Z2YY,Z2YYH24,D1,2024-03-01,1709251200,4.552,4.553,4.463,4.464,69,1,108,80.0
18,-20,Z2YY,Z2YYH24,D1,2024-03-04,1709510400,4.494,4.54,4.494,4.539,27,1,45,80.0
19,-19,Z2YY,Z2YYH24,D1,2024-03-05,1709596800,4.539,4.54,4.48,4.486,18,1,29,61.0
20,-18,Z2YY,Z2YYH24,D1,2024-03-06,1709683200,4.501,4.501,4.45,4.49,29,1,38,37.0
21,-17,Z2YY,Z2YYH24,D1,2024-03-07,1709769600,4.495,4.497,4.449,4.451,32,1,47,38.0
22,-16,Z2YY,Z2YYH24,D1,2024-03-08,1709856000,4.44,4.496,4.36,4.406,68,1,106,64.0
23,-15,Z2YY,Z2YYH24,D1,2024-03-11,1710115200,4.414,4.473,4.414,4.47,33,1,49,67.0
24,-14,Z2YY,Z2YYH24,D1,2024-03-12,1710201600,4.48,4.53,4.446,4.5280000000000005,38,1,89,81.0
25,-13,Z2YY,Z2YYH24,D1,2024-03-13,1710288000,4.535,4.564,4.525,4.564,25,1,48,62.0
26,-12,Z2YY,Z2YYH24,D1,2024-03-14,1710374400,4.564,4.638,4.564,4.632,47,1,72,70.0
27,-11,Z2YY,Z2YYH24,D1,2024-03-15,1710460800,4.629,4.678,4.629,4.668,22,1,25,48.0
28,-10,Z2YY,Z2YYH24,D1,2024-03-17,1710633600,4.665,4.665,4.665,4.665,1,11,1,33.0
29,-9,Z2YY,Z2YYH24,D1,2024-03-18,1710720000,4.676,4.686,4.655,4.68,38,1,50,25.0
30,-8,Z2YY,Z2YYH24,D1,2024-03-19,1710806400,4.664,4.677,4.64,4.644,37,1,64,38.0
31,-7,Z2YY,Z2YYH24,D1,2024-03-20,1710892800,4.641,4.668,4.535,4.538,125,1,242,119.0
32,-6,Z2YY,Z2YYH24,D1,2024-03-21,1710979200,4.541,4.599,4.52,4.59,61,1,74,127.0
33,-5,Z2YY,Z2YYH24,D1,2024-03-22,1711065600,4.549,4.559,4.539,4.547,32,1,76,131.0
34,-4,Z2YY,Z2YYH24,D1,2024-03-24,1711238400,4.538,4.541,4.538,4.541,2,3,2,51.0
35,-3,Z2YY,Z2YYH24,D1,2024-03-25,1711324800,4.54,4.597,4.538,4.57,69,1,116,65.0
36,-2,Z2YY,Z2YYH24,D1,2024-03-26,1711411200,4.569,4.616,4.569,4.586,69,1,118,79.0
37,-1,Z2YY,Z2YYH24,D1,2024-03-27,1711497600,4.594,4.597,4.563,4.573,74,1,194,143.0
38,0,Z2YY,Z2YYH24,D1,2024-03-28,1711584000,4.596,4.623,4.596,4.603,12,1,21,111.0
15,-24,Z2YY,Z2YYJ24,D1,2024-03-31,1711843200,4.493,4.493,4.492,4.492,4,1,6,65.0
16,-23,Z2YY,Z2YYJ24,D1,2024-04-01,1711929600,4.492,4.64,4.489,4.64,114,1,176,82.0
17,-22,Z2YY,Z2YYJ24,D1,2024-04-02,1712016000,4.6370000000000005,4.663,4.62,4.621,93,1,148,110.0
18,-21,Z2YY,Z2YYJ24,D1,2024-04-03,1712102400,4.631,4.674,4.607,4.621,31,1,62,129.0
19,-20,Z2YY,Z2YYJ24,D1,2024-04-04,1712188800,4.616,4.641,4.574,4.583,40,1,60,90.0
20,-19,Z2YY,Z2YYJ24,D1,2024-04-05,1712275200,4.593,4.689,4.575,4.689,36,1,50,57.0
21,-18,Z2YY,Z2YYJ24,D1,2024-04-07,1712448000,4.71,4.71,4.6850000000000005,4.6850000000000005,3,16,3,38.0
22,-17,Z2YY,Z2YYJ24,D1,2024-04-08,1712534400,4.704,4.734,4.704,4.729,46,1,66,40.0
23,-16,Z2YY,Z2YYJ24,D1,2024-04-09,1712620800,4.718,4.728,4.676,4.688,59,1,135,68.0
24,-15,Z2YY,Z2YYJ24,D1,2024-04-10,1712707200,4.678,4.917,4.663,4.917,170,1,303,168.0
25,-14,Z2YY,Z2YYJ24,D1,2024-04-11,1712793600,4.9030000000000005,4.95,4.875,4.894,106,1,189,209.0
26,-13,Z2YY,Z2YYJ24,D1,2024-04-12,1712880000,4.889,4.889,4.818,4.835,42,1,55,182.0
27,-12,Z2YY,Z2YYJ24,D1,2024-04-15,1713139200,4.837,4.941,4.837,4.875,51,1,73,106.0
28,-11,Z2YY,Z2YYJ24,D1,2024-04-16,1713225600,4.875,4.95,4.875,4.93,44,1,79,69.0
29,-10,Z2YY,Z2YYJ24,D1,2024-04-17,1713312000,4.911,4.911,4.871,4.878,23,1,42,65.0
30,-9,Z2YY,Z2YYJ24,D1,2024-04-18,1713398400,4.871,4.968,4.871,4.966,235,1,482,201.0
31,-8,Z2YY,Z2YYJ24,D1,2024-04-19,1713484800,4.941,4.965,4.866,4.965,105,0,185,236.0
32,-7,Z2YY,Z2YYJ24,D1,2024-04-21,1713657600,4.984,4.984,4.984,4.984,1,11,1,223.0
33,-6,Z2YY,Z2YYJ24,D1,2024-04-22,1713744000,4.985,4.985,4.936,4.936,38,1,85,90.0
34,-5,Z2YY,Z2YYJ24,D1,2024-04-23,1713830400,4.949,4.977,4.9030000000000005,4.916,57,1,95,60.0
35,-4,Z2YY,Z2YYJ24,D1,2024-04-24,1713916800,4.923,4.957,4.92,4.931,98,1,256,145.0
36,-3,Z2YY,Z2YYJ24,D1,2024-04-25,1714003200,4.934,5.015,4.905,4.983,95,1,201,184.0
37,-2,Z2YY,Z2YYJ24,D1,2024-04-26,1714089600,4.99,5.001,4.969,4.996,116,1,249,235.0
38,-1,Z2YY,Z2YYJ24,D1,2024-04-29,1714348800,4.992,4.992,4.97,4.978,75,1,138,196.0
39,0,Z2YY,Z2YYJ24,D1,2024-04-30,1714435200,4.982,5.021,4.963,5.015,34,1,64,150.0
18,-24,Z2YY,Z2YYK24,D1,2024-05-01,1714521600,4.98,4.99,4.883,4.917,85,1,155,121.0
19,-23,Z2YY,Z2YYK24,D1,2024-05-02,1714608000,4.898,4.908,4.836,4.836,85,1,278,187.0
20,-22,Z2YY,Z2YYK24,D1,2024-05-03,1714694400,4.846,4.847,4.713,4.77,59,1,71,168.0
21,-21,Z2YY,Z2YYK24,D1,2024-05-06,1714953600,4.765,4.7780000000000005,4.738,4.771,41,1,74,141.0
22,-20,Z2YY,Z2YYK24,D1,2024-05-07,1715040000,4.779,4.782,4.749,4.782,46,1,79,75.0
23,-19,Z2YY,Z2YYK24,D1,2024-05-08,1715126400,4.784,4.795,4.772,4.785,37,1,44,66.0
24,-18,Z2YY,Z2YYK24,D1,2024-05-09,1715212800,4.796,4.8,4.763,4.765,44,1,55,59.0
25,-17,Z2YY,Z2YYK24,D1,2024-05-10,1715299200,4.7620000000000005,4.823,4.7620000000000005,4.823,42,1,59,53.0
26,-16,Z2YY,Z2YYK24,D1,2024-05-12,1715472000,4.829,4.829,4.818,4.818,2,9,2,39.0
27,-15,Z2YY,Z2YYK24,D1,2024-05-13,1715558400,4.811,4.816,4.785,4.816,28,1,56,39.0
28,-14,Z2YY,Z2YYK24,D1,2024-05-14,1715644800,4.797,4.835,4.77,4.773,38,1,75,44.0
29,-13,Z2YY,Z2YYK24,D1,2024-05-15,1715731200,4.77,4.77,4.662,4.662,89,1,186,106.0
30,-12,Z2YY,Z2YYK24,D1,2024-05-16,1715817600,4.6850000000000005,4.751,4.655,4.749,58,1,99,120.0
31,-11,Z2YY,Z2YYK24,D1,2024-05-17,1715904000,4.725,4.78,4.718,4.779,54,1,82,122.0
32,-10,Z2YY,Z2YYK24,D1,2024-05-19,1716076800,4.752,4.752,4.752,4.752,1,34,1,61.0
33,-9,Z2YY,Z2YYK24,D1,2024-05-20,1716163200,4.782,4.805,4.777,4.803,36,1,64,49.0
34,-8,Z2YY,Z2YYK24,D1,2024-05-21,1716249600,4.793,4.7940000000000005,4.776,4.785,15,1,23,29.0
35,-7,Z2YY,Z2YYK24,D1,2024-05-22,1716336000,4.792,4.838,4.787,4.83,60,1,102,63.0
36,-6,Z2YY,Z2YYK24,D1,2024-05-23,1716422400,4.831,4.906,4.82,4.882,133,1,246,124.0
37,-5,Z2YY,Z2YYK24,D1,2024-05-24,1716508800,4.888,4.925,4.885,4.906,87,1,201,183.0
38,-4,Z2YY,Z2YYK24,D1,2024-05-27,1716768000,4.905,4.906,4.905,4.906,2,2,2,150.0
39,-3,Z2YY,Z2YYK24,D1,2024-05-28,1716854400,4.904,4.958,4.878,4.956,87,1,129,111.0
40,-2,Z2YY,Z2YYK24,D1,2024-05-29,1716940800,4.956,4.991,4.948,4.962,119,0,217,116.0
41,-1,Z2YY,Z2YYK24,D1,2024-05-30,1717027200,4.981,4.984,4.922,4.93,90,0,158,168.0
42,0,Z2YY,Z2YYK24,D1,2024-05-31,1717113600,4.923,4.943,4.876,4.893,16,1,44,140.0
13,-22,Z2YY,Z2YYM24,D1,2024-06-02,1717286400,4.805,4.805,4.805,4.805,1,8,1,101.0
14,-21,Z2YY,Z2YYM24,D1,2024-06-03,1717372800,4.809,4.824,4.755,4.763,30,1,33,31.0
15,-20,Z2YY,Z2YYM24,D1,2024-06-04,1717459200,4.757,4.769,4.713,4.723,70,0,106,47.0
16,-19,Z2YY,Z2YYM24,D1,2024-06-05,1717545600,4.722,4.732,4.67,4.672,84,1,110,83.0
17,-18,Z2YY,Z2YYM24,D1,2024-06-06,1717632000,4.673,4.693,4.667,4.668,17,1,20,79.0
18,-17,Z2YY,Z2YYM24,D1,2024-06-07,1717718400,4.675,4.833,4.675,4.833,105,1,197,109.0
19,-16,Z2YY,Z2YYM24,D1,2024-06-09,1717891200,4.846,4.846,4.831,4.831,11,1,12,76.0
20,-15,Z2YY,Z2YYM24,D1,2024-06-10,1717977600,4.828,4.835,4.8100000000000005,4.816,55,1,83,97.0
21,-14,Z2YY,Z2YYM24,D1,2024-06-11,1718064000,4.82,4.825,4.776,4.783,45,1,83,59.0
22,-13,Z2YY,Z2YYM24,D1,2024-06-12,1718150400,4.785,4.792,4.63,4.715,175,1,310,159.0
23,-12,Z2YY,Z2YYM24,D1,2024-06-13,1718236800,4.692,4.692,4.615,4.631,59,1,110,168.0
24,-11,Z2YY,Z2YYM24,D1,2024-06-14,1718323200,4.643,4.67,4.619,4.648,50,1,80,167.0
25,-10,Z2YY,Z2YYM24,D1,2024-06-17,1718582400,4.677,4.712,4.66,4.712,23,1,32,74.0
26,-9,Z2YY,Z2YYM24,D1,2024-06-18,1718668800,4.702,4.73,4.65,4.663,55,1,108,73.0
27,-8,Z2YY,Z2YYM24,D1,2024-06-19,1718755200,4.682,4.682,4.639,4.665,28,1,34,58.0
28,-7,Z2YY,Z2YYM24,D1,2024-06-20,1718841600,4.68,4.712,4.671,4.689,29,1,43,62.0
29,-6,Z2YY,Z2YYM24,D1,2024-06-21,1718928000,4.693,4.705,4.663,4.693,40,1,111,63.0
30,-5,Z2YY,Z2YYM24,D1,2024-06-23,1719100800,4.682,4.682,4.682,4.682,1,24,1,52.0
31,-4,Z2YY,Z2YYM24,D1,2024-06-24,1719187200,4.7,4.712,4.69,4.691,57,1,79,64.0
32,-3,Z2YY,Z2YYM24,D1,2024-06-25,1719273600,4.707,4.717,4.684,4.702,220,1,1005,362.0
33,-2,Z2YY,Z2YYM24,D1,2024-06-26,1719360000,4.702,4.745,4.702,4.742,100,1,174,419.0
34,-1,Z2YY,Z2YYM24,D1,2024-06-27,1719446400,4.746,4.756,4.701,4.717,84,1,166,448.0
9,-26,Z2YY,Z2YYN24,D1,2024-06-28,1719532800,4.684,4.711,4.614,4.703,79,1,154,145.0
10,-25,Z2YY,Z2YYN24,D1,2024-06-30,1719705600,4.696,4.703,4.695,4.703,4,1,7,92.0
11,-24,Z2YY,Z2YYN24,D1,2024-07-01,1719792000,4.708,4.745,4.695,4.715,65,1,89,83.0
12,-23,Z2YY,Z2YYN24,D1,2024-07-02,1719878400,4.717,4.726,4.678,4.71,63,1,72,56.0
13,-22,Z2YY,Z2YYN24,D1,2024-07-03,1719964800,4.712,4.728,4.64,4.668,67,1,82,81.0
14,-21,Z2YY,Z2YYN24,D1,2024-07-04,1720051200,4.661,4.696,4.661,4.677,24,1,30,61.0
15,-20,Z2YY,Z2YYN24,D1,2024-07-05,1720137600,4.65,4.664,4.561,4.561,59,1,79,64.0
16,-19,Z2YY,Z2YYN24,D1,2024-07-08,1720396800,4.582,4.592,4.573,4.583,57,1,69,59.0
17,-18,Z2YY,Z2YYN24,D1,2024-07-09,1720483200,4.591,4.614,4.581,4.583,37,1,45,64.0
18,-17,Z2YY,Z2YYN24,D1,2024-07-10,1720569600,4.586,4.591,4.562,4.585,21,1,29,48.0
19,-16,Z2YY,Z2YYN24,D1,2024-07-11,1720656000,4.581,4.593,4.455,4.472,92,1,130,68.0
20,-15,Z2YY,Z2YYN24,D1,2024-07-12,1720742400,4.472,4.49,4.404,4.415,87,1,114,91.0
21,-14,Z2YY,Z2YYN24,D1,2024-07-14,1720915200,4.428,4.438,4.428,4.438,11,3,11,85.0
22,-13,Z2YY,Z2YYN24,D1,2024-07-15,1721001600,4.438,4.441,4.4,4.401,66,1,95,73.0
23,-12,Z2YY,Z2YYN24,D1,2024-07-16,1721088000,4.391,4.429,4.369,4.372,61,1,94,67.0
24,-11,Z2YY,Z2YYN24,D1,2024-07-17,1721174400,4.372,4.431,4.372,4.405,50,1,67,85.0
25,-10,Z2YY,Z2YYN24,D1,2024-07-18,1721260800,4.396,4.422,4.37,4.421,153,1,309,157.0
26,-9,Z2YY,Z2YYN24,D1,2024-07-19,1721347200,4.399,4.471,4.391,4.457,97,1,380,252.0
12,-35,Z2YY,Z2YYQ24,D1,2024-07-21,1721520000,4.36,4.36,4.36,4.36,2,11,2,3.0
27,-8,Z2YY,Z2YYN24,D1,2024-07-22,1721606400,4.455,4.49,4.45,4.474,35,1,47,245.0
28,-7,Z2YY,Z2YYN24,D1,2024-07-23,1721692800,4.467,4.468,4.44,4.445,50,1,58,162.0
29,-6,Z2YY,Z2YYN24,D1,2024-07-24,1721779200,4.435,4.44,4.378,4.43,139,0,359,155.0
30,-5,Z2YY,Z2YYN24,D1,2024-07-25,1721865600,4.416,4.448,4.36,4.44,137,1,227,215.0
31,-4,Z2YY,Z2YYN24,D1,2024-07-26,1721952000,4.44,4.448,4.377,4.386,108,1,222,269.0
32,-3,Z2YY,Z2YYN24,D1,2024-07-28,1722124800,4.4030000000000005,4.404,4.4030000000000005,4.404,5,1,15,155.0
33,-2,Z2YY,Z2YYN24,D1,2024-07-29,1722211200,4.4030000000000005,4.4030000000000005,4.368,4.396,67,1,138,125.0
34,-1,Z2YY,Z2YYN24,D1,2024-07-30,1722297600,4.399,4.41,4.356,4.356,116,1,214,122.0
21,-26,Z2YY,Z2YYQ24,D1,2024-07-31,1722384000,4.286,4.309,4.174,4.185,120,1,211,169.0
22,-25,Z2YY,Z2YYQ24,D1,2024-08-01,1722470400,4.185,4.213,4.06,4.064,132,1,215,185.0
23,-24,Z2YY,Z2YYQ24,D1,2024-08-02,1722556800,4.059,4.068,3.784,3.784,201,1,271,232.0
24,-23,Z2YY,Z2YYQ24,D1,2024-08-04,1722729600,3.84,3.843,3.81,3.819,12,1,44,177.0
25,-22,Z2YY,Z2YYQ24,D1,2024-08-05,1722816000,3.801,3.86,3.584,3.86,256,1,450,255.0
26,-21,Z2YY,Z2YYQ24,D1,2024-08-06,1722902400,3.895,3.93,3.832,3.876,113,1,146,213.0
27,-20,Z2YY,Z2YYQ24,D1,2024-08-07,1722988800,3.94,3.96,3.85,3.862,59,1,121,239.0
28,-19,Z2YY,Z2YYQ24,D1,2024-08-08,1723075200,3.868,4.012,3.847,3.968,105,1,202,156.0
29,-18,Z2YY,Z2YYQ24,D1,2024-08-09,1723161600,3.951,3.991,3.931,3.983,47,1,60,128.0
30,-17,Z2YY,Z2YYQ24,D1,2024-08-11,1723334400,4.01,4.016,4.008,4.012,7,5,12,91.0
31,-16,Z2YY,Z2YYQ24,D1,2024-08-12,1723420800,3.963,4.011,3.947,3.947,64,0,94,55.0
32,-15,Z2YY,Z2YYQ24,D1,2024-08-13,1723507200,3.951,3.954,3.865,3.877,74,1,118,75.0
33,-14,Z2YY,Z2YYQ24,D1,2024-08-14,1723593600,3.877,3.93,3.815,3.9,88,1,113,108.0
34,-13,Z2YY,Z2YYQ24,D1,2024-08-15,1723680000,3.896,4.056,3.89,4.025,145,1,171,134.0
35,-12,Z2YY,Z2YYQ24,D1,2024-08-16,1723766400,4.032,4.043,3.98,3.992,101,1,180,155.0
36,-11,Z2YY,Z2YYQ24,D1,2024-08-18,1723939200,4.003,4.034,4.003,4.034,10,1,16,122.0
37,-10,Z2YY,Z2YYQ24,D1,2024-08-19,1724025600,4.017,4.026,3.985,4.023,35,1,43,80.0
38,-9,Z2YY,Z2YYQ24,D1,2024-08-20,1724112000,4.017,4.019,3.936,3.94,55,1,90,50.0
39,-8,Z2YY,Z2YYQ24,D1,2024-08-21,1724198400,3.942,3.95,3.851,3.879,113,1,293,142.0
40,-7,Z2YY,Z2YYQ24,D1,2024-08-22,1724284800,3.886,3.972,3.875,3.97,79,1,86,156.0
41,-6,Z2YY,Z2YYQ24,D1,2024-08-23,1724371200,3.928,3.969,3.86,3.867,235,1,498,292.0
42,-5,Z2YY,Z2YYQ24,D1,2024-08-25,1724544000,3.867,3.872,3.86,3.862,6,2,14,199.0
43,-4,Z2YY,Z2YYQ24,D1,2024-08-26,1724630400,3.86,3.903,3.84,3.903,53,1,94,202.0
44,-3,Z2YY,Z2YYQ24,D1,2024-08-27,1724716800,3.89,3.916,3.865,3.869,72,1,210,106.0
45,-2,Z2YY,Z2YYQ24,D1,2024-08-28,1724803200,3.873,3.883,3.856,3.869,80,1,206,170.0
46,-1,Z2YY,Z2YYQ24,D1,2024-08-29,1724889600,3.869,3.915,3.857,3.915,63,1,142,186.0
47,0,Z2YY,Z2YYQ24,D1,2024-08-30,1724976000,3.887,3.936,3.887,3.933,23,1,80,143.0
19,-21,Z2YY,Z2YYU24,D1,2024-09-02,1725235200,3.795,3.816,3.78,3.78,16,1,36,91.0
20,-20,Z2YY,Z2YYU24,D1,2024-09-03,1725321600,3.814,3.835,3.754,3.764,78,1,102,76.0
21,-19,Z2YY,Z2YYU24,D1,2024-09-04,1725408000,3.76,3.76,3.656,3.659,55,1,79,72.0
22,-18,Z2YY,Z2YYU24,D1,2024-09-05,1725494400,3.658,3.691,3.612,3.646,107,1,203,128.0
23,-17,Z2YY,Z2YYU24,D1,2024-09-06,1725580800,3.638,3.676,3.526,3.564,105,1,151,144.0
24,-16,Z2YY,Z2YYU24,D1,2024-09-09,1725840000,3.586,3.623,3.565,3.582,54,1,83,146.0
25,-15,Z2YY,Z2YYU24,D1,2024-09-10,1725926400,3.601,3.601,3.504,3.506,36,1,42,92.0
26,-14,Z2YY,Z2YYU24,D1,2024-09-11,1726012800,3.504,3.615,3.464,3.565,97,1,146,90.0
27,-13,Z2YY,Z2YYU24,D1,2024-09-12,1726099200,3.578,3.617,3.5460000000000003,3.5460000000000003,46,1,67,85.0
28,-12,Z2YY,Z2YYU24,D1,2024-09-13,1726185600,3.55,3.555,3.498,3.507,34,1,67,93.0
29,-11,Z2YY,Z2YYU24,D1,2024-09-15,1726358400,3.488,3.488,3.481,3.481,2,8,2,45.0
30,-10,Z2YY,Z2YYU24,D1,2024-09-16,1726444800,3.493,3.501,3.452,3.49,44,1,60,43.0
31,-9,Z2YY,Z2YYU24,D1,2024-09-17,1726531200,3.479,3.545,3.47,3.535,51,1,79,47.0
32,-8,Z2YY,Z2YYU24,D1,2024-09-18,1726617600,3.536,3.598,3.471,3.5620000000000003,168,1,267,135.0
33,-7,Z2YY,Z2YYU24,D1,2024-09-19,1726704000,3.568,3.609,3.532,3.545,105,1,188,178.0
34,-6,Z2YY,Z2YYU24,D1,2024-09-20,1726790400,3.53,3.606,3.524,3.556,67,1,176,210.0
12,-32,Z2YY,Z2YYV24,D1,2024-09-22,1726963200,3.4,3.4,3.4,3.4,1,79,1,9.0
35,-5,Z2YY,Z2YYU24,D1,2024-09-23,1727049600,3.539,3.588,3.523,3.552,57,1,87,150.0
36,-4,Z2YY,Z2YYU24,D1,2024-09-24,1727136000,3.55,3.581,3.502,3.516,80,1,117,127.0
37,-3,Z2YY,Z2YYU24,D1,2024-09-25,1727222400,3.523,3.56,3.512,3.556,46,1,69,91.0
38,-2,Z2YY,Z2YYU24,D1,2024-09-26,1727308800,3.555,3.633,3.542,3.633,105,1,181,122.0
39,-1,Z2YY,Z2YYU24,D1,2024-09-27,1727395200,3.631,3.646,3.551,3.551,89,1,177,142.0
40,0,Z2YY,Z2YYU24,D1,2024-09-30,1727654400,3.561,3.662,3.56,3.654,30,1,73,144.0
19,-25,Z2YY,Z2YYV24,D1,2024-10-01,1727740800,3.56,3.57,3.501,3.5380000000000003,57,1,143,102.0
20,-24,Z2YY,Z2YYV24,D1,2024-10-02,1727827200,3.537,3.58,3.53,3.571,29,1,48,102.0
21,-23,Z2YY,Z2YYV24,D1,2024-10-03,1727913600,3.571,3.643,3.571,3.635,52,1,105,99.0
22,-22,Z2YY,Z2YYV24,D1,2024-10-04,1728000000,3.63,3.866,3.622,3.866,134,1,241,131.0
23,-21,Z2YY,Z2YYV24,D1,2024-10-06,1728172800,3.864,3.895,3.864,3.895,7,5,8,118.0
24,-20,Z2YY,Z2YYV24,D1,2024-10-07,1728259200,3.887,3.974,3.874,3.936,85,1,190,146.0
25,-19,Z2YY,Z2YYV24,D1,2024-10-08,1728345600,3.909,3.939,3.889,3.908,50,1,154,117.0
26,-18,Z2YY,Z2YYV24,D1,2024-10-09,1728432000,3.916,3.973,3.892,3.973,52,1,65,136.0
27,-17,Z2YY,Z2YYV24,D1,2024-10-10,1728518400,3.949,4.0,3.902,3.908,41,1,50,90.0
28,-16,Z2YY,Z2YYV24,D1,2024-10-11,1728604800,3.88,3.928,3.88,3.894,33,1,41,52.0
29,-15,Z2YY,Z2YYV24,D1,2024-10-13,1728777600,3.923,3.935,3.923,3.935,5,8,14,35.0
30,-14,Z2YY,Z2YYV24,D1,2024-10-14,1728864000,3.924,3.958,3.904,3.953,14,1,17,24.0
31,-13,Z2YY,Z2YYV24,D1,2024-10-15,1728950400,3.924,3.924,3.889,3.922,46,1,107,46.0
32,-12,Z2YY,Z2YYV24,D1,2024-10-16,1729036800,3.899,3.911,3.881,3.9,19,1,22,49.0
33,-11,Z2YY,Z2YYV24,D1,2024-10-17,1729123200,3.893,3.962,3.893,3.937,20,1,43,57.0
34,-10,Z2YY,Z2YYV24,D1,2024-10-18,1729209600,3.947,3.947,3.91,3.92,10,1,18,28.0
35,-9,Z2YY,Z2YYV24,D1,2024-10-21,1729468800,3.916,3.996,3.916,3.995,23,1,43,35.0
36,-8,Z2YY,Z2YYV24,D1,2024-10-22,1729555200,3.999,4.023,3.972,3.985,21,1,36,32.0
37,-7,Z2YY,Z2YYV24,D1,2024-10-23,1729641600,3.994,4.049,3.994,4.049,32,1,64,48.0
38,-6,Z2YY,Z2YYV24,D1,2024-10-24,1729728000,4.042,4.073,4.02,4.073,43,1,116,72.0
39,-5,Z2YY,Z2YYV24,D1,2024-10-25,1729814400,4.05,4.087,4.027,4.087,37,1,73,84.0
40,-4,Z2YY,Z2YYV24,D1,2024-10-27,1729987200,4.111,4.122,4.095,4.12,10,1,10,66.0
41,-3,Z2YY,Z2YYV24,D1,2024-10-28,1730073600,4.121,4.151,4.09,4.136,61,1,112,65.0
42,-2,Z2YY,Z2YYV24,D1,2024-10-29,1730160000,4.119,4.17,4.099,4.099,60,1,98,73.0
43,-1,Z2YY,Z2YYV24,D1,2024-10-30,1730246400,4.132,4.173,4.079,4.173,63,1,178,129.0
16,-21,Z2YY,Z2YYX24,D1,2024-10-31,1730332800,4.099,4.161,4.066,4.08,127,0,357,225.0
17,-20,Z2YY,Z2YYX24,D1,2024-11-01,1730419200,4.12,4.178,4.044,4.176,145,1,500,383.0
18,-19,Z2YY,Z2YYX24,D1,2024-11-04,1730678400,4.131,4.144,4.096,4.139,29,1,41,299.0
19,-18,Z2YY,Z2YYX24,D1,2024-11-05,1730764800,4.123,4.199,4.123,4.162,25,1,32,191.0
20,-17,Z2YY,Z2YYX24,D1,2024-11-06,1730851200,4.197,4.2620000000000005,4.197,4.25,68,1,105,59.0
21,-16,Z2YY,Z2YYX24,D1,2024-11-07,1730937600,4.241,4.245,4.175,4.187,43,1,68,68.0
22,-15,Z2YY,Z2YYX24,D1,2024-11-08,1731024000,4.181,4.23,4.151,4.228,42,1,83,85.0
23,-14,Z2YY,Z2YYX24,D1,2024-11-10,1731196800,4.223,4.223,4.223,4.223,1,162,1,51.0
24,-13,Z2YY,Z2YYX24,D1,2024-11-11,1731283200,4.221,4.271,4.221,4.265,23,4,56,47.0
25,-12,Z2YY,Z2YYX24,D1,2024-11-12,1731369600,4.254,4.326,4.245,4.31,91,1,211,89.0
26,-11,Z2YY,Z2YYX24,D1,2024-11-13,1731456000,4.271,4.333,4.225,4.256,61,1,97,121.0
27,-10,Z2YY,Z2YYX24,D1,2024-11-14,1731542400,4.2780000000000005,4.325,4.237,4.318,41,1,53,120.0
28,-9,Z2YY,Z2YYX24,D1,2024-11-15,1731628800,4.328,4.335,4.2620000000000005,4.29,41,1,58,69.0
29,-8,Z2YY,Z2YYX24,D1,2024-11-18,1731888000,4.283,4.319,4.258,4.258,32,1,109,73.0
30,-7,Z2YY,Z2YYX24,D1,2024-11-19,1731974400,4.261,4.263,4.22,4.255,28,1,53,73.0
31,-6,Z2YY,Z2YYX24,D1,2024-11-20,1732060800,4.263,4.295,4.263,4.29,16,1,21,61.0
32,-5,Z2YY,Z2YYX24,D1,2024-11-21,1732147200,4.291,4.323,4.269,4.323,36,1,45,40.0
33,-4,Z2YY,Z2YYX24,D1,2024-11-22,1732233600,4.316,4.349,4.297,4.345,22,1,34,33.0
34,-3,Z2YY,Z2YYX24,D1,2024-11-25,1732492800,4.316,4.332,4.253,4.253,77,1,112,64.0
35,-2,Z2YY,Z2YYX24,D1,2024-11-26,1732579200,4.275,4.29,4.237,4.251,57,1,93,80.0
36,-1,Z2YY,Z2YYX24,D1,2024-11-27,1732665600,4.27,4.276,4.198,4.225,62,1,123,109.0
8,-21,Z2YY,Z2YYZ24,D1,2024-11-28,1732752000,4.169,4.199,4.169,4.199,4,21,4,38.0
37,0,Z2YY,Z2YYX24,D1,2024-11-29,1732838400,4.211,4.211,4.2,4.2,9,9,41,86.0
10,-19,Z2YY,Z2YYZ24,D1,2024-12-02,1733097600,4.136,4.17,4.127,4.127,52,1,151,60.0
11,-18,Z2YY,Z2YYZ24,D1,2024-12-03,1733184000,4.128,4.1370000000000005,4.098,4.126,19,1,23,67.0
12,-17,Z2YY,Z2YYZ24,D1,2024-12-04,1733270400,4.125,4.15,4.068,4.072,10,2,14,63.0
13,-16,Z2YY,Z2YYZ24,D1,2024-12-05,1733356800,4.08,4.111,4.08,4.101,15,1,19,19.0
14,-15,Z2YY,Z2YYZ24,D1,2024-12-06,1733443200,4.083,4.115,4.032,4.047,32,1,37,23.0
15,-14,Z2YY,Z2YYZ24,D1,2024-12-09,1733702400,4.067,4.074,4.057,4.072,9,1,12,23.0
16,-13,Z2YY,Z2YYZ24,D1,2024-12-10,1733788800,4.081,4.106,4.075,4.097,7,4,7,19.0
17,-12,Z2YY,Z2YYZ24,D1,2024-12-11,1733875200,4.128,4.132,4.064,4.116,30,1,38,19.0
18,-11,Z2YY,Z2YYZ24,D1,2024-12-12,1733961600,4.114,4.165,4.11,4.165,16,1,21,22.0
19,-10,Z2YY,Z2YYZ24,D1,2024-12-13,1734048000,4.176,4.21,4.175,4.21,10,2,15,25.0
20,-9,Z2YY,Z2YYZ24,D1,2024-12-16,1734307200,4.185,4.249,4.185,4.225,23,1,43,26.0
21,-8,Z2YY,Z2YYZ24,D1,2024-12-18,1734480000,4.209,4.315,4.152,4.305,13,1,17,25.0
22,-7,Z2YY,Z2YYZ24,D1,2024-12-19,1734566400,4.295,4.319,4.251,4.319,20,2,26,29.0
23,-6,Z2YY,Z2YYZ24,D1,2024-12-20,1734652800,4.28,4.281,4.232,4.25,17,1,23,22.0
24,-5,Z2YY,Z2YYZ24,D1,2024-12-23,1734912000,4.276,4.315,4.276,4.28,9,19,9,19.0
25,-4,Z2YY,Z2YYZ24,D1,2024-12-24,1734998400,4.31,4.31,4.31,4.31,1,173,1,11.0
26,-3,Z2YY,Z2YYZ24,D1,2024-12-26,1735171200,4.299,4.376,4.299,4.346,41,1,56,22.0
27,-2,Z2YY,Z2YYZ24,D1,2024-12-27,1735257600,4.329,4.329,4.32,4.32,4,1,7,21.0
28,-1,Z2YY,Z2YYZ24,D1,2024-12-30,1735516800,4.363,4.363,4.221,4.248,14,2,21,28.0
29,0,Z2YY,Z2YYZ24,D1,2024-12-31,1735603200,4.266,4.266,4.266,4.266,2,20,2,10.0
11,-23,Z2YY,Z2YYF25,D1,2025-01-02,1735776000,4.159,4.229,4.138,4.225,30,1,71,28.0
12,-22,Z2YY,Z2YYF25,D1,2025-01-03,1735862400,4.231,4.257,4.214,4.257,27,1,41,39.0
13,-21,Z2YY,Z2YYF25,D1,2025-01-05,1736035200,4.267,4.267,4.257,4.2620000000000005,4,3,6,39.0
14,-20,Z2YY,Z2YYF25,D1,2025-01-06,1736121600,4.267,4.267,4.24,4.247,16,1,29,25.0
15,-19,Z2YY,Z2YYF25,D1,2025-01-07,1736208000,4.26,4.296,4.26,4.276,12,1,16,17.0
16,-18,Z2YY,Z2YYF25,D1,2025-01-08,1736294400,4.268,4.286,4.237,4.261,37,1,92,46.0
17,-17,Z2YY,Z2YYF25,D1,2025-01-09,1736380800,4.261,4.261,4.229,4.247,61,1,118,75.0
18,-16,Z2YY,Z2YYF25,D1,2025-01-10,1736467200,4.276,4.412,4.276,4.391,41,1,64,91.0
19,-15,Z2YY,Z2YYF25,D1,2025-01-13,1736726400,4.412,4.426,4.367,4.396,26,1,35,72.0
20,-14,Z2YY,Z2YYF25,D1,2025-01-14,1736812800,4.368,4.375,4.351,4.351,17,6,18,39.0
21,-13,Z2YY,Z2YYF25,D1,2025-01-15,1736899200,4.303,4.303,4.243,4.255,23,1,37,30.0
22,-12,Z2YY,Z2YYF25,D1,2025-01-16,1736985600,4.254,4.283,4.215,4.225,22,1,43,33.0
23,-11,Z2YY,Z2YYF25,D1,2025-01-17,1737072000,4.22,4.267,4.217,4.261,24,1,51,44.0
24,-10,Z2YY,Z2YYF25,D1,2025-01-19,1737244800,4.255,4.268,4.255,4.268,2,13,2,32.0
25,-9,Z2YY,Z2YYF25,D1,2025-01-20,1737331200,4.257,4.266,4.241,4.241,23,1,28,27.0
15,-27,Z2YY,Z2YYG25,D1,2025-01-21,1737417600,4.21,4.211,4.209,4.209,1,0,365,122.0
16,-26,Z2YY,Z2YYG25,D1,2025-01-22,1737504000,4.21,4.22,4.205,4.22,0,0,30,132.0
17,-25,Z2YY,Z2YYG25,D1,2025-01-23,1737590400,4.21,4.241,4.206,4.231,0,0,45,147.0
29,-5,Z2YY,Z2YYF25,D1,2025-01-24,1737676800,4.268,4.279,4.254,4.272,38,1,95,148.0
30,-4,Z2YY,Z2YYF25,D1,2025-01-27,1737936000,4.265,4.265,4.182,4.193,113,0,291,228.0
31,-3,Z2YY,Z2YYF25,D1,2025-01-28,1738022400,4.206,4.208,4.206,4.208,3,44,4,130.0
21,-21,Z2YY,Z2YYG25,D1,2025-01-29,1738108800,4.125,4.19,4.125,4.172,0,0,29,124.0
22,-20,Z2YY,Z2YYG25,D1,2025-01-30,1738195200,4.157,4.17,4.157,4.17,0,0,3,13.0
23,-19,Z2YY,Z2YYG25,D1,2025-01-31,1738281600,4.165,4.205,4.165,4.184,0,0,16,16.0
24,-18,Z2YY,Z2YYG25,D1,2025-02-03,1738540800,4.248,4.256,4.213,4.225,34,1,54,24.0
25,-17,Z2YY,Z2YYG25,D1,2025-02-04,1738627200,4.228,4.228,4.201,4.203,6,7,11,27.0
26,-16,Z2YY,Z2YYG25,D1,2025-02-05,1738713600,4.191,4.194,4.161,4.176,22,1,33,33.0
27,-15,Z2YY,Z2YYG25,D1,2025-02-06,1738800000,4.178,4.201,4.162,4.2,5,1,5,16.0
28,-14,Z2YY,Z2YYG25,D1,2025-02-07,1738886400,4.21,4.291,4.21,4.291,30,1,46,28.0
29,-13,Z2YY,Z2YYG25,D1,2025-02-10,1739145600,4.26,4.294,4.23,4.276,29,1,71,41.0
30,-12,Z2YY,Z2YYG25,D1,2025-02-11,1739232000,4.239,4.29,4.239,4.285,10,1,11,43.0
31,-11,Z2YY,Z2YYG25,D1,2025-02-12,1739318400,4.287,4.38,4.287,4.35,20,5,21,34.0
32,-10,Z2YY,Z2YYG25,D1,2025-02-13,1739404800,4.295,4.326,4.295,4.326,2,29,2,11.0
33,-9,Z2YY,Z2YYG25,D1,2025-02-14,1739491200,4.29,4.29,4.27,4.27,4,1,4,9.0
34,-8,Z2YY,Z2YYG25,D1,2025-02-18,1739836800,4.229,4.27,4.229,4.27,5,1,9,5.0
5,-26,Z2YY,Z2YYH25,D1,2025-02-19,1739923200,4.251,4.311,4.251,4.3,9,1,25,16.0
36,-6,Z2YY,Z2YYG25,D1,2025-02-20,1740009600,4.256,4.27,4.256,4.27,8,1,9,15.0
37,-5,Z2YY,Z2YYG25,D1,2025-02-21,1740096000,4.273,4.275,4.178,4.178,33,1,75,37.0
38,-4,Z2YY,Z2YYG25,D1,2025-02-24,1740355200,4.219,4.219,4.181,4.184,10,1,27,37.0
39,-3,Z2YY,Z2YYG25,D1,2025-02-25,1740441600,4.167,4.167,4.08,4.12,15,1,15,39.0
40,-2,Z2YY,Z2YYG25,D1,2025-02-26,1740528000,4.14,4.14,4.075,4.075,21,1,69,37.0
41,-1,Z2YY,Z2YYG25,D1,2025-02-27,1740614400,4.103,4.103,4.1,4.103,5,1,5,30.0
42,0,Z2YY,Z2YYG25,D1,2025-02-28,1740700800,4.051,4.051,3.99,3.99,10,2,17,30.0
12,-19,Z2YY,Z2YYH25,D1,2025-03-04,1741046400,3.92,3.92,3.84,3.92,17,1,28,15.0
13,-18,Z2YY,Z2YYH25,D1,2025-03-05,1741132800,3.9,4.001,3.867,4.001,22,1,32,25.0
14,-17,Z2YY,Z2YYH25,D1,2025-03-06,1741219200,3.941,3.989,3.911,3.911,19,1,22,27.0
15,-16,Z2YY,Z2YYH25,D1,2025-03-07,1741305600,3.921,3.98,3.877,3.978,26,1,27,27.0
16,-15,Z2YY,Z2YYH25,D1,2025-03-10,1741564800,3.89,3.91,3.868,3.889,195,1,305,118.0
17,-14,Z2YY,Z2YYH25,D1,2025-03-11,1741651200,3.891,3.891,3.869,3.884,6,2,6,113.0
18,-13,Z2YY,Z2YYH25,D1,2025-03-12,1741737600,3.934,3.97,3.934,3.967,9,3,9,107.0
19,-12,Z2YY,Z2YYH25,D1,2025-03-13,1741824000,3.968,3.968,3.92,3.92,4,2,4,6.0
20,-11,Z2YY,Z2YYH25,D1,2025-03-14,1741910400,3.993,3.993,3.952,3.99,12,9,143,52.0
21,-10,Z2YY,Z2YYH25,D1,2025-03-17,1742169600,4.027,4.04,4.001,4.015,12,1,13,53.0
22,-9,Z2YY,Z2YYH25,D1,2025-03-18,1742256000,4.006,4.007,4.006,4.007,3,1,21,59.0
23,-8,Z2YY,Z2YYH25,D1,2025-03-19,1742342400,3.97,3.986,3.97,3.97,5,41,5,13.0
24,-7,Z2YY,Z2YYH25,D1,2025-03-20,1742428800,3.98,3.98,3.904,3.943,20,1,32,19.0
25,-6,Z2YY,Z2YYH25,D1,2025-03-21,1742515200,3.917,3.929,3.896,3.926,8,3,11,16.0
26,-5,Z2YY,Z2YYH25,D1,2025-03-24,1742774400,3.97,3.99,3.97,3.99,4,4,4,16.0
27,-4,Z2YY,Z2YYH25,D1,2025-03-25,1742860800,3.996,4.021,3.992,3.992,8,1,12,9.0
28,-3,Z2YY,Z2YYH25,D1,2025-03-26,1742947200,4.019,4.036,4.004,4.022,64,1,99,38.0
29,-2,Z2YY,Z2YYH25,D1,2025-03-27,1743033600,3.989,3.998,3.989,3.998,3,1,8,40.0
30,-1,Z2YY,Z2YYH25,D1,2025-03-28,1743120000,3.975,3.975,3.937,3.941,12,1,13,40.0
11,-21,Z2YY,Z2YYJ25,D1,2025-03-31,1743379200,3.831,3.831,3.794,3.828,8,1,11,35.0
12,-20,Z2YY,Z2YYJ25,D1,2025-04-01,1743465600,3.816,3.816,3.816,3.816,1,268,1,5.0
13,-19,Z2YY,Z2YYJ25,D1,2025-04-02,1743552000,3.795,3.795,3.78,3.78,2,20,3,5.0
14,-18,Z2YY,Z2YYJ25,D1,2025-04-03,1743638400,3.716,3.716,3.694,3.695,8,12,8,4.0
15,-17,Z2YY,Z2YYJ25,D1,2025-04-04,1743724800,3.621,3.621,3.447,3.559,19,1,23,11.0
16,-16,Z2YY,Z2YYJ25,D1,2025-04-06,1743897600,3.559,3.559,3.38,3.38,5,10,5,12.0
17,-15,Z2YY,Z2YYJ25,D1,2025-04-07,1743984000,3.385,3.69,3.385,3.69,12,1,13,14.0
18,-14,Z2YY,Z2YYJ25,D1,2025-04-08,1744070400,3.739,3.75,3.663,3.678,9,10,11,10.0
19,-13,Z2YY,Z2YYJ25,D1,2025-04-09,1744156800,3.737,3.95,3.737,3.874,15,0,22,15.0
20,-12,Z2YY,Z2YYJ25,D1,2025-04-10,1744243200,3.806,3.876,3.806,3.811,3,26,7,13.0
4,-26,Z2YY,Z2YYK25,D1,2025-04-11,1744329600,3.762,3.762,3.762,3.762,2,118,5,2.0
21,-11,Z2YY,Z2YYJ25,D1,2025-04-14,1744588800,3.86,3.86,3.86,3.86,1,489,5,11.0
5,-25,Z2YY,Z2YYK25,D1,2025-04-15,1744675200,3.75,3.75,3.75,3.75,1,218,1,2.0
22,-10,Z2YY,Z2YYJ25,D1,2025-04-16,1744761600,3.8,3.8,3.8,3.8,1,305,1,4.0
23,-9,Z2YY,Z2YYJ25,D1,2025-04-17,1744848000,3.75,3.75,3.75,3.75,1,277,1,2.0
24,-8,Z2YY,Z2YYJ25,D1,2025-04-20,1745107200,3.761,3.761,3.76,3.76,2,140,2,1.0
25,-7,Z2YY,Z2YYJ25,D1,2025-04-21,1745193600,3.757,3.757,3.738,3.738,2,25,2,2.0
26,-6,Z2YY,Z2YYJ25,D1,2025-04-22,1745280000,3.745,3.81,3.745,3.81,9,3,14,6.0
27,-5,Z2YY,Z2YYJ25,D1,2025-04-23,1745366400,3.829,3.829,3.778,3.829,7,1,10,9.0
28,-4,Z2YY,Z2YYJ25,D1,2025-04-24,1745452800,3.85,3.85,3.85,3.85,2,105,15,13.0
29,-3,Z2YY,Z2YYJ25,D1,2025-04-25,1745539200,3.8,3.8,3.754,3.754,4,2,5,10.0
30,-2,Z2YY,Z2YYJ25,D1,2025-04-28,1745798400,3.753,3.753,3.705,3.706,7,1,10,10.0
31,-1,Z2YY,Z2YYJ25,D1,2025-04-29,1745884800,3.704,3.724,3.648,3.658,9,1,19,11.0
32,0,Z2YY,Z2YYJ25,D1,2025-04-30,1745971200,3.606,3.606,3.571,3.571,5,1,26,18.0
12,-18,Z2YY,Z2YYK25,D1,2025-05-01,1746057600,3.513,3.681,3.513,3.653,9,1,14,11.0
13,-17,Z2YY,Z2YYK25,D1,2025-05-02,1746144000,3.674,3.749,3.674,3.749,7,1,18,13.0
14,-16,Z2YY,Z2YYK25,D1,2025-05-05,1746403200,3.754,3.815,3.754,3.808,14,2,33,22.0
15,-15,Z2YY,Z2YYK25,D1,2025-05-06,1746489600,3.772,3.774,3.772,3.774,2,24,15,22.0
16,-14,Z2YY,Z2YYK25,D1,2025-05-07,1746576000,3.75,3.765,3.739,3.739,4,1,5,18.0
17,-13,Z2YY,Z2YYK25,D1,2025-05-08,1746662400,3.774,3.782,3.774,3.778,5,1,37,19.0
18,-12,Z2YY,Z2YYK25,D1,2025-05-09,1746748800,3.832,3.864,3.812,3.843,5,2,6,16.0
19,-11,Z2YY,Z2YYK25,D1,2025-05-12,1747008000,3.87,3.9,3.87,3.9,2,99,2,15.0
20,-10,Z2YY,Z2YYK25,D1,2025-05-13,1747094400,4.017,4.017,3.968,3.968,2,20,4,4.0
21,-9,Z2YY,Z2YYK25,D1,2025-05-14,1747180800,4.0,4.001,4.0,4.001,2,2,2,3.0
22,-8,Z2YY,Z2YYK25,D1,2025-05-15,1747267200,4.03,4.03,3.932,3.932,47,1,264,90.0
23,-7,Z2YY,Z2YYK25,D1,2025-05-16,1747353600,3.9,3.978,3.9,3.961,7,2,25,97.0
24,-6,Z2YY,Z2YYK25,D1,2025-05-21,1747785600,3.96,3.96,3.938,3.938,5,5,21,103.0
25,-5,Z2YY,Z2YYK25,D1,2025-05-22,1747872000,3.988,3.988,3.98,3.98,4,16,4,17.0
26,-4,Z2YY,Z2YYK25,D1,2025-05-23,1747958400,3.908,3.93,3.897,3.93,5,1,11,12.0
27,-3,Z2YY,Z2YYK25,D1,2025-05-27,1748304000,3.975,3.975,3.975,3.975,4,83,60,25.0
28,-2,Z2YY,Z2YYK25,D1,2025-05-28,1748390400,3.984,4.012,3.975,4.003,7,2,14,28.0
29,-1,Z2YY,Z2YYK25,D1,2025-05-29,1748476800,3.965,3.965,3.944,3.944,2,29,5,26.0
30,0,Z2YY,Z2YYK25,D1,2025-05-30,1748563200,3.916,3.927,3.902,3.922,10,2,13,11.0
12,-14,Z2YY,Z2YYM25,D1,2025-06-02,1748822400,3.878,3.878,3.86,3.872,4,5,7,8.0
13,-13,Z2YY,Z2YYM25,D1,2025-06-04,1748995200,3.907,3.907,3.906,3.906,2,38,5,9.0
14,-12,Z2YY,Z2YYM25,D1,2025-06-05,1749081600,3.847,3.878,3.847,3.878,4,1,4,5.0
15,-11,Z2YY,Z2YYM25,D1,2025-06-06,1749168000,3.935,3.999,3.935,3.999,8,1,10,6.0
16,-10,Z2YY,Z2YYM25,D1,2025-06-09,1749427200,3.973,3.975,3.973,3.975,4,1,5,6.0
17,-9,Z2YY,Z2YYM25,D1,2025-06-10,1749513600,3.972,3.972,3.972,3.972,1,22,1,5.0
18,-8,Z2YY,Z2YYM25,D1,2025-06-11,1749600000,3.992,3.992,3.911,3.911,5,7,7,4.0
19,-7,Z2YY,Z2YYM25,D1,2025-06-13,1749772800,3.925,3.925,3.925,3.925,1,81,2,3.0
20,-6,Z2YY,Z2YYM25,D1,2025-06-16,1750032000,3.901,3.901,3.901,3.901,1,121,1,3.0
21,-5,Z2YY,Z2YYM25,D1,2025-06-18,1750204800,3.901,3.901,3.901,3.901,1,388,1,1.0
22,-4,Z2YY,Z2YYM25,D1,2025-06-23,1750636800,3.891,3.891,3.891,3.891,1,137,1,1.0
23,-3,Z2YY,Z2YYM25,D1,2025-06-24,1750723200,3.8,3.8,3.8,3.8,1,218,2,1.0
24,-2,Z2YY,Z2YYM25,D1,2025-06-26,1750896000,3.76,3.796,3.76,3.796,2,72,2,2.0
25,-1,Z2YY,Z2YYM25,D1,2025-06-27,1750982400,3.776,3.776,3.776,3.776,1,179,1,2.0
6,-13,Z2YY,Z2YYN25,D1,2025-06-30,1751241600,3.72,3.72,3.664,3.664,4,5,21,8.0
7,-12,Z2YY,Z2YYN25,D1,2025-07-02,1751414400,3.681,3.681,3.681,3.681,1,141,2,8.0
8,-11,Z2YY,Z2YYN25,D1,2025-07-03,1751500800,3.752,3.852,3.752,3.85,10,7,10,11.0
9,-10,Z2YY,Z2YYN25,D1,2025-07-07,1751846400,3.85,3.85,3.85,3.85,1,120,4,5.0
10,-9,Z2YY,Z2YYN25,D1,2025-07-09,1752019200,3.861,3.861,3.836,3.836,4,24,6,7.0
11,-8,Z2YY,Z2YYN25,D1,2025-07-14,1752451200,3.857,3.876,3.837,3.84,6,1,13,8.0
3,-14,Z2YY,Z2YYQ25,D1,2025-07-15,1752537600,3.84,3.85,3.84,3.85,2,9,2,1.0
12,-7,Z2YY,Z2YYN25,D1,2025-07-16,1752624000,3.81,3.873,3.8,3.873,7,10,13,11.0
13,-6,Z2YY,Z2YYN25,D1,2025-07-17,1752710400,3.87,3.871,3.87,3.871,2,8,2,9.0
14,-5,Z2YY,Z2YYN25,D1,2025-07-18,1752796800,3.819,3.836,3.819,3.836,2,35,2,6.0
15,-4,Z2YY,Z2YYN25,D1,2025-07-21,1753056000,3.83,3.83,3.83,3.83,1,67,1,2.0
16,-3,Z2YY,Z2YYN25,D1,2025-07-22,1753142400,3.86,3.86,3.86,3.86,1,48,1,1.0
6,-11,Z2YY,Z2YYQ25,D1,2025-07-23,1753228800,3.821,3.821,3.821,3.821,1,309,1,2.0
17,-2,Z2YY,Z2YYN25,D1,2025-07-24,1753315200,3.866,3.935,3.866,3.898,8,1,12,5.0
18,-1,Z2YY,Z2YYN25,D1,2025-07-29,1753747200,3.901,3.901,3.901,3.901,1,149,2,5.0
8,-9,Z2YY,Z2YYQ25,D1,2025-07-30,1753833600,3.868,3.868,3.868,3.868,1,216,1,3.0
9,-8,Z2YY,Z2YYQ25,D1,2025-07-31,1753920000,3.89,3.898,3.89,3.898,4,11,17,8.0
10,-7,Z2YY,Z2YYQ25,D1,2025-08-01,1754006400,3.748,3.748,3.72,3.72,4,8,4,7.0
11,-6,Z2YY,Z2YYQ25,D1,2025-08-04,1754265600,3.72,3.72,3.72,3.72,1,50,2,8.0
12,-5,Z2YY,Z2YYQ25,D1,2025-08-05,1754352000,3.7,3.738,3.7,3.725,5,11,8,5.0
13,-4,Z2YY,Z2YYQ25,D1,2025-08-06,1754438400,3.7,3.7,3.7,3.7,1,137,1,4.0
14,-3,Z2YY,Z2YYQ25,D1,2025-08-13,1755043200,3.683,3.683,3.683,3.683,1,225,1,3.0
3,-13,Z2YY,Z2YYU25,D1,2025-08-22,1755820800,3.64,3.64,3.64,3.64,3,40,15,5.0
16,-1,Z2YY,Z2YYQ25,D1,2025-08-27,1756252800,3.63,3.63,3.63,3.63,1,290,1,4.0
1,-42,Z2YY,Z2YYV25,D1,2025-08-28,1756339200,3.598,3.598,3.598,3.598,0,0,0,0.0
4,-12,Z2YY,Z2YYU25,D1,2025-08-29,1756425600,3.63,3.63,3.573,3.573,4,3,19,11.0
5,-11,Z2YY,Z2YYU25,D1,2025-09-01,1756684800,3.585,3.585,3.585,3.585,1,20,1,12.0
6,-10,Z2YY,Z2YYU25,D1,2025-09-02,1756771200,3.585,3.585,3.565,3.58,12,7,64,28.0
4,-39,Z2YY,Z2YYV25,D1,2025-09-03,1756857600,3.549,3.549,3.549,3.549,0,0,0,0.0
5,-38,Z2YY,Z2YYV25,D1,2025-09-04,1756944000,3.549,3.549,3.549,3.549,0,0,0,0.0
7,-9,Z2YY,Z2YYU25,D1,2025-09-05,1757030400,3.595,3.595,3.595,3.595,1,140,1,22.0
8,-8,Z2YY,Z2YYU25,D1,2025-09-07,1757203200,3.57,3.57,3.57,3.57,1,140,1,22.0
9,-7,Z2YY,Z2YYU25,D1,2025-09-08,1757289600,3.57,3.57,3.45,3.45,3,5,6,3.0
8,-35,Z2YY,Z2YYV25,D1,2025-09-09,1757376000,3.419,3.419,3.419,3.419,0,0,0,0.0
9,-34,Z2YY,Z2YYV25,D1,2025-09-10,1757462400,3.419,3.419,3.419,3.419,0,0,0,0.0
10,-33,Z2YY,Z2YYV25,D1,2025-09-11,1757548800,3.419,3.419,3.419,3.419,0,0,0,0.0
10,-6,Z2YY,Z2YYU25,D1,2025-09-12,1757635200,3.496,3.496,3.496,3.496,1,156,1,3.0
12,-31,Z2YY,Z2YYV25,D1,2025-09-15,1757894400,3.465,3.465,3.465,3.465,0,0,0,0.0
13,-30,Z2YY,Z2YYV25,D1,2025-09-16,1757980800,3.465,3.465,3.465,3.465,0,0,0,0.0
14,-29,Z2YY,Z2YYV25,D1,2025-09-17,1758067200,3.465,3.465,3.465,3.465,0,0,0,0.0
11,-5,Z2YY,Z2YYU25,D1,2025-09-18,1758153600,3.57,3.574,3.57,3.574,2,1,2,3.0
12,-4,Z2YY,Z2YYU25,D1,2025-09-19,1758240000,3.57,3.57,3.57,3.57,2,9,65,23.0
13,-3,Z2YY,Z2YYU25,D1,2025-09-21,1758412800,3.571,3.571,3.571,3.571,1,65,1,23.0
17,-26,Z2YY,Z2YYV25,D1,2025-09-22,1758499200,3.54,3.54,3.54,3.54,0,0,0,0.0
18,-25,Z2YY,Z2YYV25,D1,2025-09-23,1758585600,3.54,3.54,3.54,3.54,0,0,0,0.0
14,-2,Z2YY,Z2YYU25,D1,2025-09-24,1758672000,3.571,3.571,3.571,3.571,1,236,1,22.0
15,-1,Z2YY,Z2YYU25,D1,2025-09-25,1758758400,3.571,3.63,3.571,3.63,4,5,4,2.0
21,-22,Z2YY,Z2YYV25,D1,2025-09-26,1758844800,3.585,3.585,3.585,3.585,0,0,0,0.0
16,0,Z2YY,Z2YYU25,D1,2025-09-29,1759104000,3.632,3.632,3.632,3.632,1,66,1,2.0
23,-20,Z2YY,Z2YYV25,D1,2025-09-30,1759190400,3.59,3.59,3.509,3.509,0,0,20,7.0
24,-19,Z2YY,Z2YYV25,D1,2025-10-01,1759276800,3.59,3.59,3.59,3.59,0,0,0,7.0
25,-18,Z2YY,Z2YYV25,D1,2025-10-02,1759363200,3.59,3.59,3.59,3.59,0,0,0,7.0
5,-19,Z2YY,Z2YYX25,D1,2025-10-03,1759449600,3.539,3.539,3.539,3.539,0,0,0,0.0
6,-18,Z2YY,Z2YYX25,D1,2025-10-06,1759708800,3.539,3.539,3.539,3.539,0,0,0,0.0
7,-17,Z2YY,Z2YYX25,D1,2025-10-07,1759795200,3.539,3.539,3.539,3.539,0,0,0,0.0
8,-16,Z2YY,Z2YYX25,D1,2025-10-08,1759881600,3.539,3.539,3.539,3.539,0,0,0,0.0
9,-15,Z2YY,Z2YYX25,D1,2025-10-09,1759968000,3.539,3.539,3.539,3.539,0,0,0,0.0
10,-14,Z2YY,Z2YYX25,D1,2025-10-10,1760054400,3.534,3.534,3.534,3.534,0,0,0,0.0
11,-13,Z2YY,Z2YYX25,D1,2025-10-13,1760313600,3.534,3.534,3.534,3.534,0,0,0,0.0
12,-12,Z2YY,Z2YYX25,D1,2025-10-14,1760400000,3.449,3.449,3.449,3.449,0,0,0,0.0
34,-9,Z2YY,Z2YYV25,D1,2025-10-15,1760486400,3.51,3.51,3.5,3.5,0,0,5,2.0
35,-8,Z2YY,Z2YYV25,D1,2025-10-16,1760572800,3.5,3.5,3.5,3.5,0,0,0,2.0
36,-7,Z2YY,Z2YYV25,D1,2025-10-17,1760659200,3.48,3.48,3.48,3.48,0,0,0,2.0
37,-6,Z2YY,Z2YYV25,D1,2025-10-20,1760918400,3.44,3.44,3.437,3.437,0,0,5,2.0
38,-5,Z2YY,Z2YYV25,D1,2025-10-21,1761004800,3.437,3.437,3.437,3.437,0,0,0,2.0
39,-4,Z2YY,Z2YYV25,D1,2025-10-22,1761091200,3.437,3.437,3.437,3.437,0,0,0,2.0
19,-5,Z2YY,Z2YYX25,D1,2025-10-23,1761177600,3.386,3.386,3.386,3.386,0,0,0,0.0
20,-4,Z2YY,Z2YYX25,D1,2025-10-24,1761264000,3.386,3.386,3.386,3.386,0,0,0,0.0
42,-1,Z2YY,Z2YYV25,D1,2025-10-28,1761609600,3.47,3.47,3.47,3.47,1,94,2,1.0
43,0,Z2YY,Z2YYV25,D1,2025-10-29,1761696000,3.485,3.485,3.485,3.485,1,146,1,1.0
1,-2,Z2YY,Z2YYZ25,D1,2025-10-30,1761782400,3.383,3.383,3.383,3.383,0,0,0,0.0
2,-1,Z2YY,Z2YYZ25,D1,2025-10-31,1761868800,3.383,3.383,3.383,3.383,0,0,0,0.0
22,-2,Z2YY,Z2YYX25,D1,2025-11-03,1762128000,3.505,3.505,3.505,3.505,1,247,15,5.0
23,-1,Z2YY,Z2YYX25,D1,2025-11-05,1762300800,3.568,3.568,3.568,3.568,1,469,4,7.0
24,0,Z2YY,Z2YYX25,D1,2025-11-26,1764115200,3.47,3.47,3.47,3.47,1,210,1,7.0
3,0,Z2YY,Z2YYZ25,D1,2025-11-28,1764288000,3.419,3.419,3.419,3.419,2,76,2,1.0
