Ref,Magic,Ticker,Symbol,Future,Side,Dir,Volume,Entry,Exit,Open,Close,Durat.Hr,Durat.Min,PTake,PStop,TP,SL,ULA Change,ULA Variat,Costs,Result,Return
AT_GL_Real,111513,BIT,BITF26,F26,Short,-1,1.0,2026-01-14 09:14:18,2026-01-14 13:14:14,514160.0,528500.0,3.9988888888888887,239.93333333333334,501280.0,,2.51,,14340.0,2.7890150925781825,0.0,-143.4,-2.7890150925781825
AT_GL_Real,101502,WIN,WING26,G26,Short,-1,1.0,2026-01-14 09:59:28,2026-01-14 11:28:59,164925.0,164770.0,1.4919444444444445,89.51666666666667,,166575.0,,-1.0,-155.0,-0.09398211308170801,0.0,31.0,0.09398211308170801
AT_GL_Real,111513,BIT,BITF26,F26,Short,-1,1.0,2026-01-14 13:14:20,2026-01-14 17:14:29,528240.0,530960.0,4.0025,240.15,515080.0,,2.49,,2720.0,0.5149174617598078,0.0,-27.2,-0.5149174617598078
AT_GL_Real,111505,BIT,BITF26,F26,Short,-1,1.0,2026-01-14 17:14:37,2026-01-14 17:34:07,530880.0,530280.0,0.325,19.5,,536180.0,,-1.0,-600.0,-0.11301989150091174,0.0,6.0,0.11301989150091174
AT_GL_Real,111504,BIT,BITF26,F26,Long,1,1.0,2026-01-19 13:42:12,2026-01-19 14:21:06,501200.0,501880.0,0.6483333333333333,38.9,,493660.0,,-1.5,680.0,0.135674381484435,0.0,6.8,0.135674381484435
,,WDO,WDOG26,G26,Long,1,1.0,2026-01-21 10:06:16,2026-01-21 10:06:20,5359.5,5359.0,0.0011111111111111111,0.06666666666666667,,,,,-0.5,-0.009329228472807927,0.0,-5.0,-0.009329228472807927
AT_GL_Real,101514,WIN,WING26,G26,Long,1,1.0,2026-01-22 09:44:03,2026-01-22 11:16:44,174340.0,175620.0,1.5447222222222223,92.68333333333334,175650.0,,0.75,,1280.0,0.7341975450269445,0.0,256.0,0.7341975450269445
AT_GL_Real,101522,WIN,WING26,G26,Short,-1,1.0,2026-01-22 12:29:49,2026-01-22 13:29:33,178080.0,178565.0,0.9955555555555555,59.733333333333334,176290.0,,1.0,,485.0,0.2723495058400687,0.0,-97.0,-0.2723495058400687
AT_GL_Real,121517,WDO,WDOG26,G26,Long,1,1.0,2026-01-23 09:44:01,2026-01-23 17:34:10,5304.0,5298.5,7.835833333333333,470.15,,5237.5,,-1.25,-5.5,-0.10369532428356365,0.0,-55.0,-0.10369532428356365
AT_GL_Real,101502,WIN,WING26,G26,Short,-1,1.0,2026-01-27 09:59:50,2026-01-27 11:26:11,182350.0,184170.0,1.4391666666666667,86.35,,184175.0,,-1.0,1820.0,0.9980806142034595,0.0,-364.0,-0.9980806142034595
AT_GL_Real,101522,WIN,WING26,G26,Short,-1,1.0,2026-01-29 09:02:01,2026-01-29 11:52:42,188550.0,186565.0,2.8447222222222224,170.68333333333334,186560.0,,1.0,,-1985.0,-1.0527711482365447,0.0,397.0,1.0527711482365447
AT_GL_Real,101501,WIN,WING26,G26,Long,1,1.0,2026-02-02 09:29:58,2026-02-02 17:34:41,182820.0,183485.0,8.078611111111112,484.71666666666664,184650.0,,1.0,,665.0,0.3637457608576682,0.0,133.0,0.3637457608576682
AT_GL_Real,101502,WIN,WING26,G26,Short,-1,1.0,2026-02-02 09:59:13,2026-02-02 13:29:25,183075.0,183135.0,3.5033333333333334,210.2,,184905.0,,-1.0,60.0,0.03277345350265648,0.0,-12.0,-0.03277345350265648
AT_GL_Real,101514,WIN,WING26,G26,Long,1,1.0,2026-02-03 09:44:49,2026-02-03 10:58:13,185620.0,187005.0,1.2233333333333334,73.4,187010.0,,0.75,,1385.0,0.7461480443917736,0.0,277.0,0.7461480443917736
AT_GL_Real,101502,WIN,WING26,G26,Short,-1,1.0,2026-02-03 09:59:22,2026-02-03 11:22:49,185735.0,187585.0,1.3908333333333334,83.45,,187590.0,,-1.0,1850.0,0.9960427490779864,0.0,-370.0,-0.9960427490779864
AT_GL_Real,101522,WIN,WING26,G26,Short,-1,1.0,2026-02-03 10:59:23,2026-02-03 11:59:44,187035.0,187830.0,1.0058333333333334,60.35,185165.0,,1.0,,795.0,0.4250541342529601,0.0,-159.0,-0.4250541342529601
AT_GL_Real,111502,BIT,BITG26,G26,Short,-1,1.0,2026-02-04 12:44:59,2026-02-04 13:08:46,393240.0,390460.0,0.3963888888888889,23.783333333333335,390320.0,,0.75,,-2780.0,-0.7069474112501268,0.0,27.8,0.7069474112501268
AT_GL_Real,101514,WIN,WING26,G26,Long,1,1.0,2026-02-05 10:14:11,2026-02-05 11:39:49,182795.0,184165.0,1.4272222222222222,85.63333333333334,184170.0,,0.75,,1370.0,0.7494734538690864,0.0,274.0,0.7494734538690864
AT_GL_Real,101520,WIN,WING26,G26,Short,-1,1.0,2026-02-05 11:43:20,2026-02-05 12:12:50,184485.0,183095.0,0.49166666666666664,29.5,183095.0,,0.75,,-1390.0,-0.7534487898745112,0.0,278.0,0.7534487898745112
AT_GL_Real,111502,BIT,BITG26,G26,Short,-1,1.0,2026-02-05 12:44:05,2026-02-05 13:09:39,358220.0,355640.0,0.4261111111111111,25.566666666666666,355540.0,,0.75,,-2580.0,-0.7202277929763738,0.0,25.8,0.7202277929763738
AT_GL_Real,111514,BIT,BITG26,G26,Long,1,1.0,2026-02-05 12:44:05,2026-02-05 14:44:16,358300.0,354220.0,2.0030555555555556,120.18333333333334,367260.0,,2.5,,-4080.0,-1.1387105777281619,0.0,-40.8,-1.1387105777281619
AT_GL_Real,111514,BIT,BITG26,G26,Long,1,1.0,2026-02-06 09:14:59,2026-02-06 11:38:23,350280.0,359000.0,2.39,143.4,359040.0,,2.5,,8720.0,2.4894370218111277,0.0,87.2,2.4894370218111277
AT_GL_Real,101514,WIN,WING26,G26,Long,1,1.0,2026-02-09 09:29:24,2026-02-09 14:11:36,184280.0,185655.0,4.703333333333333,282.2,185665.0,,0.75,,1375.0,0.7461471673540103,0.0,275.0,0.7461471673540103
AT_GL_Real,111518,BIT,BITG26,G26,Short,-1,1.0,2026-02-10 09:02:24,2026-02-10 10:33:45,358920.0,361320.0,1.5225,91.35,,361540.0,,-0.75,2400.0,0.668672684720832,0.0,-24.0,-0.668672684720832
AT_GL_Real,111518,BIT,BITG26,G26,Short,-1,1.0,2026-02-10 11:02:35,2026-02-10 12:30:18,360920.0,363460.0,1.4619444444444445,87.71666666666667,,363620.0,,-0.75,2540.0,0.7037570652776282,0.0,-25.4,-0.7037570652776282
AT_GL_Real,111518,BIT,BITG26,G26,Short,-1,1.0,2026-02-11 09:02:16,2026-02-11 10:30:07,349540.0,351680.0,1.4641666666666666,87.85,,352360.0,,-0.81,2140.0,0.6122332208044838,0.0,-21.4,-0.6122332208044838
AT_GL_Real,101502,WIN,WING26,G26,Short,-1,1.0,2026-02-11 09:59:38,2026-02-11 11:29:00,188405.0,189425.0,1.4894444444444443,89.36666666666666,,190290.0,,-1.0,1020.0,0.5413869058676681,0.0,-204.0,-0.5413869058676681
AT_GL_Real,111502,BIT,BITG26,G26,Short,-1,1.0,2026-02-11 12:32:16,2026-02-11 13:49:17,345940.0,343340.0,1.283611111111111,77.01666666666667,343340.0,,0.75,,-2600.0,-0.7515754177024832,0.0,26.0,0.7515754177024832
AT_GL_Real,111518,BIT,BITG26,G26,Short,-1,1.0,2026-02-12 10:04:37,2026-02-12 10:58:28,352660.0,355260.0,0.8975,53.85,,355300.0,,-0.75,2600.0,0.7372540123631808,0.0,-26.0,-0.7372540123631808
AT_GL_Real,101519,WIN,WING26,G26,Long,1,1.0,2026-02-13 09:18:43,2026-02-13 17:57:56,185725.0,186450.0,8.653611111111111,519.2166666666667,186660.0,,0.5,,725.0,0.39036209449454873,0.0,145.0,0.39036209449454873
AT_GL_Real,121522,WDO,WDOH26,H26,Short,-1,1.0,2026-02-13 11:09:34,2026-02-13 17:57:56,5229.0,5238.0,6.806111111111111,408.3666666666667,5203.5,,0.49,,9.0,0.17211703958692226,0.0,0.0,-0.17211703958692226
[Ordem de zerada automatica],,WIN,WING26,G26,Short,-1,1.0,2026-02-13 17:57:56,2026-02-13 17:57:56,186450.0,185725.0,0.0,0.0,,,,,-725.0,-0.3888441941539327,0.0,0.0,0.3888441941539327
[Ordem de zerada automatica],,WDO,WDOH26,H26,Long,1,1.0,2026-02-13 17:57:56,2026-02-13 17:57:56,5238.0,5229.0,0.0,0.0,,,,,-9.0,-0.17182130584191668,0.0,-90.0,-0.17182130584191668
GL_Real,111518,BIT,BITG26,G26,Short,-1,1.0,2026-02-23 09:44:14,2026-02-23 11:44:10,345320.0,339620.0,1.998888888888889,119.93333333333334,,347940.0,,-0.75,-5700.0,-1.6506428819645578,0.0,57.0,1.6506428819645578
GL_Real,111520,BIT,BITG26,G26,Long,1,1.0,2026-02-23 11:44:15,2026-02-23 11:49:41,339920.0,338540.0,0.09055555555555556,5.433333333333334,,338560.0,,-0.4,-1380.0,-0.4059778771475635,0.0,-13.8,-0.4059778771475635
GL_Real,111518,BIT,BITG26,G26,Short,-1,1.0,2026-02-24 10:59:43,2026-02-24 11:47:58,326400.0,328840.0,0.8041666666666667,48.25,,328840.0,,-0.75,2440.0,0.7475490196078454,0.0,-24.4,-0.7475490196078454
GL_Real,111520,BIT,BITG26,G26,Long,1,1.0,2026-02-24 11:14:43,2026-02-24 17:14:41,326260.0,332920.0,5.999444444444444,359.96666666666664,,324960.0,,-0.4,6660.0,2.041316741249304,0.0,66.6,2.041316741249304
GL_Real,111514,BIT,BITG26,G26,Long,1,1.0,2026-02-24 14:44:43,2026-02-24 16:44:41,331020.0,332960.0,1.9994444444444444,119.96666666666667,339260.0,315260.0,2.49,-4.76,1940.0,0.5860673071113496,0.0,19.4,0.5860673071113496
GL_Real,101529,WIN,WINJ26,J26,Short,-1,1.0,2026-02-26 09:45:13,2026-02-26 11:45:27,194020.0,193250.0,2.003888888888889,120.23333333333333,193245.0,198190.0,0.4,-2.15,-770.0,-0.3968663024430441,0.0,154.0,0.3968663024430441
GL_Real,121529,WDO,WDOH26,H26,Long,1,1.0,2026-02-26 09:45:15,2026-02-26 12:06:31,5143.5,5144.5,2.3544444444444443,141.26666666666668,,5079.0,,-1.25,1.0,0.019442014192662782,0.0,10.0,0.019442014192662782
GL_Real,111518,BIT,BITG26,G26,Short,-1,1.0,2026-02-27 09:30:03,2026-02-27 10:47:35,338640.0,341180.0,1.2922222222222222,77.53333333333333,,341180.0,,-0.75,2540.0,0.7500590597684891,0.0,-25.4,-0.7500590597684891
GL_Real,101519,WIN,WINJ26,J26,Long,1,1.0,2026-03-02 09:45:11,2026-03-02 10:23:25,190085.0,191020.0,0.6372222222222222,38.233333333333334,191035.0,186760.0,0.5,-1.75,935.0,0.491885209248494,0.0,187.0,0.491885209248494
GL_Real,101515,WIN,WINJ26,J26,Short,-1,1.0,2026-03-02 09:45:11,2026-03-02 12:45:05,190080.0,191375.0,2.9983333333333335,179.9,189510.0,193405.0,0.3,-1.75,1295.0,0.68129208754209,0.0,-259.0,-0.68129208754209
GL_Real,111514,BIT,BITH26,H26,Long,1,1.0,2026-03-02 12:45:08,2026-03-02 14:45:05,365540.0,361020.0,1.9991666666666668,119.95,374700.0,348200.0,2.51,-4.74,-4520.0,-1.236526782294689,0.0,-45.2,-1.236526782294689
GL_Real,101529,WIN,WINJ26,J26,Short,-1,1.0,2026-03-02 12:45:12,2026-03-02 17:30:12,191370.0,192075.0,4.75,285.0,190605.0,195195.0,0.4,-2.0,705.0,0.36839630036055837,0.0,-141.0,-0.36839630036055837
GL_Real,101501,WIN,WINJ26,J26,Long,1,1.0,2026-03-03 09:30:05,2026-03-03 17:30:10,188045.0,186295.0,8.001388888888888,480.0833333333333,189935.0,182885.0,1.01,-2.74,-1750.0,-0.9306283070541639,0.0,-350.0,-0.9306283070541639
GL_Real,121542,WDO,WDOJ26,J26,Long,1,1.0,2026-03-03 09:30:07,2026-03-03 11:00:03,5284.0,5298.5,1.498888888888889,89.93333333333334,5337.0,5202.0,1.0,-1.55,14.5,0.27441332323996903,0.0,145.0,0.27441332323996903
GL_Real,121542,WDO,WDOJ26,J26,Long,1,1.0,2026-03-03 11:00:09,2026-03-03 11:56:43,5298.5,5350.0,0.9427777777777778,56.56666666666667,5351.5,5216.5,1.0,-1.55,51.5,0.9719731999622496,0.0,515.0,0.9719731999622496
GL_Real,121503,WDO,WDOJ26,J26,Short,-1,1.0,2026-03-03 11:15:07,2026-03-03 15:15:03,5319.5,5318.5,3.9988888888888887,239.93333333333334,5279.5,5426.0,0.75,-2.0,-1.0,-0.018798759281892785,0.0,10.0,0.018798759281892785
GL_Real,121522,WDO,WDOJ26,J26,Short,-1,1.0,2026-03-03 11:15:07,2026-03-03 15:15:03,5319.5,5318.5,3.9988888888888887,239.93333333333334,5293.0,5412.5,0.5,-1.75,-1.0,-0.018798759281892785,0.0,10.0,0.018798759281892785
GL_Real,101520,WIN,WINJ26,J26,Short,-1,1.0,2026-03-04 10:00:10,2026-03-04 11:30:04,188385.0,187410.0,1.4983333333333333,89.9,186990.0,190760.0,0.74,-1.26,-975.0,-0.5175571303447697,0.0,195.0,0.5175571303447697
GL_Real,121517,WDO,WDOJ26,J26,Long,1,1.0,2026-03-05 09:45:09,2026-03-05 17:30:10,5283.0,5308.0,7.750277777777778,465.01666666666665,,5217.0,,-1.25,25.0,0.4732159757713532,0.0,250.0,0.4732159757713532
GL_Real,121522,WDO,WDOJ26,J26,Short,-1,1.0,2026-03-05 11:15:09,2026-03-05 15:15:03,5277.5,5309.0,3.9983333333333335,239.9,5251.0,5370.0,0.5,-1.75,31.5,0.5968735196589421,0.0,-315.0,-0.5968735196589421
GL_Real,111502,BIT,BITH26,H26,Short,-1,1.0,2026-03-05 12:45:12,2026-03-05 14:15:03,378700.0,377420.0,1.4975,89.85,375780.0,386200.0,0.78,-1.98,-1280.0,-0.33799841563242694,0.0,12.8,0.33799841563242694
GL_Real,101529,WIN,WINJ26,J26,Short,-1,1.0,2026-03-06 09:15:08,2026-03-06 11:10:19,181795.0,181095.0,1.9197222222222223,115.18333333333334,181070.0,185430.0,0.4,-2.0,-700.0,-0.38504909375946283,0.0,140.0,0.38504909375946283
GL_Real,111518,BIT,BITH26,H26,Short,-1,1.0,2026-03-06 09:15:13,2026-03-06 11:15:03,373860.0,368240.0,1.9972222222222222,119.83333333333333,,376600.0,,-0.77,-5620.0,-1.5032365056438266,0.0,56.2,1.5032365056438266
GL_Real,101501,WIN,WINJ26,J26,Long,1,1.0,2026-03-06 09:30:09,2026-03-06 17:30:10,182595.0,181770.0,8.000277777777777,480.01666666666665,184445.0,177600.0,1.01,-2.74,-825.0,-0.4518196007557833,0.0,-165.0,-0.4518196007557833
GL_Real,111522,BIT,BITH26,H26,Short,-1,1.0,2026-03-06 09:30:16,2026-03-06 09:44:15,373580.0,371840.0,0.23305555555555554,13.983333333333333,371760.0,392300.0,0.49,-5.01,-1740.0,-0.4657636918464618,0.0,17.4,0.4657636918464618
GL_Real,111518,BIT,BITH26,H26,Short,-1,1.0,2026-03-09 09:15:12,2026-03-09 10:49:52,359960.0,362900.0,1.5777777777777777,94.66666666666667,,362600.0,,-0.73,2940.0,0.8167574174908339,0.0,-29.4,-0.8167574174908339
GL_Real,101501,WIN,WINJ26,J26,Long,1,1.0,2026-03-09 09:30:07,2026-03-09 16:19:33,181080.0,182890.0,6.823888888888889,409.43333333333334,182890.0,176100.0,1.0,-2.75,1810.0,0.9995582063176585,0.0,362.0,0.9995582063176585
GL_Real,111514,BIT,BITH26,H26,Long,1,1.0,2026-03-10 09:15:14,2026-03-10 11:15:03,367000.0,362060.0,1.9969444444444444,119.81666666666666,376120.0,349520.0,2.49,-4.76,-4940.0,-1.3460490463215251,0.0,-49.4,-1.3460490463215251
GL_Real,101522,WIN,WINJ26,J26,Short,-1,1.0,2026-03-10 13:15:06,2026-03-10 14:15:03,186205.0,187365.0,0.9991666666666666,59.95,184335.0,188520.0,1.0,-1.24,1160.0,0.6229693080207284,0.0,-232.0,-0.6229693080207284
GL_Real,121506,WDO,WDOJ26,J26,Short,-1,1.0,2026-03-11 11:15:09,2026-03-11 17:30:10,5175.5,5183.0,6.250277777777778,375.01666666666665,5150.0,5277.0,0.49,-1.96,7.5,0.14491353492415726,0.0,-75.0,-0.14491353492415726
GL_Real,111520,BIT,BITH26,H26,Long,1,1.0,2026-03-11 12:15:19,2026-03-11 12:32:03,363640.0,362060.0,0.2788888888888889,16.733333333333334,,362280.0,,-0.38,-1580.0,-0.4344956550434489,0.0,-15.8,-0.4344956550434489
GL_Real,111514,BIT,BITH26,H26,Long,1,1.0,2026-03-13 09:15:15,2026-03-13 11:15:03,381320.0,387640.0,1.9966666666666666,119.8,390900.0,363240.0,2.51,-4.74,6320.0,1.6574006084128854,0.0,63.2,1.6574006084128854
GL_Real,101529,WIN,WINJ26,J26,Short,-1,1.0,2026-03-13 12:30:08,2026-03-13 14:48:09,180660.0,179890.0,2.3002777777777776,138.01666666666668,179905.0,184245.0,0.42,-1.98,-770.0,-0.4262149894830145,0.0,154.0,0.4262149894830145
GL_Real,101522,WIN,WINJ26,J26,Short,-1,1.0,2026-03-16 10:45:06,2026-03-16 11:50:55,183165.0,181880.0,1.0969444444444445,65.81666666666666,181415.0,185535.0,0.96,-1.29,-1285.0,-0.7015532443425343,0.0,257.0,0.7015532443425343
GL_Real,111520,BIT,BITH26,H26,Long,1,1.0,2026-03-16 13:00:30,2026-03-16 17:30:55,387840.0,389320.0,4.506944444444445,270.4166666666667,,386240.0,,-0.42,1480.0,0.3816006600659989,0.0,14.8,0.3816006600659989
GL_Real,101546,WIN,WINJ26,J26,Short,-1,1.0,2026-03-16 16:00:18,2026-03-16 17:30:57,182800.0,182080.0,1.5108333333333333,90.65,,183670.0,,-0.51,-720.0,-0.3938730853391661,0.0,144.0,0.3938730853391661
GL_Real,111518,BIT,BITH26,H26,Short,-1,1.0,2026-03-17 09:15:38,2026-03-17 11:15:01,387700.0,385080.0,1.9897222222222222,119.38333333333334,,390640.0,,-0.76,-2620.0,-0.6757802424555024,0.0,26.2,0.6757802424555024
GL_Real,111522,BIT,BITH26,H26,Short,-1,2.0,2026-03-17 09:19:19,2026-03-17 09:31:36,387700.0,385840.0,0.20472222222222222,12.283333333333333,385800.0,407120.0,0.47,-5.03,-1860.0,-0.4797523858653676,0.0,37.2,0.4797523858653676
GL_Real,111520,BIT,BITH26,H26,Long,1,1.0,2026-03-17 09:30:26,2026-03-17 10:52:02,386060.0,384500.0,1.36,81.6,,384480.0,,-0.41,-1560.0,-0.40408226700512273,0.0,-15.6,-0.40408226700512273
GL_Real,111518,BIT,BITH26,H26,Short,-1,1.0,2026-03-18 10:05:34,2026-03-18 12:00:02,380060.0,372080.0,1.9077777777777778,114.46666666666667,,382960.0,,-0.78,-7980.0,-2.0996684733989355,0.0,79.8,2.0996684733989355
GL_Real,121529,WDO,WDOJ26,J26,Long,1,1.0,2026-03-18 10:00:20,2026-03-18 13:00:01,5244.0,5218.0,2.9947222222222223,179.68333333333334,,5181.0,,-1.26,-26.0,-0.49580472921434193,0.0,-260.0,-0.49580472921434193
GL_Real,111520,BIT,BITH26,H26,Long,1,1.0,2026-03-18 11:17:21,2026-03-18 11:43:17,375800.0,374220.0,0.43222222222222223,25.933333333333334,,374260.0,,-0.45,-1580.0,-0.42043640234167867,0.0,-15.8,-0.42043640234167867
GL_Real,111502,BIT,BITH26,H26,Short,-1,5.0,2026-03-18 12:45:26,2026-03-18 14:15:01,372320.0,372980.0,1.4930555555555556,89.58333333333333,369560.0,379800.0,0.72,-2.03,660.0,0.17726686721100293,0.0,-33.0,-0.17726686721100293
GL_Real,111518,BIT,BITH26,H26,Short,-1,1.0,2026-03-19 09:15:27,2026-03-19 09:28:31,368160.0,370520.0,0.21777777777777776,13.066666666666666,,370840.0,,-0.76,2360.0,0.6410256410256352,0.0,-23.6,-0.6410256410256352
GL_Real,121503,WDO,WDOJ26,J26,Short,-1,1.0,2026-03-19 09:30:38,2026-03-19 10:37:01,5325.5,5286.5,1.1063888888888889,66.38333333333334,5286.0,5426.5,0.73,-1.91,-39.0,-0.7323256032297394,0.0,390.0,0.7323256032297394
GL_Real,101501,WIN,WINJ26,J26,Long,1,1.0,2026-03-19 09:30:22,2026-03-19 10:58:27,177895.0,179655.0,1.4680555555555554,88.08333333333333,179655.0,173160.0,0.99,-2.66,1760.0,0.9893476488939967,0.0,352.0,0.9893476488939967
GL_Real,111522,BIT,BITH26,H26,Short,-1,2.0,2026-03-19 09:30:26,2026-03-19 09:50:54,370560.0,368440.0,0.3411111111111111,20.466666666666665,368740.0,379120.0,0.49,-2.32,-2120.0,-0.5721070811744369,0.0,42.4,0.5721070811744369
GL_Real,101515,WIN,WINJ26,J26,Short,-1,1.0,2026-03-19 09:30:24,2026-03-19 11:11:08,177885.0,180660.0,1.6788888888888889,100.73333333333333,177340.0,180650.0,0.29,-1.57,2775.0,1.559996627034323,0.0,-555.0,-1.559996627034323
GL_Real,111520,BIT,BITH26,H26,Long,1,1.0,2026-03-19 10:00:20,2026-03-19 11:31:33,366960.0,365660.0,1.5202777777777778,91.21666666666667,,365720.0,,-0.41,-1300.0,-0.3542620449095324,0.0,-13.0,-0.3542620449095324
GL_Real,121506,WDO,WDOJ26,J26,Short,-1,1.0,2026-03-19 11:15:21,2026-03-19 12:05:42,5278.5,5252.0,0.8391666666666666,50.35,5252.0,5376.0,0.49,-1.86,-26.5,-0.5020365634176471,0.0,265.0,0.5020365634176471
GL_Real,101529,WIN,WINJ26,J26,Short,-1,1.0,2026-03-19 11:15:22,2026-03-19 11:27:53,180150.0,179465.0,0.2086111111111111,12.516666666666667,179450.0,183645.0,0.39,-1.94,-685.0,-0.38023868998057253,0.0,137.0,0.38023868998057253
GL_Real,121522,WDO,WDOJ26,J26,Short,-1,1.0,2026-03-19 11:15:22,2026-03-19 12:05:42,5278.5,5252.0,0.8388888888888889,50.333333333333336,5252.0,5358.0,0.49,-1.52,-26.5,-0.5020365634176471,0.0,265.0,0.5020365634176471
GL_Real,101515,WIN,WINJ26,J26,Short,-1,1.0,2026-03-20 11:15:10,2026-03-20 14:15:01,177920.0,177855.0,2.9975,179.85,177350.0,180660.0,0.29,-1.57,-65.0,-0.03653327338129486,0.0,13.0,0.03653327338129486
GL_Real,121522,WDO,WDOJ26,J26,Short,-1,1.0,2026-03-20 11:15:21,2026-03-20 12:23:48,5315.0,5291.5,1.1408333333333334,68.45,5288.5,5395.5,0.49,-1.52,-23.5,-0.44214487300094163,0.0,235.0,0.44214487300094163
GL_Real,111520,BIT,BITH26,H26,Long,1,1.0,2026-03-20 12:15:11,2026-03-20 17:30:55,369540.0,372280.0,5.262222222222222,315.73333333333335,,368020.0,,-0.42,2740.0,0.7414623586079898,0.0,27.4,0.7414623586079898
GL_Real,101522,WIN,WINJ26,J26,Short,-1,1.0,2026-03-23 10:45:13,2026-03-23 11:18:59,181725.0,183640.0,0.5627777777777778,33.766666666666666,179930.0,183635.0,0.97,-1.07,1915.0,1.053790067409551,0.0,-383.0,-1.053790067409551
GL_Real,101546,WIN,WINJ26,J26,Short,-1,1.0,2026-03-23 10:45:13,2026-03-23 10:58:39,181735.0,182640.0,0.2238888888888889,13.433333333333334,,182655.0,,-0.51,905.0,0.4979778248548712,0.0,-181.0,-0.4979778248548712
GL_Real,111518,BIT,BITH26,H26,Short,-1,1.0,2026-03-26 09:15:30,2026-03-26 11:15:02,364240.0,363740.0,1.9922222222222221,119.53333333333333,,367020.0,,-0.76,-500.0,-0.13727212826707103,0.0,5.0,0.13727212826707103
GL_Real,111518,BIT,BITH26,H26,Short,-1,1.0,2026-03-27 09:15:40,2026-03-27 11:15:01,350140.0,346720.0,1.9891666666666667,119.35,,352800.0,,-0.77,-3420.0,-0.976752156280341,0.0,34.2,0.976752156280341
