symbol,tf,datetime,time,open,high,low,close,tick_volume,spread,real_volume
BIT$N,D1,2024-04-23,1713830400,342500.0,346020.0,339400.0,340500.0,8403,2000,9284
BIT$N,D1,2024-04-24,1713916800,342980.0,344000.0,329180.0,330700.0,11394,2000,13470
BIT$N,D1,2024-04-25,1714003200,330780.0,335960.0,327980.0,334480.0,10027,2000,11218
BIT$N,D1,2024-04-26,1714089600,335240.0,339380.0,330120.0,334300.0,742,2000,872
BIT$N,D1,2024-04-29,1714348800,325960.0,329040.0,321060.0,329040.0,9560,2000,10680
BIT$N,D1,2024-04-30,1714435200,319700.0,321560.0,298000.0,303000.0,11670,2000,13425
BIT$N,D1,2024-05-02,1714608000,305000.0,307980.0,299700.0,302980.0,11726,2000,13760
BIT$N,D1,2024-05-03,1714694400,304680.0,326940.0,303080.0,326000.0,12739,2000,14854
BIT$N,D1,2024-05-06,1714953600,327140.0,330340.0,320520.0,322800.0,14204,2000,16188
BIT$N,D1,2024-05-07,1715040000,324380.0,327060.0,320260.0,320400.0,15910,2000,18197
BIT$N,D1,2024-05-08,1715126400,318120.0,322240.0,314560.0,318140.0,15557,2000,18880
BIT$N,D1,2024-05-09,1715212800,315900.0,325960.0,315480.0,322580.0,15822,2000,19288
BIT$N,D1,2024-05-10,1715299200,326340.0,328160.0,312400.0,313620.0,23516,2000,29533
BIT$N,D1,2024-05-13,1715558400,323300.0,329300.0,321960.0,328580.0,20496,2000,23969
BIT$N,D1,2024-05-14,1715644800,322160.0,322160.0,315000.0,315500.0,19542,2000,23028
BIT$N,D1,2024-05-15,1715731200,322000.0,343480.0,321620.0,341600.0,26306,2000,33379
BIT$N,D1,2024-05-16,1715817600,341600.0,344840.0,333560.0,339340.0,23788,2000,29516
BIT$N,D1,2024-05-17,1715904000,342240.0,346640.0,338480.0,341900.0,23228,2000,30534
BIT$N,D1,2024-05-20,1716163200,344000.0,360780.0,341580.0,355940.0,32109,2000,41370
BIT$N,D1,2024-05-21,1716249600,362960.0,365840.0,355020.0,357300.0,32766,2000,40123
BIT$N,D1,2024-05-22,1716336000,358180.0,364900.0,357120.0,358000.0,28445,2000,35905
BIT$N,D1,2024-05-23,1716422400,361620.0,362280.0,344000.0,348580.0,36247,2000,46853
BIT$N,D1,2024-05-24,1716508800,347680.0,359620.0,345620.0,359600.0,32072,2000,40911
BIT$N,D1,2024-05-27,1716768000,355180.0,366240.0,353420.0,362880.0,45997,2000,57725
BIT$N,D1,2024-05-28,1716854400,355840.0,356300.0,347660.0,351500.0,58902,2000,85239
BIT$N,D1,2024-05-29,1716940800,349720.0,354640.0,348400.0,348400.0,35462,2000,48385
BIT$N,D1,2024-05-31,1717113600,355720.0,364520.0,354120.0,360820.0,21026,2000,25911
BIT$N,D1,2024-06-03,1717372800,365220.0,373620.0,362920.0,368080.0,45207,2000,55464
BIT$N,D1,2024-06-04,1717459200,366780.0,380000.0,365840.0,379800.0,53204,2000,70165
BIT$N,D1,2024-06-05,1717545600,380060.0,384180.0,375980.0,378940.0,53437,2000,68576
BIT$N,D1,2024-06-06,1717632000,380260.0,382560.0,371780.0,372300.0,47894,2000,59980
BIT$N,D1,2024-06-07,1717718400,380340.0,382680.0,364660.0,375500.0,61959,2000,79266
BIT$N,D1,2024-06-10,1717977600,374060.0,379580.0,371680.0,377300.0,47840,2000,60897
BIT$N,D1,2024-06-11,1718064000,362940.0,365380.0,357000.0,361600.0,47829,2000,58920
BIT$N,D1,2024-06-12,1718150400,365380.0,380960.0,365380.0,371900.0,46264,2000,58936
BIT$N,D1,2024-06-13,1718236800,368800.0,371820.0,355260.0,355500.0,44768,2000,57656
BIT$N,D1,2024-06-14,1718323200,362000.0,364820.0,350040.0,353560.0,45534,2000,59137
BIT$N,D1,2024-06-17,1718582400,355700.0,366180.0,352620.0,365120.0,61432,2000,80741
BIT$N,D1,2024-06-18,1718668800,358000.0,358040.0,348560.0,353640.0,62807,2000,78522
BIT$N,D1,2024-06-19,1718755200,354760.0,358460.0,350920.0,351740.0,39216,2000,50011
BIT$N,D1,2024-06-20,1718841600,358240.0,359500.0,350960.0,357220.0,49960,2000,63022
BIT$N,D1,2024-06-21,1718928000,350500.0,351420.0,344840.0,349780.0,49764,2000,62190
BIT$N,D1,2024-06-24,1719187200,334260.0,334900.0,315780.0,316580.0,74629,2000,95415
BIT$N,D1,2024-06-25,1719273600,328000.0,340500.0,328000.0,336980.0,65875,2000,84568
BIT$N,D1,2024-06-26,1719360000,336960.0,341360.0,334640.0,336680.0,56221,2000,71022
BIT$N,D1,2024-06-27,1719446400,338200.0,344340.0,335600.0,336200.0,53206,2000,67017
BIT$N,D1,2024-06-28,1719532800,342800.0,345840.0,337620.0,341000.0,30512,2000,40070
BIT$N,D1,2024-07-01,1719792000,351320.0,364020.0,351320.0,359160.0,43141,2000,54094
BIT$N,D1,2024-07-02,1719878400,357900.0,359940.0,352340.0,353540.0,55928,2000,68455
BIT$N,D1,2024-07-03,1719964800,342960.0,344000.0,332340.0,334120.0,55497,2000,66534
BIT$N,D1,2024-07-04,1720051200,320380.0,323120.0,312540.0,320740.0,64446,2000,80867
BIT$N,D1,2024-07-05,1720137600,305200.0,314820.0,304220.0,309060.0,66039,2000,84535
BIT$N,D1,2024-07-08,1720396800,314400.0,317460.0,303820.0,311740.0,85424,2000,108547
BIT$N,D1,2024-07-09,1720483200,316260.0,318200.0,311400.0,316220.0,72674,2000,94151
BIT$N,D1,2024-07-10,1720569600,318180.0,318780.0,311080.0,311680.0,84576,2000,105545
BIT$N,D1,2024-07-11,1720656000,319320.0,322720.0,312280.0,313600.0,91008,2000,109321
BIT$N,D1,2024-07-12,1720742400,312280.0,319900.0,311220.0,315080.0,88868,2000,108272
BIT$N,D1,2024-07-15,1721001600,334380.0,349900.0,334380.0,349580.0,86786,2000,109765
BIT$N,D1,2024-07-16,1721088000,348500.0,356760.0,343320.0,351680.0,112245,2000,142798
BIT$N,D1,2024-07-17,1721174400,352580.0,359100.0,351700.0,355180.0,91497,2000,113048
BIT$N,D1,2024-07-18,1721260800,356500.0,362360.0,352120.0,355660.0,94407,2000,118186
BIT$N,D1,2024-07-19,1721347200,353000.0,380660.0,353000.0,378380.0,69530,2000,88280
BIT$N,D1,2024-07-22,1721606400,379500.0,381180.0,370660.0,378600.0,100607,2000,121421
BIT$N,D1,2024-07-23,1721692800,372860.0,375600.0,366020.0,368400.0,117779,2000,143045
BIT$N,D1,2024-07-24,1721779200,372700.0,378280.0,371200.0,371880.0,101615,2000,126588
BIT$N,D1,2024-07-25,1721865600,364520.0,369740.0,359280.0,369320.0,85668,2000,107595
BIT$N,D1,2024-07-26,1721952000,381700.0,391320.0,379620.0,390480.0,56348,2000,68597
BIT$N,D1,2024-07-29,1722211200,399300.0,401280.0,379640.0,382640.0,96435,2000,127293
BIT$N,D1,2024-07-30,1722297600,378660.0,382680.0,370960.0,374740.0,93722,2000,121329
BIT$N,D1,2024-07-31,1722384000,374640.0,382120.0,368380.0,370800.0,91013,2000,113170
BIT$N,D1,2024-08-01,1722470400,369920.0,376820.0,359320.0,375460.0,95761,2000,122360
BIT$N,D1,2024-08-02,1722556800,375900.0,379280.0,356180.0,356180.0,100933,2000,128810
BIT$N,D1,2024-08-05,1722816000,307500.0,321160.0,289000.0,315340.0,123364,2000,174868
BIT$N,D1,2024-08-06,1722902400,318320.0,325000.0,310320.0,320400.0,107579,2000,142319
BIT$N,D1,2024-08-07,1722988800,324080.0,325680.0,309500.0,311400.0,107646,2000,142507
BIT$N,D1,2024-08-08,1723075200,324300.0,337880.0,321580.0,332680.0,103401,2000,137627
BIT$N,D1,2024-08-09,1723161600,337400.0,339280.0,329440.0,334360.0,103149,2000,135949
BIT$N,D1,2024-08-12,1723420800,331320.0,334800.0,319680.0,323840.0,113644,2000,154071
BIT$N,D1,2024-08-13,1723507200,324760.0,338600.0,323180.0,334080.0,101592,2000,137373
BIT$N,D1,2024-08-14,1723593600,335060.0,338040.0,321700.0,322980.0,101945,2000,136283
BIT$N,D1,2024-08-15,1723680000,322440.0,328820.0,309000.0,313420.0,119592,2000,158643
BIT$N,D1,2024-08-16,1723766400,321600.0,329000.0,315320.0,325200.0,99063,2000,133352
BIT$N,D1,2024-08-19,1724025600,322200.0,322460.0,316400.0,320760.0,84036,2000,116818
BIT$N,D1,2024-08-20,1724112000,329660.0,333180.0,321580.0,324400.0,89135,2000,120082
BIT$N,D1,2024-08-21,1724198400,326080.0,340000.0,322640.0,337380.0,102782,2000,137580
BIT$N,D1,2024-08-22,1724284800,337240.0,340440.0,335220.0,340240.0,83831,2000,112100
BIT$N,D1,2024-08-23,1724371200,339880.0,357160.0,335420.0,353140.0,98378,2000,126277
BIT$N,D1,2024-08-26,1724630400,350620.0,352980.0,345820.0,346460.0,85491,2000,128079
BIT$N,D1,2024-08-27,1724716800,342720.0,344260.0,337360.0,338020.0,73632,2000,109955
BIT$N,D1,2024-08-28,1724803200,331400.0,333460.0,321320.0,329800.0,97867,2000,148150
BIT$N,D1,2024-08-29,1724889600,334300.0,345260.0,331320.0,334760.0,98888,2000,149101
BIT$N,D1,2024-08-30,1724976000,334300.0,341580.0,327340.0,333320.0,65093,2000,100386
BIT$N,D1,2024-09-02,1725235200,331060.0,335560.0,329600.0,335320.0,65574,2000,94324
BIT$N,D1,2024-09-03,1725321600,335000.0,335700.0,326440.0,330240.0,83713,2000,126153
BIT$N,D1,2024-09-04,1725408000,321860.0,332600.0,318380.0,329820.0,93312,2000,141872
BIT$N,D1,2024-09-05,1725494400,321860.0,326000.0,312760.0,314020.0,94232,2000,143336
BIT$N,D1,2024-09-06,1725580800,313920.0,318240.0,295540.0,299220.0,119081,2000,184022
BIT$N,D1,2024-09-09,1725840000,307980.0,325940.0,307180.0,324000.0,107286,2000,178234
BIT$N,D1,2024-09-10,1725926400,321920.0,330040.0,318700.0,328160.0,100347,2000,144523
BIT$N,D1,2024-09-11,1726012800,322000.0,329220.0,314900.0,326100.0,100622,2000,145539
BIT$N,D1,2024-09-12,1726099200,329940.0,333600.0,325760.0,327220.0,90184,2000,125223
BIT$N,D1,2024-09-13,1726185600,326020.0,337520.0,323200.0,335940.0,74779,2000,107142
BIT$N,D1,2024-09-16,1726444800,327560.0,328300.0,317700.0,318900.0,69605,2000,100302
BIT$N,D1,2024-09-17,1726531200,326320.0,338900.0,324380.0,331080.0,89150,2000,130246
BIT$N,D1,2024-09-18,1726617600,329020.0,333360.0,324800.0,329780.0,85909,2000,125666
BIT$N,D1,2024-09-19,1726704000,340420.0,347580.0,339240.0,342080.0,77862,2000,114167
BIT$N,D1,2024-09-20,1726790400,345500.0,350000.0,343060.0,349260.0,73908,2000,105391
BIT$N,D1,2024-09-23,1727049600,351420.0,355540.0,349600.0,351220.0,65664,2000,94821
BIT$N,D1,2024-09-24,1727136000,350500.0,353520.0,342440.0,349880.0,76383,2000,110405
BIT$N,D1,2024-09-25,1727222400,348900.0,351540.0,345140.0,347260.0,61787,2000,87647
BIT$N,D1,2024-09-26,1727308800,351600.0,358300.0,348280.0,352700.0,78731,2000,112181
BIT$N,D1,2024-09-27,1727395200,357820.0,365640.0,357000.0,357000.0,42823,2000,61231
BIT$N,D1,2024-09-30,1727654400,349500.0,353480.0,346620.0,350620.0,53651,2000,76061
BIT$N,D1,2024-10-01,1727740800,351420.0,351420.0,330020.0,330980.0,98118,2000,142493
BIT$N,D1,2024-10-02,1727827200,333060.0,341580.0,328780.0,333100.0,95028,2000,130712
BIT$N,D1,2024-10-03,1727913600,332820.0,336880.0,329340.0,336000.0,83422,2000,119954
BIT$N,D1,2024-10-04,1728000000,338080.0,344520.0,333960.0,343020.0,81476,2000,115110
BIT$N,D1,2024-10-07,1728259200,346440.0,353640.0,343120.0,349060.0,74368,2000,107073
BIT$N,D1,2024-10-08,1728345600,346520.0,350240.0,343400.0,347400.0,88098,2000,124535
BIT$N,D1,2024-10-09,1728432000,346200.0,349840.0,338100.0,340720.0,75841,2000,110526
BIT$N,D1,2024-10-10,1728518400,342920.0,343900.0,329520.0,334840.0,86876,2000,119901
BIT$N,D1,2024-10-11,1728604800,341360.0,358340.0,341240.0,354900.0,79016,2000,124263
BIT$N,D1,2024-10-14,1728864000,365400.0,373220.0,364100.0,369080.0,75494,2000,113779
BIT$N,D1,2024-10-15,1728950400,367000.0,385240.0,366160.0,377120.0,112606,2000,166127
BIT$N,D1,2024-10-16,1729036800,385760.0,389140.0,382640.0,383940.0,96847,2000,138888
BIT$N,D1,2024-10-17,1729123200,380500.0,385360.0,377540.0,377940.0,88120,2000,130149
BIT$N,D1,2024-10-18,1729209600,382520.0,393880.0,381880.0,391440.0,83527,2000,119457
BIT$N,D1,2024-10-21,1729468800,390060.0,391860.0,381340.0,386240.0,81854,2000,117846
BIT$N,D1,2024-10-22,1729555200,383420.0,385620.0,379340.0,384080.0,82456,2000,119418
BIT$N,D1,2024-10-23,1729641600,379420.0,382780.0,372040.0,378080.0,94927,2000,135015
BIT$N,D1,2024-10-24,1729728000,382000.0,389920.0,381900.0,388800.0,84159,2000,123364
BIT$N,D1,2024-10-25,1729814400,392200.0,395920.0,380560.0,387140.0,82500,2000,116532
BIT$N,D1,2024-10-28,1730073600,395540.0,407140.0,395220.0,406080.0,102673,2000,146731
BIT$N,D1,2024-10-29,1730160000,412600.0,430200.0,410700.0,423160.0,130075,2000,196602
BIT$N,D1,2024-10-30,1730246400,420800.0,426080.0,418360.0,422520.0,90128,2000,129969
BIT$N,D1,2024-10-31,1730332800,421920.0,422600.0,407360.0,410220.0,102730,2000,155614
BIT$N,D1,2024-11-01,1730419200,410220.0,421460.0,406500.0,408480.0,118039,2000,166150
BIT$N,D1,2024-11-04,1730678400,406140.0,406140.0,390860.0,393860.0,106228,2000,157183
BIT$N,D1,2024-11-05,1730764800,400860.0,412000.0,398180.0,402820.0,127861,2000,191850
BIT$N,D1,2024-11-06,1730851200,438000.0,442960.0,427300.0,437980.0,145530,2000,232250
BIT$N,D1,2024-11-07,1730937600,429120.0,442300.0,424360.0,439040.0,142755,2000,209678
BIT$N,D1,2024-11-08,1731024000,439680.0,448860.0,439620.0,443760.0,113595,2000,161279
BIT$N,D1,2024-11-11,1731283200,479560.0,515180.0,476300.0,515160.0,198863,2000,288332
BIT$N,D1,2024-11-12,1731369600,509740.0,522780.0,496360.0,515220.0,224589,2000,347723
BIT$N,D1,2024-11-13,1731456000,506900.0,547160.0,506240.0,519020.0,256607,2000,399194
BIT$N,D1,2024-11-14,1731542400,534300.0,538480.0,506380.0,512760.0,187105,2000,293160
BIT$N,D1,2024-11-18,1731888000,523760.0,535680.0,518040.0,531460.0,170677,2000,263174
BIT$N,D1,2024-11-19,1731974400,531680.0,546760.0,527760.0,535920.0,163512,2000,255506
BIT$N,D1,2024-11-21,1732147200,568800.0,579380.0,557520.0,572480.0,175475,2000,268528
BIT$N,D1,2024-11-22,1732233600,579440.0,581700.0,568200.0,576000.0,143054,2000,214351
BIT$N,D1,2024-11-25,1732492800,571160.0,572400.0,548440.0,550180.0,167475,2000,258408
BIT$N,D1,2024-11-26,1732579200,537680.0,551720.0,527700.0,532820.0,185707,2000,295653
BIT$N,D1,2024-11-27,1732665600,542080.0,577340.0,540320.0,575560.0,178093,2000,276014
BIT$N,D1,2024-11-28,1732752000,564640.0,576700.0,564640.0,572980.0,93772,2000,137837
BIT$N,D1,2024-11-29,1732838400,593260.0,606340.0,590000.0,592220.0,113371,2000,176625
BIT$N,D1,2024-12-02,1733097600,578000.0,601240.0,577360.0,588280.0,149877,2000,234326
BIT$N,D1,2024-12-03,1733184000,582620.0,592040.0,574580.0,587060.0,156063,2000,246033
BIT$N,D1,2024-12-04,1733270400,589780.0,606740.0,577260.0,604320.0,173611,2000,269382
BIT$N,D1,2024-12-05,1733356800,628240.0,630040.0,593640.0,602500.0,203211,2000,320927
BIT$N,D1,2024-12-06,1733443200,596760.0,627680.0,590160.0,623720.0,171393,2000,267208
BIT$N,D1,2024-12-09,1733702400,601220.0,613240.0,577600.0,593140.0,176254,2000,266676
BIT$N,D1,2024-12-10,1733788800,598340.0,598820.0,575560.0,590200.0,205060,2000,314023
BIT$N,D1,2024-12-11,1733875200,599900.0,614560.0,596780.0,606180.0,165698,2000,245548
BIT$N,D1,2024-12-12,1733961600,596980.0,619580.0,594060.0,601320.0,158312,2000,249250
BIT$N,D1,2024-12-13,1734048000,606760.0,620760.0,603280.0,616200.0,145594,2000,219490
BIT$N,D1,2024-12-16,1734307200,632460.0,660400.0,627240.0,656140.0,186613,2000,289064
BIT$N,D1,2024-12-17,1734393600,659360.0,674420.0,650160.0,654820.0,177086,2000,269516
BIT$N,D1,2024-12-18,1734480000,645060.0,654940.0,631800.0,637820.0,186656,2000,294775
BIT$N,D1,2024-12-19,1734566400,641200.0,645800.0,586620.0,601840.0,198882,2000,303139
BIT$N,D1,2024-12-20,1734652800,568000.0,596380.0,560000.0,587600.0,174755,2000,264420
BIT$N,D1,2024-12-23,1734912000,588520.0,594360.0,572700.0,583180.0,159174,2000,259876
BIT$N,D1,2024-12-26,1735171200,589720.0,595980.0,587040.0,591380.0,146167,2000,242408
BIT$N,D1,2024-12-27,1735257600,609380.0,611260.0,585760.0,594720.0,107382,2000,166849
BIT$N,D1,2024-12-30,1735516800,590700.0,593960.0,570700.0,586040.0,135509,2000,212446
BIT$N,D1,2025-01-02,1735776000,606040.0,613540.0,601780.0,605140.0,136132,2000,216989
BIT$N,D1,2025-01-03,1735862400,601280.0,620100.0,599540.0,615980.0,145369,2000,217439
BIT$N,D1,2025-01-06,1736121600,618820.0,635320.0,611300.0,632780.0,145155,2000,229864
BIT$N,D1,2025-01-07,1736208000,624680.0,625520.0,591860.0,596260.0,176162,2000,281992
BIT$N,D1,2025-01-08,1736294400,586740.0,593520.0,571180.0,578620.0,171505,2000,263793
BIT$N,D1,2025-01-09,1736380800,573080.0,577640.0,554520.0,560740.0,178573,2000,271782
BIT$N,D1,2025-01-10,1736467200,578000.0,590420.0,567020.0,584320.0,186587,2000,288179
BIT$N,D1,2025-01-13,1736726400,559900.0,576940.0,549560.0,575860.0,195309,2000,303878
BIT$N,D1,2025-01-14,1736812800,593000.0,594220.0,580640.0,588700.0,140058,2000,215560
BIT$N,D1,2025-01-15,1736899200,588820.0,611180.0,586480.0,603740.0,136778,2000,219348
BIT$N,D1,2025-01-16,1736985600,600080.0,613000.0,588440.0,608140.0,154363,2000,239980
BIT$N,D1,2025-01-17,1737072000,621600.0,647320.0,620900.0,642140.0,158940,2000,251067
BIT$N,D1,2025-01-20,1737331200,662300.0,663680.0,610840.0,627380.0,176508,2000,270246
BIT$N,D1,2025-01-21,1737417600,632600.0,650000.0,623120.0,642640.0,168432,2000,263329
BIT$N,D1,2025-01-22,1737504000,635060.0,637840.0,613940.0,619240.0,141656,2000,222080
BIT$N,D1,2025-01-23,1737590400,608420.0,634540.0,604140.0,609860.0,200072,2000,357621
BIT$N,D1,2025-01-24,1737676800,625020.0,634620.0,617880.0,623400.0,150873,2000,254501
BIT$N,D1,2025-01-27,1737936000,591580.0,606720.0,584340.0,599880.0,215434,2000,325113
BIT$N,D1,2025-01-28,1738022400,608960.0,610560.0,592400.0,593540.0,157413,2000,236562
BIT$N,D1,2025-01-29,1738108800,601860.0,615500.0,595200.0,609900.0,163714,2000,256031
BIT$N,D1,2025-01-30,1738195200,617040.0,628440.0,616040.0,617900.0,121078,2000,192757
BIT$N,D1,2025-01-31,1738281600,622960.0,628340.0,597920.0,598140.0,117307,2000,192404
BIT$N,D1,2025-02-03,1738540800,565900.0,600500.0,559480.0,594360.0,156447,2000,262885
BIT$N,D1,2025-02-04,1738627200,579980.0,589640.0,563200.0,563520.0,165116,2000,267028
BIT$N,D1,2025-02-05,1738713600,571920.0,580920.0,563240.0,568680.0,134689,2000,220265
BIT$N,D1,2025-02-06,1738800000,579300.0,581800.0,555680.0,560380.0,157405,2000,257294
BIT$N,D1,2025-02-07,1738886400,568240.0,581780.0,559200.0,559220.0,163796,2000,256675
BIT$N,D1,2025-02-10,1739145600,571940.0,573420.0,563080.0,566980.0,114785,2000,175314
BIT$N,D1,2025-02-11,1739232000,572960.0,573260.0,549320.0,554080.0,139065,2000,218277
BIT$N,D1,2025-02-12,1739318400,557680.0,566280.0,545700.0,564840.0,163373,2000,262822
BIT$N,D1,2025-02-13,1739404800,557280.0,560000.0,550900.0,558600.0,135039,2000,216829
BIT$N,D1,2025-02-14,1739491200,560040.0,568940.0,552340.0,556380.0,127498,2000,201500
BIT$N,D1,2025-02-17,1739750400,551720.0,555200.0,544940.0,549660.0,109615,2000,165203
BIT$N,D1,2025-02-18,1739836800,547660.0,554840.0,532120.0,542220.0,136046,2000,213308
BIT$N,D1,2025-02-19,1739923200,550000.0,553940.0,544940.0,553620.0,110560,2000,183962
BIT$N,D1,2025-02-20,1740009600,556280.0,565100.0,552860.0,561740.0,114118,2000,184808
BIT$N,D1,2025-02-21,1740096000,565280.0,570400.0,542700.0,544000.0,147772,2000,231628
BIT$N,D1,2025-02-24,1740355200,548840.0,551220.0,537620.0,544200.0,133253,2000,217468
BIT$N,D1,2025-02-25,1740441600,516980.0,519340.0,495240.0,506380.0,189781,2000,309561
BIT$N,D1,2025-02-26,1740528000,509200.0,512260.0,477680.0,489760.0,180405,2000,289585
BIT$N,D1,2025-02-27,1740614400,504020.0,504920.0,481860.0,491500.0,163396,2000,245128
BIT$N,D1,2025-02-28,1740700800,476120.0,508440.0,472820.0,501040.0,159365,2000,251528
BIT$N,D1,2025-03-05,1741132800,520760.0,529580.0,512000.0,522800.0,109049,2000,172614
BIT$N,D1,2025-03-06,1741219200,530120.0,530960.0,510120.0,519700.0,184862,2000,288046
BIT$N,D1,2025-03-07,1741305600,516120.0,530900.0,499180.0,506720.0,207436,2000,325091
BIT$N,D1,2025-03-10,1741564800,488120.0,488680.0,456660.0,467860.0,226800,2000,348439
BIT$N,D1,2025-03-11,1741651200,478560.0,489000.0,463920.0,486380.0,199702,2000,307133
BIT$N,D1,2025-03-12,1741737600,485680.0,495020.0,471940.0,485620.0,186659,2000,282951
BIT$N,D1,2025-03-13,1741824000,485460.0,489720.0,466080.0,468500.0,174408,2000,266857
BIT$N,D1,2025-03-14,1741910400,482000.0,491360.0,476460.0,487600.0,156252,2000,240528
BIT$N,D1,2025-03-17,1742169600,483100.0,483380.0,472600.0,479720.0,141356,2000,221123
BIT$N,D1,2025-03-18,1742256000,472320.0,473580.0,461220.0,466660.0,145023,2000,221477
BIT$N,D1,2025-03-19,1742342400,477180.0,487440.0,474580.0,486480.0,143656,2000,220329
BIT$N,D1,2025-03-20,1742428800,485240.0,492400.0,474900.0,478840.0,149608,2000,225160
BIT$N,D1,2025-03-21,1742515200,478240.0,485840.0,476140.0,484980.0,126527,2000,193467
BIT$N,D1,2025-03-24,1742774400,501660.0,510600.0,499860.0,509960.0,129994,2000,203205
BIT$N,D1,2025-03-25,1742860800,503500.0,505960.0,497920.0,501780.0,144640,2000,219849
BIT$N,D1,2025-03-26,1742947200,503280.0,504600.0,492060.0,500600.0,139460,2000,222488
BIT$N,D1,2025-03-27,1743033600,497800.0,503740.0,496000.0,502700.0,124903,2000,195664
BIT$N,D1,2025-03-28,1743120000,496140.0,498240.0,481960.0,484800.0,102948,2000,164711
BIT$N,D1,2025-03-31,1743379200,479400.0,485360.0,472660.0,472700.0,152900,2000,240964
BIT$N,D1,2025-04-01,1743465600,483100.0,491340.0,474800.0,488480.0,140706,2000,217434
BIT$N,D1,2025-04-02,1743552000,484200.0,507800.0,481020.0,483060.0,187026,2000,296188
BIT$N,D1,2025-04-03,1743638400,471840.0,471960.0,458040.0,467860.0,145836,2000,223518
BIT$N,D1,2025-04-04,1743724800,472700.0,497400.0,472700.0,497360.0,179986,2000,281843
BIT$N,D1,2025-04-07,1743984000,454740.0,476300.0,449780.0,470100.0,227873,2000,396670
BIT$N,D1,2025-04-08,1744070400,473580.0,476580.0,459660.0,464040.0,171991,2000,274701
BIT$N,D1,2025-04-09,1744156800,459720.0,490140.0,459720.0,486540.0,180536,2000,286937
BIT$N,D1,2025-04-10,1744243200,480660.0,485100.0,467480.0,470820.0,151516,2000,242436
BIT$N,D1,2025-04-11,1744329600,479940.0,498580.0,479020.0,495540.0,139319,2000,216649
BIT$N,D1,2025-04-14,1744588800,498580.0,503560.0,492440.0,498360.0,117384,2000,193160
BIT$N,D1,2025-04-15,1744675200,502180.0,509460.0,491560.0,492660.0,109063,2000,175560
BIT$N,D1,2025-04-16,1744761600,493660.0,503020.0,490880.0,498660.0,119823,2000,200237
BIT$N,D1,2025-04-17,1744848000,498360.0,500500.0,492740.0,495220.0,94576,2000,154691
BIT$N,D1,2025-04-22,1745280000,514540.0,528160.0,513360.0,524520.0,119738,2000,187130
BIT$N,D1,2025-04-23,1745366400,534640.0,538700.0,525840.0,535840.0,121885,2000,184684
BIT$N,D1,2025-04-24,1745452800,529700.0,533500.0,526260.0,530380.0,92562,2000,138362
BIT$N,D1,2025-04-25,1745539200,547320.0,554480.0,544520.0,547980.0,86148,2000,139472
BIT$N,D1,2025-04-28,1745798400,551000.0,552400.0,536580.0,536960.0,96920,2000,153780
BIT$N,D1,2025-04-29,1745884800,544820.0,547600.0,533580.0,537940.0,85761,2000,139372
BIT$N,D1,2025-04-30,1745971200,542800.0,550000.0,533920.0,547100.0,101236,2000,162892
BIT$N,D1,2025-05-02,1746144000,556660.0,560140.0,551740.0,556020.0,95444,2000,154384
BIT$N,D1,2025-05-05,1746403200,538380.0,545660.0,534040.0,544820.0,95785,2000,155946
BIT$N,D1,2025-05-06,1746489600,538880.0,549000.0,538880.0,547260.0,103290,2000,160817
BIT$N,D1,2025-05-07,1746576000,559040.0,565120.0,556340.0,562980.0,118980,2000,184952
BIT$N,D1,2025-05-08,1746662400,574160.0,596480.0,569200.0,591380.0,133508,2000,209405
BIT$N,D1,2025-05-09,1746748800,589860.0,592660.0,583160.0,587000.0,124425,2000,197681
BIT$N,D1,2025-05-12,1747008000,592660.0,598540.0,577900.0,586280.0,202478,2000,308704
BIT$N,D1,2025-05-13,1747094400,591940.0,593840.0,583820.0,591480.0,179286,2000,304727
BIT$N,D1,2025-05-14,1747180800,587940.0,589880.0,581000.0,588580.0,161410,2000,271774
BIT$N,D1,2025-05-15,1747267200,581700.0,595900.0,575620.0,592720.0,193546,2000,338108
BIT$N,D1,2025-05-16,1747353600,591980.0,597780.0,588500.0,591020.0,157335,2000,274195
BIT$N,D1,2025-05-19,1747612800,586980.0,601480.0,584240.0,598380.0,169169,2000,296991
BIT$N,D1,2025-05-20,1747699200,596280.0,611720.0,592940.0,607200.0,174219,2000,302254
BIT$N,D1,2025-05-21,1747785600,607220.0,624460.0,603080.0,612940.0,255482,2000,432286
BIT$N,D1,2025-05-22,1747872000,628760.0,643260.0,625740.0,641260.0,170344,2000,314203
BIT$N,D1,2025-05-23,1747958400,626180.0,629260.0,610600.0,614660.0,165364,2000,304731
BIT$N,D1,2025-05-26,1748217600,622000.0,627800.0,619000.0,621280.0,109016,2000,155350
BIT$N,D1,2025-05-27,1748304000,622520.0,628860.0,615360.0,615860.0,150844,2000,243127
BIT$N,D1,2025-05-28,1748390400,617160.0,620140.0,608560.0,610800.0,154245,2000,247207
BIT$N,D1,2025-05-29,1748476800,618780.0,620200.0,597560.0,600960.0,171659,2000,274588
BIT$N,D1,2025-05-30,1748563200,608200.0,612740.0,599220.0,608080.0,196078,2000,330608
BIT$N,D1,2025-06-02,1748822400,600320.0,603500.0,595220.0,602220.0,184434,2000,314316
BIT$N,D1,2025-06-03,1748908800,604740.0,610840.0,600440.0,601560.0,200993,2000,341854
BIT$N,D1,2025-06-04,1748995200,599000.0,601480.0,592300.0,595240.0,157061,2000,267729
BIT$N,D1,2025-06-05,1749081600,596840.0,600800.0,564340.0,568500.0,228553,2000,400662
BIT$N,D1,2025-06-06,1749168000,586500.0,597400.0,584420.0,586640.0,184713,2000,320897
BIT$N,D1,2025-06-09,1749427200,605900.0,619560.0,601800.0,619560.0,183806,2000,318297
BIT$N,D1,2025-06-10,1749513600,613620.0,619960.0,607020.0,613480.0,183366,2000,315897
BIT$N,D1,2025-06-11,1749600000,611240.0,616540.0,605300.0,606840.0,174552,2000,301329
BIT$N,D1,2025-06-12,1749686400,596000.0,605400.0,589680.0,592500.0,175214,2000,300315
BIT$N,D1,2025-06-13,1749772800,588520.0,591920.0,581240.0,588320.0,176695,2000,301817
BIT$N,D1,2025-06-16,1750032000,595180.0,601620.0,589840.0,599940.0,114325,2000,483256
BIT$N,D1,2025-06-17,1750118400,584100.0,584980.0,569220.0,576280.0,191555,2000,1338978
BIT$N,D1,2025-06-18,1750204800,578880.0,580180.0,571420.0,576200.0,242886,2000,1466517
BIT$N,D1,2025-06-20,1750377600,583460.0,584860.0,565500.0,571940.0,219459,2000,1674380
BIT$N,D1,2025-06-23,1750636800,561520.0,575340.0,551960.0,572920.0,265477,2000,1835581
BIT$N,D1,2025-06-24,1750723200,578380.0,586700.0,577000.0,586160.0,156284,2000,896439
BIT$N,D1,2025-06-25,1750809600,591040.0,602400.0,591040.0,599260.0,161740,2000,1056290
BIT$N,D1,2025-06-26,1750896000,595580.0,599160.0,579100.0,588980.0,138536,2000,761236
BIT$N,D1,2025-06-27,1750982400,595000.0,604080.0,591020.0,595460.0,124699,2000,802687
BIT$N,D1,2025-06-30,1751241600,598560.0,601040.0,588320.0,589120.0,128953,2000,706997
BIT$N,D1,2025-07-01,1751328000,585000.0,591060.0,580500.0,583500.0,119279,2000,745502
BIT$N,D1,2025-07-02,1751414400,592780.0,603160.0,591920.0,601180.0,130034,2000,823825
BIT$N,D1,2025-07-03,1751500800,602060.0,605460.0,597620.0,601260.0,113816,2000,853905
BIT$N,D1,2025-07-04,1751587200,596660.0,597220.0,585420.0,589220.0,81010,2000,494425
BIT$N,D1,2025-07-07,1751846400,593580.0,599580.0,593400.0,597640.0,114758,2000,673566
BIT$N,D1,2025-07-08,1751932800,601380.0,601500.0,594860.0,597420.0,89934,2000,455594
BIT$N,D1,2025-07-09,1752019200,600300.0,628300.0,597260.0,625740.0,154161,2000,766834
BIT$N,D1,2025-07-10,1752105600,628620.0,656300.0,615780.0,646000.0,149817,2000,798135
BIT$N,D1,2025-07-11,1752192000,659120.0,665200.0,654120.0,660060.0,124549,2000,581078
BIT$N,D1,2025-07-14,1752451200,680000.0,683340.0,666640.0,674480.0,141350,2000,604380
BIT$N,D1,2025-07-15,1752537600,657140.0,663100.0,646720.0,653420.0,157074,2000,829016
BIT$N,D1,2025-07-16,1752624000,664420.0,673000.0,659740.0,671780.0,138801,2000,716386
BIT$N,D1,2025-07-17,1752710400,662860.0,674420.0,658720.0,673020.0,120548,2000,600135
BIT$N,D1,2025-07-18,1752796800,666660.0,667980.0,652940.0,657480.0,119436,2000,540428
BIT$N,D1,2025-07-21,1753056000,658720.0,668160.0,650960.0,653360.0,115313,2000,615496
BIT$N,D1,2025-07-22,1753142400,664080.0,671640.0,658920.0,667520.0,116819,2000,631410
BIT$N,D1,2025-07-23,1753228800,661620.0,664160.0,649520.0,650460.0,110516,2000,592039
BIT$N,D1,2025-07-24,1753315200,656540.0,662560.0,653860.0,655760.0,102891,2000,602100
BIT$N,D1,2025-07-25,1753401600,657320.0,670540.0,648780.0,666640.0,93691,2000,490459
BIT$N,D1,2025-07-28,1753660800,674340.0,678460.0,666340.0,667240.0,97222,2000,434127
BIT$N,D1,2025-07-29,1753747200,673600.0,677720.0,660720.0,663320.0,103897,2000,589457
BIT$N,D1,2025-07-30,1753833600,664520.0,676120.0,654580.0,660260.0,109179,2000,696526
BIT$N,D1,2025-07-31,1753920000,667740.0,676780.0,660200.0,662160.0,110818,2000,662601
BIT$N,D1,2025-08-01,1754006400,655020.0,656900.0,632500.0,636080.0,156526,2000,1158964
BIT$N,D1,2025-08-04,1754265600,639360.0,646060.0,632020.0,639040.0,105096,2000,544236
BIT$N,D1,2025-08-05,1754352000,641840.0,642640.0,626860.0,633680.0,120672,2000,673909
BIT$N,D1,2025-08-06,1754438400,636160.0,640120.0,628500.0,635620.0,99324,2000,549607
BIT$N,D1,2025-08-07,1754524800,644920.0,645640.0,638660.0,643620.0,96117,2000,498203
BIT$N,D1,2025-08-08,1754611200,642460.0,643400.0,634180.0,641620.0,99145,2000,556683
BIT$N,D1,2025-08-11,1754870400,661840.0,663060.0,650560.0,653000.0,113168,2000,604007
BIT$N,D1,2025-08-12,1754956800,650000.0,654600.0,647100.0,654420.0,106582,2000,620698
BIT$N,D1,2025-08-13,1755043200,655560.0,672000.0,652820.0,669580.0,150347,2000,891393
BIT$N,D1,2025-08-14,1755129600,664820.0,664820.0,640060.0,642340.0,150633,2000,916904
BIT$N,D1,2025-08-15,1755216000,648960.0,648960.0,634800.0,636140.0,113373,2000,689000
BIT$N,D1,2025-08-18,1755475200,624000.0,639820.0,624000.0,639140.0,107754,2000,584408
BIT$N,D1,2025-08-19,1755561600,631500.0,638820.0,622120.0,626720.0,112049,2000,638550
BIT$N,D1,2025-08-20,1755648000,626980.0,631160.0,617140.0,630300.0,125166,2000,693278
BIT$N,D1,2025-08-21,1755734400,623860.0,626980.0,615500.0,617360.0,147019,2000,757186
BIT$N,D1,2025-08-22,1755820800,617200.0,639240.0,612440.0,638120.0,140169,2000,778786
BIT$N,D1,2025-08-25,1756080000,607840.0,612400.0,589480.0,589700.0,148299,2000,896198
BIT$N,D1,2025-08-26,1756166400,595000.0,609920.0,593900.0,605440.0,123771,2000,715214
BIT$N,D1,2025-08-27,1756252800,608000.0,615880.0,602860.0,607780.0,123443,2000,701932
BIT$N,D1,2025-08-28,1756339200,613000.0,615920.0,605360.0,606540.0,103267,2000,600320
BIT$N,D1,2025-08-29,1756425600,606980.0,611200.0,590440.0,591300.0,98649,2000,568900
BIT$N,D1,2025-09-01,1756684800,597120.0,602900.0,594540.0,595520.0,101525,2000,494182
BIT$N,D1,2025-09-02,1756771200,606780.0,618720.0,602600.0,616220.0,129375,2000,786557
BIT$N,D1,2025-09-03,1756857600,617500.0,621860.0,611400.0,617600.0,116312,2000,703731
BIT$N,D1,2025-09-04,1756944000,612000.0,613140.0,602940.0,607040.0,108446,2000,620470
BIT$N,D1,2025-09-05,1757030400,617000.0,618640.0,600400.0,607020.0,113984,2000,698485
BIT$N,D1,2025-09-08,1757289600,611100.0,619240.0,610560.0,613000.0,77971,2000,479777
BIT$N,D1,2025-09-09,1757376000,615100.0,618520.0,605600.0,609240.0,110445,2000,603767
BIT$N,D1,2025-09-10,1757462400,614880.0,623980.0,614600.0,620000.0,108533,2000,629503
BIT$N,D1,2025-09-11,1757548800,622600.0,625400.0,617040.0,621820.0,100060,2000,566751
BIT$N,D1,2025-09-12,1757635200,625120.0,630420.0,620240.0,627380.0,97090,2000,538984
BIT$N,D1,2025-09-15,1757894400,620060.0,620060.0,612020.0,617200.0,84056,2000,421216
BIT$N,D1,2025-09-16,1757980800,614860.0,623480.0,612720.0,622120.0,91899,2000,530528
BIT$N,D1,2025-09-17,1758067200,620020.0,621200.0,611120.0,617480.0,104833,2000,594441
BIT$N,D1,2025-09-18,1758153600,622980.0,628700.0,620140.0,626640.0,86373,2000,507915
BIT$N,D1,2025-09-19,1758240000,623100.0,624020.0,614720.0,617120.0,78857,2000,408504
BIT$N,D1,2025-09-22,1758499200,603560.0,610560.0,599720.0,603320.0,82184,2000,463282
BIT$N,D1,2025-09-23,1758585600,605000.0,606000.0,587820.0,591580.0,90674,2000,505940
BIT$N,D1,2025-09-24,1758672000,599600.0,608000.0,598520.0,603820.0,73647,2000,423428
BIT$N,D1,2025-09-25,1758758400,593640.0,597820.0,582020.0,586240.0,107924,2000,662895
BIT$N,D1,2025-09-26,1758844800,594980.0,597940.0,589500.0,594020.0,71533,2000,415711
BIT$N,D1,2025-09-29,1759104000,607300.0,619120.0,604040.0,618300.0,96215,2000,566626
BIT$N,D1,2025-09-30,1759190400,612040.0,624500.0,608520.0,624500.0,89213,2000,494964
BIT$N,D1,2025-10-01,1759276800,629940.0,639900.0,626840.0,635620.0,96053,2000,616638
BIT$N,D1,2025-10-02,1759363200,638560.0,656280.0,638320.0,653220.0,118147,2000,674044
BIT$N,D1,2025-10-03,1759449600,651560.0,672380.0,650920.0,662660.0,168190,2000,1140159
BIT$N,D1,2025-10-06,1759708800,673580.0,680400.0,670320.0,671500.0,124448,2000,725083
BIT$N,D1,2025-10-07,1759795200,672260.0,677720.0,653560.0,662460.0,139637,2000,876397
BIT$N,D1,2025-10-08,1759881600,666000.0,672780.0,656360.0,665500.0,139317,2000,792523
BIT$N,D1,2025-10-09,1759968000,661820.0,667980.0,650140.0,659940.0,132873,2000,790551
BIT$N,D1,2025-10-10,1760054400,660520.0,675800.0,643320.0,648020.0,88288,0,860708
