symbol,tf,time,open,high,low,close,tick_volume,spread,real_volume
WDO$D,D1,1617580800,7413.5,7427.5,7377.0,7407.0,920754,1,2665972
WDO$D,D1,1617667200,7410.0,7413.5,7318.0,7334.5,981880,1,2987479
WDO$D,D1,1617753600,7332.0,7398.0,7291.5,7360.5,1182148,1,3515979
WDO$D,D1,1617840000,7350.0,7360.0,7281.0,7313.5,1088416,1,3145805
WDO$D,D1,1617926400,7340.0,7432.0,7335.0,7432.0,958732,1,2899799
WDO$D,D1,1618185600,7419.0,7484.0,7372.5,7478.0,1010721,1,3088379
WDO$D,D1,1618272000,7475.5,7498.0,7404.0,7458.0,1208383,1,3745827
WDO$D,D1,1618358400,7443.0,7476.5,7386.5,7397.0,1173366,1,3619466
WDO$D,D1,1618444800,7394.0,7403.5,7336.5,7357.0,1057680,1,3216143
WDO$D,D1,1618531200,7355.0,7417.0,7306.0,7326.5,1047614,1,3296260
WDO$D,D1,1618790400,7310.5,7361.0,7266.5,7284.0,1201007,1,3589969
WDO$D,D1,1618876800,7306.0,7327.0,7241.5,7307.5,1208140,1,3590122
WDO$D,D1,1619049600,7293.0,7298.5,7176.0,7183.0,1294280,1,4067590
WDO$D,D1,1619136000,7167.0,7261.0,7162.0,7212.5,1093787,1,3279051
WDO$D,D1,1619395200,7193.0,7227.0,7170.0,7174.0,1017604,1,3065337
WDO$D,D1,1619481600,7176.0,7204.0,7147.0,7188.0,1155599,1,3477617
WDO$D,D1,1619568000,7188.0,7193.0,7079.5,7081.0,1212571,1,3957221
WDO$D,D1,1619654400,7085.5,7115.0,7060.5,7074.5,1031172,1,3273047
WDO$D,D1,1619740800,7096.0,7188.0,7075.0,7179.5,978758,1,3360342
WDO$D,D1,1620000000,7155.0,7195.5,7113.5,7180.5,1124589,1,3358722
WDO$D,D1,1620086400,7201.0,7223.5,7151.0,7186.5,1116587,1,3336155
WDO$D,D1,1620172800,7177.5,7184.5,7090.5,7092.5,1045603,1,3344435
WDO$D,D1,1620259200,7085.0,7113.5,6996.0,7017.5,1207153,1,3941353
WDO$D,D1,1620345600,7019.5,7032.5,6941.0,6976.5,1119389,1,3543529
WDO$D,D1,1620604800,6975.5,6989.0,6933.5,6961.0,1126585,1,3387709
WDO$D,D1,1620691200,6974.5,7018.0,6939.5,6958.5,1135092,1,3545592
WDO$D,D1,1620777600,6970.5,7055.0,6946.5,7043.0,1281095,1,4124919
WDO$D,D1,1620864000,7038.5,7068.0,6988.0,7041.5,1272465,1,3949919
WDO$D,D1,1620950400,7022.0,7031.5,6979.5,7007.0,949880,1,3007075
WDO$D,D1,1621209600,7022.0,7054.0,6979.5,7010.5,949167,1,3047674
WDO$D,D1,1621296000,6997.0,7014.5,6964.0,6994.0,1045324,1,3271549
WDO$D,D1,1621382400,7019.5,7058.5,6992.0,7045.0,1067359,1,3395435
WDO$D,D1,1621468800,7037.0,7039.5,7002.0,7016.5,769132,1,2633586
WDO$D,D1,1621555200,7017.0,7102.5,7002.5,7094.5,918101,1,3127684
WDO$D,D1,1621814400,7092.0,7105.5,7041.0,7047.5,721851,1,2440472
WDO$D,D1,1621900800,7041.0,7077.0,7024.0,7060.5,843095,1,2808990
WDO$D,D1,1621987200,7053.5,7071.0,7016.5,7041.5,855972,1,2917204
WDO$D,D1,1622073600,7034.0,7040.5,6963.5,6965.0,984405,1,3566599
WDO$D,D1,1622160000,6985.0,6988.0,6937.0,6954.0,707504,1,2303999
WDO$D,D1,1622419200,6952.0,6986.0,6921.5,6941.5,657757,1,2216540
WDO$D,D1,1622505600,6922.5,6931.0,6863.0,6873.5,950664,1,3241537
WDO$D,D1,1622592000,6879.0,6896.5,6789.0,6797.5,1130745,1,4239738
WDO$D,D1,1622764800,6831.0,6833.0,6753.5,6769.0,928191,1,3195683
WDO$D,D1,1623024000,6761.0,6791.0,6739.0,6777.0,993246,1,3229509
WDO$D,D1,1623110400,6764.0,6789.0,6742.0,6756.5,954541,1,3161290
WDO$D,D1,1623196800,6745.0,6805.5,6739.0,6783.5,951555,1,3207857
WDO$D,D1,1623283200,6781.5,6811.0,6751.5,6775.5,990098,1,3362174
WDO$D,D1,1623369600,6769.0,6858.0,6768.5,6838.0,850721,1,2845555
WDO$D,D1,1623628800,6824.0,6830.0,6773.5,6779.0,747013,1,2658309
WDO$D,D1,1623715200,6782.0,6822.5,6756.5,6760.0,980428,1,3332783
WDO$D,D1,1623801600,6770.0,6798.5,6710.0,6772.0,1212942,1,4316984
WDO$D,D1,1623888000,6784.0,6792.5,6722.5,6722.5,1024661,1,3520795
WDO$D,D1,1623974400,6722.5,6824.5,6697.0,6804.5,1218479,1,4244395
WDO$D,D1,1624233600,6787.5,6796.5,6727.0,6728.0,816145,1,2676346
WDO$D,D1,1624320000,6728.0,6759.0,6670.0,6670.0,1096903,1,3879123
WDO$D,D1,1624406400,6675.5,6692.5,6649.5,6679.0,1122224,1,3878960
WDO$D,D1,1624492800,6677.5,6679.5,6609.5,6627.5,969270,1,3502303
WDO$D,D1,1624579200,6625.5,6686.0,6604.5,6645.5,981521,1,3460364
WDO$D,D1,1624838400,6660.0,6682.5,6628.0,6638.0,883581,1,3022551
WDO$D,D1,1624924800,6652.0,6680.5,6631.0,6665.5,823403,1,2798308
WDO$D,D1,1625011200,6672.5,6735.5,6663.0,6682.5,892676,1,3170453
WDO$D,D1,1625097600,6674.5,6765.5,6657.5,6757.0,1039796,1,3578796
WDO$D,D1,1625184000,6746.5,6784.0,6697.0,6770.0,976466,1,3329917
WDO$D,D1,1625443200,6765.5,6810.0,6758.0,6802.0,712165,1,2108215
WDO$D,D1,1625529600,6787.5,6927.0,6785.5,6908.0,1207124,1,3853877
WDO$D,D1,1625616000,6889.5,6990.5,6879.0,6942.0,1355879,1,4433952
WDO$D,D1,1625702400,6985.5,7022.5,6927.5,6967.5,1229709,1,4047772
WDO$D,D1,1626048000,6962.0,6992.0,6870.5,6878.5,1073879,1,3504798
WDO$D,D1,1626134400,6885.0,6929.0,6854.0,6869.5,1133017,1,3782063
WDO$D,D1,1626220800,6858.5,6863.0,6772.0,6777.5,1065593,1,3613359
WDO$D,D1,1626307200,6789.0,6843.0,6757.5,6818.5,1135170,1,3626424
WDO$D,D1,1626393600,6809.5,6830.5,6777.5,6818.5,1075598,1,3502156
WDO$D,D1,1626652800,6860.5,6960.5,6854.5,6953.5,1240856,1,3760131
WDO$D,D1,1626739200,6943.0,6997.0,6904.0,6924.0,1120731,1,3727512
WDO$D,D1,1626825600,6934.0,6979.0,6882.0,6888.5,1129518,1,3816591
WDO$D,D1,1626912000,6883.5,6925.5,6868.5,6904.0,1056844,1,3549098
WDO$D,D1,1626998400,6898.0,6932.5,6858.0,6900.5,901783,1,3072609
WDO$D,D1,1627257600,6890.5,6929.0,6850.0,6875.5,923555,1,3117798
WDO$D,D1,1627344000,6891.5,6904.0,6847.5,6867.5,976764,1,3247191
WDO$D,D1,1627430400,6869.0,6890.0,6802.0,6816.0,1103034,1,3764757
WDO$D,D1,1627516800,6783.0,6787.5,6737.0,6775.5,882721,1,3169720
WDO$D,D1,1627603200,6773.0,6924.0,6773.0,6908.5,936801,1,3271713
WDO$D,D1,1627862400,6884.5,6913.5,6808.5,6865.0,1050909,1,3461633
WDO$D,D1,1627948800,6861.5,6968.5,6857.5,6893.5,1256471,1,3974805
WDO$D,D1,1628035200,6878.5,6939.5,6858.5,6863.0,1232328,1,3841114
WDO$D,D1,1628121600,6817.0,6951.0,6803.0,6943.5,1302728,1,4276243
WDO$D,D1,1628208000,6923.5,6967.0,6896.5,6923.0,1194407,1,3694918
WDO$D,D1,1628467200,6919.5,6989.5,6905.0,6924.5,1266989,1,3912031
WDO$D,D1,1628553600,6926.5,6953.0,6875.0,6879.5,1352738,1,4123678
WDO$D,D1,1628640000,6885.0,6923.5,6852.5,6917.0,1177154,1,3800161
WDO$D,D1,1628726400,6907.5,6949.5,6897.0,6941.5,1100640,1,3306813
WDO$D,D1,1628812800,6929.5,6968.5,6907.0,6936.5,1047559,1,3393382
WDO$D,D1,1629072000,6960.5,6983.5,6914.5,6945.5,1051432,1,3373880
WDO$D,D1,1629158400,6966.0,6988.5,6920.5,6981.5,1290146,1,4166055
WDO$D,D1,1629244800,6969.5,7082.0,6946.0,7074.0,1323246,1,4191536
WDO$D,D1,1629331200,7101.0,7139.0,7062.0,7096.0,1361564,1,4356393
WDO$D,D1,1629417600,7124.5,7157.5,7047.5,7058.0,1101521,1,3356935
WDO$D,D1,1629676800,7046.5,7083.0,7026.0,7061.5,1100508,1,3288446
WDO$D,D1,1629763200,7043.0,7045.5,6925.5,6931.0,1065999,1,3600540
WDO$D,D1,1629849600,6946.0,6949.5,6885.0,6892.5,1083292,1,3491060
WDO$D,D1,1629936000,6902.5,6945.0,6894.0,6941.5,911853,1,2904541
WDO$D,D1,1630022400,6933.0,6938.0,6863.5,6880.5,973464,1,3212529
WDO$D,D1,1630281600,6874.5,6902.0,6855.5,6859.5,866948,1,2770032
WDO$D,D1,1630368000,6858.0,6871.0,6789.0,6823.0,1004847,1,3319625
WDO$D,D1,1630454400,6828.0,6870.0,6813.5,6858.5,989208,1,3238019
WDO$D,D1,1630540800,6845.0,6871.0,6812.5,6853.0,1061730,1,3613807
WDO$D,D1,1630627200,6843.5,6871.0,6801.0,6868.0,951974,1,3228992
WDO$D,D1,1630886400,6858.5,6881.5,6824.0,6840.0,549763,1,1705676
WDO$D,D1,1631059200,6862.5,7002.5,6861.5,6986.0,1177952,1,4073282
WDO$D,D1,1631145600,6973.0,7002.5,6861.5,6877.5,1335664,1,4558324
WDO$D,D1,1631232000,6830.0,6938.0,6825.0,6919.0,1020987,1,3365200
WDO$D,D1,1631491200,6904.0,6908.0,6867.0,6884.5,985140,1,3051998
WDO$D,D1,1631577600,6901.0,6929.0,6863.5,6914.0,989246,1,3150910
WDO$D,D1,1631664000,6906.0,6935.5,6878.0,6892.5,943152,1,3291415
WDO$D,D1,1631750400,6901.0,6943.0,6894.5,6916.0,817260,1,2789691
WDO$D,D1,1631836800,6917.5,7009.0,6912.5,6948.5,981950,1,3647560
WDO$D,D1,1632096000,6982.0,7038.5,6967.0,6987.0,1093735,1,3385159
WDO$D,D1,1632182400,6971.5,6997.0,6922.5,6928.5,1003060,1,3202373
WDO$D,D1,1632268800,6913.0,6978.0,6908.5,6949.5,945098,1,3109224
WDO$D,D1,1632355200,6919.0,6969.5,6914.0,6962.5,821603,1,2788657
WDO$D,D1,1632441600,6971.0,7011.0,6971.0,6994.0,717940,1,2457778
WDO$D,D1,1632700800,6977.0,7050.0,6962.5,7046.5,921666,1,3390161
WDO$D,D1,1632787200,7059.5,7105.0,7042.0,7082.0,974789,1,3576648
WDO$D,D1,1632873600,7061.0,7098.0,7041.0,7063.5,945787,1,3315710
WDO$D,D1,1632960000,7058.5,7127.0,7019.5,7094.5,1068271,1,4076780
WDO$D,D1,1633046400,7069.5,7083.0,7003.0,7014.0,906858,1,3148418
WDO$D,D1,1633305600,7035.5,7109.0,7022.5,7108.0,841642,1,2791725
WDO$D,D1,1633392000,7077.0,7137.5,7073.5,7128.0,916185,1,2989551
WDO$D,D1,1633478400,7162.0,7185.0,7123.0,7139.5,1038960,1,3588419
WDO$D,D1,1633564800,7118.5,7174.5,7114.5,7165.5,919076,1,3277374
WDO$D,D1,1633651200,7146.0,7176.5,7121.0,7156.5,915783,1,3179471
WDO$D,D1,1633910400,7144.0,7188.5,7136.0,7181.5,643416,1,2035542
WDO$D,D1,1634083200,7159.5,7216.0,7141.5,7157.5,1049653,1,3854733
WDO$D,D1,1634169600,7114.0,7172.0,7107.5,7154.5,875754,1,3167577
WDO$D,D1,1634256000,7128.0,7147.0,7074.0,7102.0,899580,1,3421597
WDO$D,D1,1634515200,7107.0,7181.5,7103.5,7151.0,899177,1,3268948
WDO$D,D1,1634601600,7182.0,7250.0,7173.5,7222.5,1144428,1,4286278
WDO$D,D1,1634688000,7219.0,7238.5,7156.5,7233.5,1021512,1,3637899
WDO$D,D1,1634774400,7298.5,7326.0,7256.5,7294.0,1132416,1,3835940
WDO$D,D1,1634860800,7317.0,7389.0,7256.0,7284.5,1313525,1,4459868
WDO$D,D1,1635120000,7288.0,7294.0,7170.0,7190.0,1018256,1,3425757
WDO$D,D1,1635206400,7185.0,7238.5,7179.5,7198.0,966774,1,3184567
WDO$D,D1,1635292800,7200.0,7223.0,7166.5,7167.5,1028977,1,3534623
WDO$D,D1,1635379200,7183.0,7292.5,7179.0,7273.5,1097237,1,3805627
WDO$D,D1,1635465600,7262.5,7288.0,7221.5,7257.5,964293,1,3435992
WDO$D,D1,1635724800,7251.0,7311.5,7245.0,7307.0,676023,1,2286122
WDO$D,D1,1635897600,7295.5,7320.5,7166.0,7175.0,1132281,1,3733071
WDO$D,D1,1635984000,7189.0,7247.0,7182.5,7223.5,949344,1,3118253
WDO$D,D1,1636070400,7216.5,7225.5,7120.0,7158.0,929868,1,2939719
WDO$D,D1,1636329600,7174.0,7213.5,7151.5,7163.0,831099,1,2488834
WDO$D,D1,1636416000,7163.0,7164.0,7068.5,7092.0,970057,1,3089359
WDO$D,D1,1636502400,7116.5,7122.5,7046.5,7103.0,1135255,1,3571239
WDO$D,D1,1636588800,7094.5,7097.0,6998.5,7006.0,897114,1,2884489
WDO$D,D1,1636675200,7012.5,7077.5,7003.0,7069.5,907664,1,2930658
WDO$D,D1,1637020800,7053.0,7116.5,7037.0,7110.5,933298,1,3059497
WDO$D,D1,1637107200,7092.5,7142.0,7071.5,7134.0,819376,1,2645990
WDO$D,D1,1637193600,7129.5,7182.5,7129.0,7164.5,836672,1,2642746
WDO$D,D1,1637280000,7181.5,7217.0,7123.5,7216.5,936960,1,3003269
WDO$D,D1,1637539200,7204.0,7215.5,7164.5,7185.5,941603,1,2894127
WDO$D,D1,1637625600,7207.5,7262.0,7165.0,7169.0,956790,1,3131191
WDO$D,D1,1637712000,7175.5,7220.5,7152.5,7205.0,870558,1,2827280
WDO$D,D1,1637798400,7184.0,7196.0,7145.0,7165.0,641338,1,1941283
WDO$D,D1,1637884800,7260.5,7262.5,7168.0,7206.5,895826,1,2829896
WDO$D,D1,1638144000,7192.5,7234.0,7173.5,7196.0,859475,1,2708242
WDO$D,D1,1638230400,7194.0,7264.0,7172.0,7196.5,1028212,1,3365644
WDO$D,D1,1638316800,7177.0,7290.0,7169.5,7287.0,896751,1,2870271
WDO$D,D1,1638403200,7257.5,7271.5,7205.0,7236.0,927479,1,3052916
WDO$D,D1,1638489600,7242.0,7275.5,7190.0,7242.5,996370,1,3063877
WDO$D,D1,1638748800,7233.0,7291.0,7224.0,7281.0,794247,1,2562001
WDO$D,D1,1638835200,7254.0,7260.5,7195.5,7208.0,938696,1,3040004
WDO$D,D1,1638921600,7191.0,7221.5,7111.0,7117.0,930532,1,3099853
WDO$D,D1,1639008000,7121.0,7182.5,7102.0,7155.5,823478,1,2705031
WDO$D,D1,1639094400,7142.0,7217.0,7141.0,7195.5,878199,1,2905828
WDO$D,D1,1639353600,7186.0,7262.0,7181.5,7261.5,925369,1,2954860
WDO$D,D1,1639440000,7243.5,7277.0,7197.0,7260.0,877595,1,2788524
WDO$D,D1,1639526400,7257.5,7312.5,7236.5,7260.5,1067551,1,3365905
WDO$D,D1,1639612800,7245.0,7300.5,7234.5,7263.5,1013478,1,3049942
WDO$D,D1,1639699200,7258.5,7288.5,7233.5,7266.0,778691,1,2415187
WDO$D,D1,1639958400,7281.5,7316.5,7259.0,7314.5,805721,1,2411135
WDO$D,D1,1640044800,7291.5,7325.0,7279.0,7314.0,720854,1,2284926
WDO$D,D1,1640131200,7301.5,7309.0,7212.0,7220.5,739576,1,2331187
WDO$D,D1,1640217600,7222.0,7283.0,7192.5,7228.0,810169,1,2683908
WDO$D,D1,1640563200,7227.5,7268.0,7183.5,7185.0,659134,1,1906378
WDO$D,D1,1640649600,7179.0,7221.5,7177.0,7188.0,658511,1,1987959
WDO$D,D1,1640736000,7195.5,7269.0,7181.5,7260.0,613395,1,1868152
WDO$D,D1,1640822400,7252.5,7260.0,7104.0,7128.5,719399,1,2436935
WDO$D,D1,1641168000,7127.0,7246.5,7112.5,7244.5,772997,1,2352883
WDO$D,D1,1641254400,7222.0,7264.0,7190.0,7230.0,937200,1,2684272
WDO$D,D1,1641340800,7232.5,7274.5,7193.0,7244.5,939920,1,2783513
WDO$D,D1,1641427200,7244.5,7274.5,7219.0,7233.0,833681,1,2490180
WDO$D,D1,1641513600,7229.0,7257.5,7166.0,7183.5,830568,1,2497224
WDO$D,D1,1641772800,7191.0,7237.5,7175.0,7208.0,770531,1,2264004
WDO$D,D1,1641859200,7197.0,7218.5,7106.0,7115.0,978028,1,3043801
WDO$D,D1,1641945600,7122.0,7142.0,7060.0,7077.5,1086821,1,3169310
WDO$D,D1,1642032000,7090.5,7094.5,7038.5,7066.0,991131,1,3043800
WDO$D,D1,1642118400,7067.5,7089.0,7044.5,7071.0,826126,1,2500477
WDO$D,D1,1642377600,7072.5,7076.5,7030.0,7050.0,675324,1,1907631
WDO$D,D1,1642464000,7069.0,7116.5,7038.5,7101.5,918243,1,2846463
WDO$D,D1,1642550400,7077.5,7084.5,6969.0,6971.5,962396,1,3352677
WDO$D,D1,1642636800,6977.5,6991.5,6907.5,6948.0,957201,1,3286826
WDO$D,D1,1642723200,6968.5,7002.5,6930.5,6987.0,987196,1,3109473
WDO$D,D1,1642982400,7004.5,7051.0,6994.0,7014.5,1010533,1,3328396
WDO$D,D1,1643068800,7023.5,7046.0,6952.5,6969.0,900369,1,2946526
WDO$D,D1,1643155200,6950.5,6990.0,6914.5,6956.5,1108782,1,3564076
WDO$D,D1,1643241600,6952.5,6956.5,6873.5,6929.0,1066294,1,4026984
WDO$D,D1,1643328000,6947.5,6952.5,6885.5,6888.0,910912,1,3077770
WDO$D,D1,1643587200,6872.5,6909.0,6795.5,6818.0,861126,1,3048934
WDO$D,D1,1643673600,6807.0,6827.0,6774.5,6774.5,891388,1,2933474
WDO$D,D1,1643760000,6773.0,6823.0,6763.5,6769.0,815479,1,2866215
WDO$D,D1,1643846400,6781.0,6829.0,6777.5,6791.0,901832,1,2992651
WDO$D,D1,1643932800,6802.5,6854.0,6784.5,6832.0,825697,1,2630997
WDO$D,D1,1644192000,6818.0,6825.0,6751.5,6762.0,877973,1,2645328
WDO$D,D1,1644278400,6768.0,6789.0,6750.5,6757.0,845809,1,2530022
WDO$D,D1,1644364800,6748.0,6788.0,6710.5,6736.0,942133,1,3015502
WDO$D,D1,1644451200,6730.5,6751.0,6667.0,6741.5,1258704,1,3860322
WDO$D,D1,1644537600,6725.5,6759.0,6674.0,6745.5,1237120,1,3640367
WDO$D,D1,1644796800,6745.5,6758.0,6686.5,6700.5,1027090,1,3090116
WDO$D,D1,1644883200,6684.5,6707.0,6647.5,6647.5,907183,1,2688518
WDO$D,D1,1644969600,6648.0,6665.0,6609.5,6624.5,1032183,1,3197512
WDO$D,D1,1645056000,6638.0,6666.5,6611.0,6656.0,870461,1,2653533
WDO$D,D1,1645142400,6649.0,6651.0,6586.0,6619.5,960494,1,3089580
WDO$D,D1,1645401600,6613.5,6636.0,6554.5,6585.5,851776,1,2674643
WDO$D,D1,1645488000,6575.0,6579.5,6523.0,6539.0,1008118,1,3338138
WDO$D,D1,1645574400,6523.5,6528.5,6470.5,6485.0,1006569,1,3476905
WDO$D,D1,1645660800,6533.0,6639.0,6510.0,6598.0,1437291,1,4822733
WDO$D,D1,1645747200,6605.5,6666.0,6564.5,6655.0,1130542,1,3516420
WDO$D,D1,1646179200,6708.5,6708.5,6566.0,6585.0,661824,1,2102730
WDO$D,D1,1646265600,6591.5,6598.0,6502.0,6515.5,1243144,1,3684026
WDO$D,D1,1646352000,6530.0,6579.5,6505.0,6540.0,1208410,1,3634059
WDO$D,D1,1646611200,6555.0,6592.5,6507.0,6592.5,1236102,1,3897400
WDO$D,D1,1646697600,6561.5,6576.0,6520.0,6533.5,1333848,1,4083845
WDO$D,D1,1646784000,6500.5,6509.5,6458.5,6485.0,1066363,1,3267031
WDO$D,D1,1646870400,6499.5,6547.0,6481.5,6483.5,983055,1,3014326
WDO$D,D1,1646956800,6471.0,6552.0,6453.5,6545.0,910302,1,2818827
WDO$D,D1,1647216000,6525.0,6606.5,6505.0,6591.5,948508,1,3025811
WDO$D,D1,1647302400,6573.5,6635.5,6559.0,6627.5,970809,1,2914355
WDO$D,D1,1647388800,6602.5,6620.0,6535.5,6539.0,1154508,1,3773193
WDO$D,D1,1647475200,6536.5,6569.0,6489.0,6501.0,998225,1,3317580
WDO$D,D1,1647561600,6509.5,6535.0,6452.5,6484.5,938827,1,3002660
WDO$D,D1,1647820800,6487.0,6488.5,6387.5,6395.5,976723,1,3135417
WDO$D,D1,1647907200,6390.5,6406.0,6359.5,6366.5,1060545,1,3337658
WDO$D,D1,1647993600,6372.0,6374.0,6272.5,6281.5,1043558,1,3581573
WDO$D,D1,1648080000,6285.0,6310.0,6215.5,6279.0,1272196,1,4242330
WDO$D,D1,1648166400,6271.5,6273.5,6178.5,6192.0,976774,1,2956201
WDO$D,D1,1648425600,6187.5,6266.0,6180.5,6212.5,1125729,1,3453960
WDO$D,D1,1648512000,6184.0,6229.0,6161.5,6203.0,1228654,1,3806265
WDO$D,D1,1648598400,6205.5,6234.5,6169.5,6214.5,1039146,1,3200012
WDO$D,D1,1648684800,6216.0,6233.5,6159.5,6180.5,984708,1,3442067
WDO$D,D1,1648771200,6169.5,6170.0,6087.5,6092.0,905713,1,3023039
WDO$D,D1,1649030400,6090.0,6108.0,6021.5,6025.5,865166,1,2749940
WDO$D,D1,1649116800,6025.5,6104.5,6012.5,6084.0,1154573,1,3384852
WDO$D,D1,1649203200,6080.0,6155.0,6074.5,6150.0,1165414,1,3455374
WDO$D,D1,1649289600,6134.5,6199.5,6116.5,6182.0,1163318,1,3448297
WDO$D,D1,1649376000,6168.5,6218.5,6118.0,6123.0,1129480,1,3384587
WDO$D,D1,1649635200,6137.0,6163.5,6101.5,6114.5,1177968,1,3380534
WDO$D,D1,1649721600,6100.5,6116.5,6042.5,6097.5,1177407,1,3589698
WDO$D,D1,1649808000,6091.0,6125.0,6071.5,6110.5,1024925,1,3084009
WDO$D,D1,1649894400,6114.0,6158.5,6104.5,6117.0,1030299,1,3262369
WDO$D,D1,1650240000,6102.5,6124.0,6059.5,6069.5,927324,1,2873857
WDO$D,D1,1650326400,6079.5,6099.0,6053.0,6081.5,999038,1,3263814
WDO$D,D1,1650412800,6060.0,6091.5,6019.5,6033.5,956662,1,3191025
WDO$D,D1,1650585600,6091.5,6248.5,6080.5,6204.5,1323076,1,4465689
WDO$D,D1,1650844800,6225.5,6357.0,6210.5,6286.5,1520821,1,4607503
WDO$D,D1,1650931200,6311.5,6409.5,6297.5,6404.5,1368331,1,4116938
WDO$D,D1,1651017600,6392.0,6444.0,6331.5,6369.0,1585427,1,4826788
WDO$D,D1,1651104000,6388.0,6447.0,6337.5,6341.5,1322413,1,3849049
WDO$D,D1,1651190400,6305.0,6385.5,6263.5,6374.5,1236696,1,3728175
WDO$D,D1,1651449600,6366.5,6496.0,6366.0,6489.0,1295446,1,3642761
WDO$D,D1,1651536000,6441.5,6453.5,6357.0,6359.0,1329818,1,3874026
WDO$D,D1,1651622400,6366.5,6435.0,6290.5,6320.0,1621883,1,4433672
WDO$D,D1,1651708800,6346.0,6454.5,6328.0,6427.0,1458302,1,3976324
WDO$D,D1,1651795200,6419.5,6509.0,6401.5,6472.5,1546402,1,4017380
WDO$D,D1,1652054400,6536.5,6554.5,6494.0,6553.5,1385453,1,3548773
WDO$D,D1,1652140800,6547.0,6556.5,6499.5,6523.0,1358694,1,3663527
WDO$D,D1,1652227200,6486.5,6559.5,6480.0,6527.0,1484773,1,4053373
WDO$D,D1,1652313600,6558.0,6595.0,6490.5,6518.5,1412435,1,4028228
WDO$D,D1,1652400000,6506.0,6532.5,6428.0,6445.0,1164373,1,3481510
WDO$D,D1,1652659200,6460.5,6484.5,6411.0,6440.5,1373292,1,3744986
WDO$D,D1,1652745600,6381.5,6387.5,6304.0,6315.0,1274744,1,3900811
WDO$D,D1,1652832000,6330.0,6375.0,6297.0,6342.5,1155708,1,3459043
WDO$D,D1,1652918400,6311.5,6331.0,6252.0,6307.0,1172216,1,3618083
WDO$D,D1,1653004800,6275.5,6293.0,6223.5,6249.5,1177555,1,3537556
WDO$D,D1,1653264000,6211.5,6219.5,6153.5,6184.0,973634,1,2963407
WDO$D,D1,1653350400,6204.5,6221.0,6141.5,6186.5,1308067,1,4113123
WDO$D,D1,1653436800,6206.5,6228.5,6169.0,6188.5,1124668,1,3234370
WDO$D,D1,1653523200,6175.5,6204.5,6111.0,6130.5,1079544,1,3350722
WDO$D,D1,1653609600,6122.0,6140.5,6073.5,6088.5,1022511,1,3146628
WDO$D,D1,1653868800,6071.0,6114.5,6049.0,6111.5,792865,1,2368915
WDO$D,D1,1653955200,6120.5,6137.5,6056.0,6092.5,1096009,1,3636650
WDO$D,D1,1654041600,6090.5,6175.5,6078.0,6175.5,1144427,1,3498801
WDO$D,D1,1654128000,6146.0,6165.5,6127.5,6155.5,1047587,1,3083180
WDO$D,D1,1654214400,6176.0,6186.0,6126.0,6128.0,928508,1,2660847
WDO$D,D1,1654473600,6111.0,6159.0,6101.0,6147.0,882952,1,2634967
WDO$D,D1,1654560000,6148.0,6285.0,6148.0,6222.0,1294644,1,4341982
WDO$D,D1,1654646400,6226.5,6256.5,6196.0,6249.0,1172566,1,3341290
WDO$D,D1,1654732800,6244.5,6268.0,6213.5,6252.0,1158763,1,3479619
WDO$D,D1,1654819200,6252.5,6357.5,6230.0,6333.5,1221752,1,3825696
WDO$D,D1,1655078400,6382.0,6481.5,6374.0,6458.0,1330899,1,4159027
WDO$D,D1,1655164800,6455.0,6493.5,6426.5,6459.5,1203749,1,3715158
WDO$D,D1,1655251200,6435.0,6472.5,6355.5,6393.5,1616012,1,4657407
WDO$D,D1,1655424000,6451.0,6492.0,6440.5,6488.5,1106574,1,3304665
WDO$D,D1,1655683200,6483.5,6529.0,6471.0,6524.0,850181,1,2680880
WDO$D,D1,1655769600,6510.0,6518.0,6450.0,6459.0,1028778,1,3200549
WDO$D,D1,1655856000,6497.5,6526.0,6457.5,6524.0,1082463,1,3333230
WDO$D,D1,1655942400,6524.5,6576.0,6494.5,6569.5,1140096,1,3639057
WDO$D,D1,1656028800,6556.0,6602.0,6531.0,6570.0,1050211,1,3220561
WDO$D,D1,1656288000,6566.0,6600.0,6526.5,6563.5,1063331,1,3205317
WDO$D,D1,1656374400,6556.5,6601.0,6509.5,6590.0,1154909,1,3606263
WDO$D,D1,1656460800,6572.0,6576.0,6495.5,6503.0,1184129,1,3652617
WDO$D,D1,1656547200,6537.5,6588.5,6505.5,6573.0,1109720,1,3529303
WDO$D,D1,1656633600,6599.5,6654.5,6594.5,6647.5,1102083,1,3377101
WDO$D,D1,1656892800,6617.0,6650.0,6603.5,6646.5,725042,1,2032757
WDO$D,D1,1656979200,6669.5,6718.0,6663.0,6702.5,1073677,1,3241487
WDO$D,D1,1657065600,6716.5,6774.5,6705.5,6738.0,1243008,1,3593117
WDO$D,D1,1657152000,6717.5,6725.5,6640.5,6650.0,1001215,1,3014110
WDO$D,D1,1657238400,6666.5,6677.5,6558.0,6562.0,1175097,1,3546995
WDO$D,D1,1657497600,6617.5,6692.0,6604.0,6683.5,1003570,1,3081221
WDO$D,D1,1657584000,6683.5,6746.5,6674.5,6740.5,1066098,1,3159282
WDO$D,D1,1657670400,6721.5,6767.0,6664.0,6693.5,1346391,1,3873384
WDO$D,D1,1657756800,6774.5,6789.5,6713.5,6720.0,1264182,1,3725342
WDO$D,D1,1657843200,6706.5,6745.5,6671.5,6706.0,1081351,1,3165636
WDO$D,D1,1658102400,6669.5,6733.5,6646.5,6732.0,1089636,1,3232040
WDO$D,D1,1658188800,6702.5,6723.0,6657.5,6704.5,1163006,1,3514836
WDO$D,D1,1658275200,6723.0,6762.0,6679.0,6760.5,1289000,1,3927466
WDO$D,D1,1658361600,6751.5,6801.5,6717.0,6784.5,1291906,1,3944307
WDO$D,D1,1658448000,6768.5,6789.5,6720.0,6783.5,1026267,1,3225494
WDO$D,D1,1658707200,6756.0,6761.5,6638.5,6639.0,1064118,1,3623879
WDO$D,D1,1658793600,6664.5,6673.5,6615.5,6632.5,1315223,1,3939239
WDO$D,D1,1658880000,6617.0,6628.5,6515.5,6522.0,1330952,1,4018705
WDO$D,D1,1658966400,6540.0,6550.5,6435.5,6461.0,1262135,1,4052609
WDO$D,D1,1659052800,6431.5,6482.5,6414.5,6442.5,1168986,1,3567282
WDO$D,D1,1659312000,6425.5,6470.5,6397.0,6456.0,1225912,1,3664472
WDO$D,D1,1659398400,6469.0,6551.0,6455.5,6544.5,1383490,1,4294493
WDO$D,D1,1659484800,6514.5,6580.0,6508.5,6549.0,1165460,1,3595608
WDO$D,D1,1659571200,6549.0,6558.0,6461.5,6472.5,1179634,1,3633430
WDO$D,D1,1659657600,6485.0,6537.5,6415.5,6423.5,1394644,1,4290644
WDO$D,D1,1659916800,6402.5,6407.5,6360.5,6370.5,1106650,1,3259351
WDO$D,D1,1660003200,6376.0,6406.5,6347.5,6379.5,1140817,1,3463226
WDO$D,D1,1660089600,6369.0,6400.5,6287.0,6347.0,1201656,1,4009941
WDO$D,D1,1660176000,6331.5,6422.0,6311.5,6409.5,1273509,1,4158257
WDO$D,D1,1660262400,6404.0,6414.0,6313.5,6321.0,991434,1,3392276
WDO$D,D1,1660521600,6360.0,6387.5,6321.5,6343.5,1041507,1,3208007
WDO$D,D1,1660608000,6365.0,6399.5,6356.5,6394.0,1027342,1,3270236
WDO$D,D1,1660694400,6421.5,6457.0,6389.5,6410.0,1137718,1,3715799
WDO$D,D1,1660780800,6406.0,6447.5,6369.0,6407.5,980267,1,3299565
WDO$D,D1,1660867200,6440.5,6458.5,6404.5,6408.5,1033681,1,3462077
WDO$D,D1,1661126400,6420.0,6441.0,6387.0,6394.0,1055258,1,3271359
WDO$D,D1,1661212800,6366.0,6387.5,6305.0,6339.0,1029266,1,3419267
WDO$D,D1,1661299200,6343.5,6355.5,6314.0,6345.0,1060651,1,3411112
WDO$D,D1,1661385600,6322.5,6373.5,6316.5,6340.5,1063392,1,3491984
WDO$D,D1,1661472000,6339.5,6346.0,6282.5,6292.0,1267760,1,4163224
WDO$D,D1,1661731200,6307.5,6317.5,6235.5,6253.5,1113388,1,3920291
WDO$D,D1,1661817600,6239.0,6349.5,6233.5,6348.0,1148502,1,4049352
WDO$D,D1,1661904000,6354.5,6437.5,6353.5,6412.0,1197749,1,4217881
WDO$D,D1,1661990400,6429.5,6480.5,6370.0,6466.5,1345857,1,4500042
WDO$D,D1,1662076800,6445.5,6457.0,6378.5,6389.5,1296705,1,4057559
WDO$D,D1,1662336000,6402.5,6410.5,6370.5,6375.5,777948,1,2278082
WDO$D,D1,1662422400,6386.5,6471.5,6382.0,6467.5,1106487,1,3484462
WDO$D,D1,1662595200,6426.5,6455.0,6395.0,6432.5,1338958,1,4097799
WDO$D,D1,1662681600,6396.5,6417.5,6356.0,6361.5,939064,1,2843501
WDO$D,D1,1662940800,6327.5,6350.0,6295.0,6304.5,970565,1,3162919
WDO$D,D1,1663027200,6295.5,6418.0,6287.5,6398.0,1322452,1,4432724
WDO$D,D1,1663113600,6397.0,6406.5,6358.0,6372.0,1046604,1,3294179
WDO$D,D1,1663200000,6384.0,6456.0,6383.0,6451.0,978676,1,3203811
WDO$D,D1,1663286400,6454.5,6513.5,6451.5,6456.5,1012950,1,3462544
WDO$D,D1,1663545600,6496.5,6503.5,6342.5,6372.5,1147619,1,3892078
WDO$D,D1,1663632000,6409.5,6421.5,6339.0,6341.5,1248201,1,4053162
WDO$D,D1,1663718400,6339.0,6390.5,6315.5,6366.5,1489730,1,4686177
WDO$D,D1,1663804800,6325.0,6380.5,6300.5,6311.0,1142739,1,3859364
WDO$D,D1,1663891200,6363.5,6460.5,6361.5,6453.5,1074433,1,3631044
WDO$D,D1,1664150400,6484.5,6608.5,6484.5,6584.0,1453990,1,4964945
WDO$D,D1,1664236800,6537.5,6576.5,6486.0,6569.5,1323719,1,4235582
WDO$D,D1,1664323200,6598.5,6611.0,6510.0,6563.5,1397819,1,4626164
WDO$D,D1,1664409600,6576.5,6616.5,6560.0,6584.0,1225795,1,3923185
WDO$D,D1,1664496000,6574.5,6611.5,6513.0,6593.0,1138901,1,3720140
WDO$D,D1,1664755200,6446.0,6493.5,6334.5,6351.0,1270059,1,4198090
WDO$D,D1,1664841600,6326.0,6400.0,6290.0,6353.5,1360944,1,4441314
WDO$D,D1,1664928000,6394.5,6420.0,6337.5,6370.0,1247349,1,3780252
WDO$D,D1,1665014400,6371.5,6404.5,6348.0,6395.0,1220119,1,3733864
WDO$D,D1,1665100800,6380.5,6423.0,6364.5,6372.5,1120486,1,3335747
WDO$D,D1,1665360000,6361.0,6387.5,6333.5,6355.5,1029637,1,3082468
WDO$D,D1,1665446400,6351.0,6473.5,6348.0,6462.0,1164697,1,3705101
WDO$D,D1,1665619200,6426.0,6549.0,6396.5,6427.0,1434688,1,4405097
WDO$D,D1,1665705600,6443.0,6499.0,6405.5,6486.5,1219003,1,3742516
WDO$D,D1,1665964800,6436.0,6465.5,6415.5,6445.5,1015789,1,3107574
WDO$D,D1,1666051200,6432.5,6458.0,6392.5,6398.5,1174632,1,3694620
WDO$D,D1,1666137600,6436.0,6457.5,6413.0,6428.0,1071677,1,3365702
WDO$D,D1,1666224000,6407.0,6415.0,6350.0,6373.5,1109041,1,3570992
WDO$D,D1,1666310400,6393.0,6432.0,6295.5,6319.5,1471148,1,4623666
WDO$D,D1,1666569600,6355.5,6462.5,6353.5,6453.5,1310569,1,4163976
WDO$D,D1,1666656000,6444.5,6508.5,6427.0,6467.5,1318728,1,4107465
WDO$D,D1,1666742400,6443.0,6537.0,6430.0,6535.0,1215760,1,3767971
WDO$D,D1,1666828800,6539.5,6542.0,6390.5,6485.0,1374342,1,4136621
WDO$D,D1,1666915200,6498.5,6530.0,6427.5,6447.5,1104358,1,3301040
WDO$D,D1,1667174400,6555.5,6564.5,6307.0,6335.5,1434537,1,4510004
WDO$D,D1,1667260800,6301.0,6360.0,6236.5,6291.5,1629119,1,4771983
WDO$D,D1,1667433600,6341.5,6375.5,6236.5,6263.5,1376204,1,4093659
WDO$D,D1,1667520000,6211.5,6266.5,6165.5,6206.0,1254250,1,3768848
WDO$D,D1,1667779200,6208.0,6320.5,6191.5,6306.0,1236350,1,3581185
WDO$D,D1,1667865600,6321.5,6391.5,6273.5,6293.0,1360761,1,4049067
WDO$D,D1,1667952000,6315.0,6341.5,6277.5,6325.5,1249559,1,3584255
WDO$D,D1,1668038400,6386.0,6557.0,6384.0,6491.0,1715844,1,5269000
WDO$D,D1,1668124800,6481.5,6548.0,6390.5,6487.5,1468629,1,4147822
WDO$D,D1,1668384000,6481.0,6496.0,6400.5,6479.0,1366454,1,3812776
WDO$D,D1,1668556800,6481.5,6548.5,6426.0,6546.5,1563771,1,4447479
WDO$D,D1,1668643200,6636.0,6669.5,6525.0,6563.5,1442562,1,4211016
WDO$D,D1,1668729600,6522.5,6532.5,6464.5,6509.5,1346337,1,3943534
WDO$D,D1,1668988800,6519.5,6520.5,6431.5,6454.0,1205871,1,3555290
WDO$D,D1,1669075200,6442.5,6530.0,6412.0,6486.5,1256639,1,3703851
WDO$D,D1,1669161600,6474.0,6541.5,6473.5,6496.5,1139439,1,3357858
WDO$D,D1,1669248000,6445.5,6469.5,6428.5,6444.0,770784,1,2220119
WDO$D,D1,1669334400,6445.0,6551.5,6431.5,6535.5,1000481,1,3149920
WDO$D,D1,1669593600,6548.5,6557.0,6473.0,6489.0,903074,1,2720667
WDO$D,D1,1669680000,6451.5,6458.0,6392.0,6392.0,961955,1,3016213
WDO$D,D1,1669766400,6380.5,6434.0,6290.5,6300.5,1142934,1,3812779
WDO$D,D1,1669852800,6307.5,6333.0,6279.5,6304.0,1093413,1,3268142
WDO$D,D1,1669939200,6299.5,6356.5,6278.5,6332.5,995902,1,2948760
WDO$D,D1,1670198400,6320.0,6405.5,6315.0,6397.5,920026,1,2673141
WDO$D,D1,1670284800,6386.5,6387.0,6331.5,6359.5,1002802,1,3278317
WDO$D,D1,1670371200,6376.5,6388.5,6293.5,6315.5,1034607,1,3281716
WDO$D,D1,1670457600,6340.0,6362.5,6301.5,6342.5,916972,1,2757093
WDO$D,D1,1670544000,6339.5,6392.5,6325.5,6345.5,820875,1,2517878
WDO$D,D1,1670803200,6348.0,6458.0,6339.5,6434.5,971179,1,3207980
WDO$D,D1,1670889600,6427.0,6441.5,6347.5,6405.5,1267971,1,3730346
WDO$D,D1,1670976000,6420.0,6476.0,6377.0,6392.5,1281301,1,3754904
WDO$D,D1,1671062400,6433.0,6451.0,6384.0,6416.0,1124268,1,3279416
WDO$D,D1,1671148800,6417.5,6433.0,6363.5,6418.0,875223,1,2739930
WDO$D,D1,1671408000,6435.5,6438.5,6387.5,6397.0,869478,1,2697529
WDO$D,D1,1671494400,6393.5,6421.0,6270.5,6295.0,1081577,1,3686488
WDO$D,D1,1671580800,6294.5,6313.5,6252.0,6290.5,984121,1,3183616
WDO$D,D1,1671667200,6300.5,6317.0,6251.0,6257.5,894700,1,2802470
WDO$D,D1,1671753600,6263.5,6268.5,6206.5,6247.0,788121,1,2353485
WDO$D,D1,1672012800,6247.0,6312.0,6241.0,6306.5,423588,1,1050907
WDO$D,D1,1672099200,6282.0,6389.0,6280.5,6382.0,805445,1,2746919
WDO$D,D1,1672185600,6352.0,6375.0,6314.0,6356.0,720395,1,2272017
WDO$D,D1,1672272000,6338.0,6396.0,6283.0,6379.5,792191,1,2482948
WDO$D,D1,1672617600,6385.0,6458.0,6378.5,6458.0,639179,1,1794516
WDO$D,D1,1672704000,6481.0,6567.5,6428.5,6562.5,1135157,1,3416241
WDO$D,D1,1672790400,6533.0,6567.0,6513.5,6520.0,1049618,1,3166360
WDO$D,D1,1672876800,6512.0,6517.5,6436.0,6439.0,980942,1,3017877
WDO$D,D1,1672963200,6448.0,6455.5,6303.0,6317.5,1001000,1,3339990
WDO$D,D1,1673222400,6363.0,6392.0,6329.5,6339.0,1016672,1,3049408
WDO$D,D1,1673308800,6339.0,6358.0,6279.0,6283.0,932784,1,2762071
WDO$D,D1,1673395200,6282.5,6314.0,6239.0,6240.5,986233,1,3192962
WDO$D,D1,1673481600,6246.0,6264.5,6146.0,6185.0,1264456,1,4022505
WDO$D,D1,1673568000,6187.5,6230.5,6154.0,6169.5,934303,1,2868830
WDO$D,D1,1673827200,6197.0,6237.0,6168.0,6224.0,744483,1,2114521
WDO$D,D1,1673913600,6227.5,6231.5,6168.5,6172.5,912438,1,2726731
WDO$D,D1,1674000000,6164.0,6260.5,6136.0,6258.0,1126330,1,3544369
WDO$D,D1,1674086400,6318.0,6327.0,6234.5,6240.0,1068786,1,3403898
WDO$D,D1,1674172800,6243.5,6308.5,6234.0,6278.5,972764,1,3080763
WDO$D,D1,1674432000,6278.5,6288.5,6231.5,6277.0,980660,1,3044404
WDO$D,D1,1674518400,6279.0,6286.5,6200.5,6205.0,796885,1,2588166
WDO$D,D1,1674604800,6215.5,6216.5,6132.5,6139.0,928783,1,3161440
WDO$D,D1,1674691200,6137.0,6181.0,6122.0,6134.5,972785,1,3375578
WDO$D,D1,1674777600,6150.5,6178.5,6118.0,6169.0,890041,1,2960553
WDO$D,D1,1675036800,6181.0,6194.0,6143.0,6178.0,867235,1,2768067
WDO$D,D1,1675123200,6198.5,6198.5,6128.0,6130.5,807168,1,2729930
WDO$D,D1,1675209600,6117.0,6167.5,6098.5,6109.0,1028046,1,3461491
WDO$D,D1,1675296000,6085.0,6111.0,5995.5,6106.0,1166829,1,3936172
WDO$D,D1,1675382400,6151.5,6216.0,6102.5,6208.0,1064100,1,3532401
WDO$D,D1,1675641600,6213.5,6265.5,6190.5,6198.5,1000941,1,3302552
WDO$D,D1,1675728000,6192.0,6269.0,6183.0,6264.5,1162961,1,3620969
WDO$D,D1,1675814400,6242.0,6294.5,6215.0,6249.5,1005548,1,3234284
WDO$D,D1,1675900800,6232.0,6341.5,6221.0,6341.0,1203455,1,3961034
WDO$D,D1,1675987200,6353.0,6355.5,6256.0,6264.0,931107,1,3016873
WDO$D,D1,1676246400,6270.0,6274.5,6202.0,6203.5,914354,1,2953559
WDO$D,D1,1676332800,6199.0,6272.0,6172.0,6235.5,1309446,1,4290412
WDO$D,D1,1676419200,6241.5,6281.5,6233.0,6260.0,1021751,1,3310906
WDO$D,D1,1676505600,6247.0,6302.5,6238.5,6260.0,1003166,1,3397641
WDO$D,D1,1676592000,6275.5,6294.0,6189.5,6207.5,849743,1,2940690
WDO$D,D1,1677024000,6224.0,6251.0,6189.5,6192.0,531490,1,1797931
WDO$D,D1,1677110400,6180.0,6213.0,6147.5,6174.5,921893,1,3134764
WDO$D,D1,1677196800,6194.5,6251.5,6183.5,6247.5,857213,1,2886498
WDO$D,D1,1677456000,6224.0,6247.0,6204.5,6234.5,960130,1,3265559
WDO$D,D1,1677542400,6230.5,6279.0,6211.5,6269.5,945530,1,3080005
WDO$D,D1,1677628800,6251.0,6262.5,6205.5,6210.0,956125,1,3068895
WDO$D,D1,1677715200,6223.5,6259.0,6211.5,6239.0,890832,1,2964490
WDO$D,D1,1677801600,6224.0,6259.5,6212.0,6225.5,742743,1,2542097
WDO$D,D1,1678060800,6236.5,6245.5,6179.0,6184.5,732927,1,2580555
WDO$D,D1,1678147200,6195.0,6231.5,6180.5,6217.5,810221,1,2694768
WDO$D,D1,1678233600,6207.0,6210.5,6124.5,6167.0,948577,1,3410498
WDO$D,D1,1678320000,6157.5,6193.0,6132.0,6186.0,1001023,1,3344680
WDO$D,D1,1678406400,6173.5,6243.5,6173.5,6233.5,1019735,1,3515759
WDO$D,D1,1678665600,6235.0,6302.0,6230.5,6265.5,1173755,1,3967710
WDO$D,D1,1678752000,6254.5,6279.5,6238.0,6272.0,944197,1,3110303
WDO$D,D1,1678838400,6323.5,6345.5,6287.5,6305.0,1083880,1,3745531
WDO$D,D1,1678924800,6293.5,6327.5,6240.5,6244.0,989995,1,3303909
WDO$D,D1,1679011200,6253.5,6298.5,6246.0,6292.5,661166,1,2336903
WDO$D,D1,1679270400,6284.5,6296.0,6244.5,6250.0,724483,1,2455183
WDO$D,D1,1679356800,6235.0,6264.5,6226.5,6253.0,698903,1,2452743
WDO$D,D1,1679443200,6255.0,6287.5,6212.0,6250.0,928514,1,3176944
WDO$D,D1,1679529600,6214.0,6308.5,6210.5,6305.0,891294,1,3304686
WDO$D,D1,1679616000,6328.5,6347.5,6244.5,6253.5,884797,1,3335365
WDO$D,D1,1679875200,6254.5,6255.5,6197.0,6202.0,659736,1,2102793
WDO$D,D1,1679961600,6197.5,6197.5,6149.5,6167.5,787689,1,2958086
WDO$D,D1,1680048000,6164.5,6183.5,6127.0,6137.5,890569,1,3270213
WDO$D,D1,1680134400,6104.5,6161.0,6068.5,6094.5,1022238,1,3626029
WDO$D,D1,1680220800,6107.0,6107.0,6053.0,6061.5,812331,1,3179935
WDO$D,D1,1680480000,6052.5,6078.0,6037.0,6063.0,757073,1,2549026
WDO$D,D1,1680566400,6048.0,6094.0,6045.5,6066.0,693956,1,2546098
WDO$D,D1,1680652800,6066.0,6071.5,6005.5,6032.0,801106,1,2858788
WDO$D,D1,1680739200,6037.0,6075.5,6032.5,6052.5,601789,1,2117342
WDO$D,D1,1681084800,6048.0,6083.5,6029.5,6061.5,614968,1,2083779
WDO$D,D1,1681171200,6044.0,6049.5,5977.0,5995.5,805102,1,3158495
WDO$D,D1,1681257600,6000.5,6002.0,5901.5,5907.5,1006825,1,3664956
WDO$D,D1,1681344000,5910.0,5926.0,5879.5,5914.0,836984,1,3171704
WDO$D,D1,1681430400,5921.5,5949.5,5876.5,5893.0,783431,1,2815542
WDO$D,D1,1681689600,5904.0,5941.0,5883.0,5924.5,725324,1,2563573
WDO$D,D1,1681776000,5901.5,5978.5,5892.5,5967.5,848231,1,3117407
WDO$D,D1,1681862400,5993.5,6071.0,5986.5,6057.0,920294,1,3278698
WDO$D,D1,1681948800,6065.5,6066.5,6016.0,6030.0,704922,1,2439530
WDO$D,D1,1682294400,6048.0,6064.5,6012.0,6013.5,741339,1,2518150
WDO$D,D1,1682380800,6024.5,6061.0,6007.0,6038.0,859080,1,3059829
WDO$D,D1,1682467200,6024.0,6049.0,6011.0,6021.5,818274,1,2903908
WDO$D,D1,1682553600,6014.0,6024.0,5946.0,5949.0,889614,1,3295357
WDO$D,D1,1682640000,5965.5,5992.0,5952.5,5958.0,708303,1,2679156
WDO$D,D1,1682985600,5971.0,6025.0,5964.5,6009.5,717337,1,2471843
WDO$D,D1,1683072000,5988.0,6022.0,5950.5,5965.0,889169,1,2946425
WDO$D,D1,1683158400,5947.0,6003.5,5937.5,5954.5,830662,1,2835831
WDO$D,D1,1683244800,5950.5,5976.0,5893.0,5920.5,825508,1,2900757
WDO$D,D1,1683504000,5920.0,5984.0,5908.0,5976.0,820479,1,2826062
WDO$D,D1,1683590400,5973.0,6002.0,5937.5,5951.5,808756,1,2850491
WDO$D,D1,1683676800,5950.5,5955.5,5902.0,5908.0,819461,1,2648768
WDO$D,D1,1683763200,5919.0,5946.5,5888.0,5894.0,833486,1,2925054
WDO$D,D1,1683849600,5895.0,5917.0,5866.5,5881.5,745650,1,2644096
WDO$D,D1,1684108800,5880.0,5891.0,5844.0,5852.5,772038,1,2640870
WDO$D,D1,1684195200,5851.0,5910.5,5843.5,5897.0,945758,1,3260559
WDO$D,D1,1684281600,5897.0,5926.5,5877.5,5895.0,893477,1,3068747
WDO$D,D1,1684368000,5905.5,5936.5,5903.5,5922.0,764893,1,2688254
WDO$D,D1,1684454400,5907.5,5957.5,5898.5,5952.0,834101,1,3172258
WDO$D,D1,1684713600,5951.5,5958.0,5905.0,5920.5,690777,1,2396368
WDO$D,D1,1684800000,5931.0,5945.0,5900.5,5923.0,742586,1,2727030
WDO$D,D1,1684886400,5913.0,5913.5,5883.5,5908.0,656949,1,2356301
WDO$D,D1,1684972800,5900.5,5991.0,5891.5,5983.5,875912,1,3650636
WDO$D,D1,1685059200,5962.5,5978.0,5924.5,5944.0,803432,1,2915301
WDO$D,D1,1685318400,5947.0,5966.0,5919.0,5964.5,524301,1,1713161
WDO$D,D1,1685404800,5952.0,6013.0,5944.0,5982.5,796294,1,2932035
WDO$D,D1,1685491200,6001.0,6072.0,5996.0,5999.0,1054051,1,4003403
WDO$D,D1,1685577600,5983.0,6002.0,5948.0,5960.0,837052,1,3025740
WDO$D,D1,1685664000,5946.0,5947.0,5888.0,5901.0,767020,1,2794849
WDO$D,D1,1685923200,5916.0,5917.0,5852.5,5874.0,771905,1,2729965
WDO$D,D1,1686009600,5872.5,5895.0,5839.0,5851.0,748478,1,2763419
WDO$D,D1,1686096000,5846.0,5870.5,5838.5,5868.0,766008,1,2823458
WDO$D,D1,1686268800,5852.0,5864.5,5791.5,5814.0,662983,1,2431030
WDO$D,D1,1686528000,5817.5,5835.5,5796.5,5797.0,678410,1,2440536
WDO$D,D1,1686614400,5801.0,5812.5,5781.0,5796.0,725613,1,2701754
WDO$D,D1,1686700800,5791.0,5799.0,5727.5,5748.5,881597,1,3443338
WDO$D,D1,1686787200,5756.0,5774.5,5724.5,5742.5,744523,1,2707611
WDO$D,D1,1686873600,5739.5,5777.5,5735.5,5745.5,736456,1,2696011
WDO$D,D1,1687132800,5751.0,5758.0,5686.0,5704.5,542317,1,2104965
WDO$D,D1,1687219200,5711.5,5733.0,5699.0,5715.5,764956,1,2739826
WDO$D,D1,1687305600,5716.0,5739.0,5684.5,5684.5,687859,1,2623749
WDO$D,D1,1687392000,5689.0,5711.0,5674.0,5694.5,695720,1,2579035
WDO$D,D1,1687478400,5711.5,5728.5,5686.5,5708.5,627350,1,2326353
WDO$D,D1,1687737600,5701.0,5702.5,5677.5,5688.5,500943,1,1839553
WDO$D,D1,1687824000,5687.0,5734.0,5668.5,5731.0,702523,1,2778824
WDO$D,D1,1687910400,5733.5,5787.5,5727.0,5769.5,733220,1,2919093
WDO$D,D1,1687996800,5764.0,5792.0,5747.0,5778.0,746272,1,2888578
WDO$D,D1,1688083200,5782.0,5791.5,5704.0,5707.0,725514,1,2897133
WDO$D,D1,1688342400,5717.0,5731.5,5679.5,5728.5,625315,1,2209775
WDO$D,D1,1688428800,5719.0,5769.5,5703.0,5761.0,501074,1,1756572
WDO$D,D1,1688515200,5764.0,5789.0,5753.5,5768.5,705470,1,2454365
WDO$D,D1,1688601600,5766.5,5869.5,5759.5,5838.5,911180,1,3396570
WDO$D,D1,1688688000,5838.0,5855.0,5765.0,5790.0,850905,1,2905909
WDO$D,D1,1688947200,5784.0,5819.5,5771.5,5817.5,742278,1,2386572
WDO$D,D1,1689033600,5812.5,5837.5,5766.0,5770.0,785528,1,2591190
WDO$D,D1,1689120000,5763.5,5774.0,5697.0,5731.0,875609,1,2949617
WDO$D,D1,1689206400,5712.0,5739.5,5698.5,5709.0,806198,1,2835029
WDO$D,D1,1689292800,5714.5,5725.5,5686.5,5701.5,778136,1,2785230
WDO$D,D1,1689552000,5711.0,5759.0,5706.5,5716.0,672470,1,2403891
WDO$D,D1,1689638400,5714.0,5735.0,5702.5,5720.5,778479,1,2812134
WDO$D,D1,1689724800,5723.0,5728.5,5687.0,5696.5,638772,1,2321514
WDO$D,D1,1689811200,5697.0,5717.0,5674.0,5701.5,717628,1,2676768
WDO$D,D1,1689897600,5724.0,5726.0,5663.5,5685.0,629015,1,2312168
WDO$D,D1,1690156800,5674.0,5684.5,5625.0,5631.0,675661,1,2606928
WDO$D,D1,1690243200,5627.0,5660.5,5618.5,5655.0,686907,1,2600065
WDO$D,D1,1690329600,5643.0,5654.0,5621.0,5635.0,636155,1,2420200
WDO$D,D1,1690416000,5622.5,5658.5,5607.5,5641.5,754122,1,2931834
WDO$D,D1,1690502400,5625.5,5640.0,5593.0,5632.5,661177,1,2550143
WDO$D,D1,1690761600,5630.5,5658.0,5611.0,5622.5,561484,1,2199955
WDO$D,D1,1690848000,5624.5,5697.0,5624.5,5689.5,706033,1,2709925
WDO$D,D1,1690934400,5696.5,5717.5,5676.5,5706.0,685255,1,2549493
WDO$D,D1,1691020800,5740.5,5817.5,5737.5,5814.5,845636,1,3345324
WDO$D,D1,1691107200,5814.5,5818.5,5740.0,5767.5,744962,1,2878157
WDO$D,D1,1691366400,5764.5,5807.0,5760.5,5793.0,557440,1,2109753
WDO$D,D1,1691452800,5824.0,5832.5,5780.5,5792.5,737492,1,2707404
WDO$D,D1,1691539200,5784.0,5805.5,5763.5,5791.5,759287,1,2756039
WDO$D,D1,1691625600,5779.0,5784.5,5730.0,5782.0,799088,1,2970616
WDO$D,D1,1691712000,5763.5,5798.0,5750.5,5795.5,719845,1,2553558
WDO$D,D1,1691971200,5801.5,5858.0,5798.0,5848.0,689742,1,2663017
WDO$D,D1,1692057600,5862.5,5883.5,5844.5,5871.0,795345,1,2938982
WDO$D,D1,1692144000,5860.0,5876.5,5834.5,5872.5,809898,1,2982621
WDO$D,D1,1692230400,5856.5,5881.0,5843.0,5860.5,784741,1,2709177
WDO$D,D1,1692316800,5862.0,5884.0,5839.5,5851.5,699338,1,2419926
WDO$D,D1,1692576000,5849.5,5877.0,5838.5,5861.5,597301,1,2048920
WDO$D,D1,1692662400,5844.5,5844.5,5804.0,5818.0,698026,1,2467209
WDO$D,D1,1692748800,5804.5,5818.5,5722.5,5734.5,793453,1,3153988
WDO$D,D1,1692835200,5748.5,5763.5,5731.5,5759.5,674441,1,2465254
WDO$D,D1,1692921600,5756.5,5776.0,5732.5,5746.5,779587,1,2846457
WDO$D,D1,1693180800,5750.0,5784.5,5738.5,5748.0,610431,1,2089495
WDO$D,D1,1693267200,5752.5,5774.5,5721.5,5727.0,841913,1,3156421
WDO$D,D1,1693353600,5731.5,5764.5,5713.5,5764.5,698793,1,2831359
WDO$D,D1,1693440000,5754.5,5833.0,5736.0,5825.5,905113,1,3934160
WDO$D,D1,1693526400,5813.0,5823.0,5771.0,5818.5,800038,1,2843848
WDO$D,D1,1693785600,5806.0,5814.0,5778.5,5810.0,468884,1,1708814
WDO$D,D1,1693872000,5833.0,5856.0,5825.0,5838.5,699245,1,2640212
WDO$D,D1,1693958400,5845.0,5865.0,5824.0,5850.0,738855,1,2817180
WDO$D,D1,1694131200,5852.5,5862.5,5834.0,5856.0,554891,1,1957030
WDO$D,D1,1694390400,5828.0,5838.5,5786.5,5795.0,612495,1,2438325
WDO$D,D1,1694476800,5809.0,5832.0,5799.0,5811.5,583902,1,2128060
WDO$D,D1,1694563200,5818.5,5830.0,5757.0,5779.0,723154,1,2837474
WDO$D,D1,1694649600,5780.5,5785.0,5725.0,5731.0,750499,1,2926901
WDO$D,D1,1694736000,5728.5,5741.0,5721.0,5731.0,633800,1,2497459
WDO$D,D1,1694995200,5735.0,5738.5,5701.5,5717.5,568184,1,2351639
WDO$D,D1,1695081600,5706.5,5734.5,5699.0,5726.5,592307,1,2371668
WDO$D,D1,1695168000,5716.0,5740.0,5699.5,5737.5,680317,1,2786369
WDO$D,D1,1695254400,5753.0,5796.5,5748.0,5794.0,735235,1,3145168
WDO$D,D1,1695340800,5771.0,5793.5,5759.5,5791.5,580214,1,2440948
WDO$D,D1,1695600000,5800.0,5829.0,5791.5,5823.0,586090,1,2348614
WDO$D,D1,1695686400,5828.0,5847.0,5805.0,5840.5,770297,1,3233990
WDO$D,D1,1695772800,5838.0,5930.5,5838.0,5895.0,945803,1,4305063
WDO$D,D1,1695859200,5891.0,5921.5,5866.5,5885.5,921743,1,3806231
WDO$D,D1,1695945600,5864.5,5883.0,5835.5,5883.0,817863,1,3506045
WDO$D,D1,1696204800,5914.0,5926.0,5883.5,5909.0,762985,1,3177140
WDO$D,D1,1696291200,5925.0,6018.5,5916.0,6013.5,1072321,1,4537192
WDO$D,D1,1696377600,5988.0,6023.0,5968.5,5999.0,1002944,1,4033802
WDO$D,D1,1696464000,6011.0,6032.0,5993.5,6011.0,881824,1,3318372
WDO$D,D1,1696550400,6007.5,6063.0,5986.5,5989.0,1079881,1,4034020
WDO$D,D1,1696809600,6018.0,6025.5,5964.0,5978.5,724009,1,2688711
WDO$D,D1,1696896000,5981.0,5983.0,5889.0,5897.0,863775,1,3459033
WDO$D,D1,1696982400,5884.0,5912.5,5869.5,5889.5,857138,1,3325354
WDO$D,D1,1697155200,5906.5,5942.0,5884.5,5919.0,745945,1,2844897
WDO$D,D1,1697414400,5892.0,5910.0,5870.5,5878.0,663505,1,2451315
WDO$D,D1,1697500800,5886.0,5902.5,5846.0,5878.5,868440,1,3455006
WDO$D,D1,1697587200,5891.0,5911.0,5864.0,5896.0,806506,1,3267460
WDO$D,D1,1697673600,5913.0,5919.5,5855.0,5901.5,998424,1,3900427
WDO$D,D1,1697760000,5892.5,5933.0,5859.0,5866.0,874257,1,3335298
WDO$D,D1,1698019200,5881.0,5886.5,5828.0,5847.0,828772,1,3428708
WDO$D,D1,1698105600,5847.0,5861.5,5820.0,5824.5,845756,1,3419480
WDO$D,D1,1698192000,5828.0,5849.0,5816.0,5824.0,761853,1,3054255
WDO$D,D1,1698278400,5831.5,5848.5,5816.0,5816.0,785658,1,3320439
WDO$D,D1,1698364800,5816.0,5847.5,5758.5,5844.5,887496,1,4030488
WDO$D,D1,1698624000,5821.0,5886.5,5799.0,5876.0,964291,1,3732268
WDO$D,D1,1698710400,5856.5,5900.5,5839.0,5866.0,809611,1,3386187
WDO$D,D1,1698796800,5865.5,5875.5,5781.0,5782.5,955973,1,3743802
WDO$D,D1,1698969600,5763.0,5763.0,5703.5,5729.5,775619,1,2789263
WDO$D,D1,1699228800,5720.5,5738.0,5707.0,5712.0,661745,1,2330280
WDO$D,D1,1699315200,5730.5,5734.5,5683.0,5696.5,699586,1,2884209
WDO$D,D1,1699401600,5712.0,5741.0,5694.5,5734.0,697348,1,2647776
WDO$D,D1,1699488000,5733.0,5771.0,5716.0,5758.5,754039,1,2849545
WDO$D,D1,1699574400,5756.5,5777.5,5723.5,5724.5,634652,1,2318679
WDO$D,D1,1699833600,5731.5,5764.0,5727.0,5729.0,555843,1,2230199
WDO$D,D1,1699920000,5719.5,5727.5,5668.0,5687.5,689878,1,2774576
WDO$D,D1,1700092800,5683.0,5706.5,5656.5,5682.0,704545,1,2733629
WDO$D,D1,1700179200,5673.5,5730.0,5669.5,5723.5,691990,1,2831052
WDO$D,D1,1700438400,5712.5,5722.5,5663.0,5666.5,523205,1,2175044
WDO$D,D1,1700524800,5668.0,5723.0,5659.0,5715.0,704564,1,2627248
WDO$D,D1,1700611200,5716.0,5735.5,5693.0,5722.0,754274,1,2889447
WDO$D,D1,1700697600,5715.5,5724.5,5702.0,5721.5,353543,1,1307835
WDO$D,D1,1700784000,5715.0,5720.0,5696.5,5711.0,514108,1,1936289
WDO$D,D1,1701043200,5713.5,5734.5,5684.5,5710.0,668043,1,2776596
WDO$D,D1,1701129600,5710.0,5721.0,5670.0,5683.5,804102,1,3169873
WDO$D,D1,1701216000,5685.5,5718.5,5676.0,5716.5,740610,1,2814810
WDO$D,D1,1701302400,5729.0,5759.5,5728.0,5743.0,791977,1,3129518
WDO$D,D1,1701388800,5725.0,5749.5,5681.0,5693.5,755289,1,2945138
WDO$D,D1,1701648000,5706.5,5765.5,5702.0,5754.5,613614,1,2377794
WDO$D,D1,1701734400,5763.5,5778.5,5733.5,5740.5,813804,1,2973340
WDO$D,D1,1701820800,5729.5,5731.5,5697.0,5711.5,593323,1,2285689
WDO$D,D1,1701907200,5706.5,5724.5,5689.5,5722.5,656043,1,2436991
WDO$D,D1,1701993600,5705.5,5744.5,5704.5,5737.5,676627,1,2439909
WDO$D,D1,1702252800,5742.0,5766.0,5736.0,5744.5,527479,1,1961445
WDO$D,D1,1702339200,5733.0,5778.0,5727.5,5768.0,646490,1,2627566
WDO$D,D1,1702425600,5767.0,5780.5,5717.5,5720.0,793219,1,3305844
WDO$D,D1,1702512000,5684.5,5721.5,5680.0,5718.0,750276,1,3084797
WDO$D,D1,1702598400,5712.5,5753.5,5706.0,5739.5,676539,1,2773234
WDO$D,D1,1702857600,5739.0,5752.5,5691.0,5696.5,608671,1,2334713
WDO$D,D1,1702944000,5689.0,5695.5,5649.0,5665.5,609598,1,2693781
WDO$D,D1,1703030400,5669.5,5716.5,5654.5,5714.5,577029,1,2397864
WDO$D,D1,1703116800,5687.0,5698.5,5663.0,5685.5,640748,1,2555562
WDO$D,D1,1703203200,5671.0,5678.5,5646.0,5657.5,505227,1,2138814
WDO$D,D1,1703548800,5647.5,5657.5,5608.5,5608.5,453679,1,1886979
WDO$D,D1,1703635200,5607.5,5633.5,5598.0,5622.5,507705,1,2003370
WDO$D,D1,1703721600,5617.0,5668.0,5614.5,5646.5,573081,1,2351749
WDO$D,D1,1704153600,5663.0,5724.0,5645.0,5722.0,613948,1,2470972
WDO$D,D1,1704240000,5736.0,5736.5,5696.0,5718.0,707145,1,2637441
WDO$D,D1,1704326400,5708.5,5733.5,5692.0,5693.0,594536,1,2323009
WDO$D,D1,1704412800,5706.0,5737.5,5655.5,5669.0,725359,1,2780987
WDO$D,D1,1704672000,5673.5,5696.0,5658.0,5664.0,584036,1,2022037
WDO$D,D1,1704758400,5674.5,5703.0,5669.5,5698.0,574630,1,2150385
WDO$D,D1,1704844800,5694.0,5698.5,5670.0,5685.5,555769,1,2058893
WDO$D,D1,1704931200,5682.5,5686.5,5650.0,5662.5,753377,1,2996559
WDO$D,D1,1705017600,5663.0,5669.0,5621.0,5644.5,663573,1,2635274
WDO$D,D1,1705276800,5629.0,5676.0,5629.0,5650.0,383149,1,1563613
WDO$D,D1,1705363200,5687.0,5722.5,5674.5,5715.0,793160,1,3213526
WDO$D,D1,1705449600,5736.0,5742.5,5711.0,5726.0,698499,1,2705708
WDO$D,D1,1705536000,5715.0,5744.0,5701.0,5715.5,633243,1,2566083
WDO$D,D1,1705622400,5702.5,5726.0,5689.0,5717.5,569628,1,2371614
WDO$D,D1,1705881600,5710.5,5778.5,5708.5,5776.5,749968,1,3343120
WDO$D,D1,1705968000,5771.0,5786.0,5731.0,5736.5,712873,1,2984639
WDO$D,D1,1706054400,5714.0,5721.5,5691.5,5716.0,594191,1,2587527
WDO$D,D1,1706140800,5713.5,5725.5,5690.5,5699.5,529437,1,2168869
WDO$D,D1,1706227200,5688.5,5702.5,5684.5,5699.0,476400,1,1994372
WDO$D,D1,1706486400,5698.5,5740.5,5687.0,5734.0,598198,1,2734156
WDO$D,D1,1706572800,5724.0,5762.0,5714.5,5733.0,591712,1,2652385
WDO$D,D1,1706659200,5726.0,5744.0,5702.5,5726.5,849760,1,3633553
WDO$D,D1,1706745600,5726.0,5747.0,5687.5,5694.0,626372,1,2599219
WDO$D,D1,1706832000,5688.5,5753.0,5680.0,5749.0,617747,1,2745058
WDO$D,D1,1707091200,5754.0,5794.0,5745.5,5762.0,556958,1,2525824
WDO$D,D1,1707177600,5752.0,5756.0,5725.5,5739.5,533961,1,2406790
WDO$D,D1,1707264000,5738.0,5748.0,5726.0,5744.0,472321,1,1966963
WDO$D,D1,1707350400,5750.0,5777.0,5747.5,5769.0,511425,1,2419326
WDO$D,D1,1707436800,5764.0,5765.0,5724.0,5728.0,498793,1,2282074
WDO$D,D1,1707868800,5744.0,5752.0,5736.0,5741.0,201888,1,1006664
WDO$D,D1,1707955200,5730.0,5755.0,5729.0,5745.5,458348,1,2321017
WDO$D,D1,1708041600,5741.0,5760.0,5730.0,5739.0,417439,1,1997857
WDO$D,D1,1708300800,5739.0,5742.0,5722.0,5728.0,248708,1,1156809
WDO$D,D1,1708387200,5733.0,5734.0,5694.0,5695.0,498360,1,2504416
WDO$D,D1,1708473600,5699.5,5715.0,5690.0,5703.5,455071,1,2086066
WDO$D,D1,1708560000,5695.0,5734.0,5687.0,5729.0,494985,1,2409438
WDO$D,D1,1708646400,5728.0,5764.5,5726.0,5764.0,555320,1,2814869
WDO$D,D1,1708905600,5751.0,5762.0,5736.5,5750.5,450232,1,1876931
WDO$D,D1,1708992000,5744.0,5745.0,5693.5,5699.5,562058,1,2586793
WDO$D,D1,1709078400,5708.5,5740.0,5706.5,5730.0,529858,1,2370292
WDO$D,D1,1709164800,5722.5,5762.5,5721.0,5732.5,596783,1,3016444
WDO$D,D1,1709251200,5723.0,5736.5,5708.0,5717.5,493709,1,2118103
WDO$D,D1,1709510400,5714.5,5719.0,5701.0,5708.0,314060,1,1453329
WDO$D,D1,1709596800,5713.5,5722.5,5700.0,5715.5,425200,1,1871161
WDO$D,D1,1709683200,5704.5,5709.0,5692.0,5707.5,420350,1,1805165
WDO$D,D1,1709769600,5697.0,5702.5,5690.5,5694.0,305163,1,1515028
WDO$D,D1,1709856000,5709.5,5749.5,5709.0,5739.5,655511,1,2913193
WDO$D,D1,1710115200,5739.5,5756.5,5716.5,5735.0,457840,1,2194766
WDO$D,D1,1710201600,5729.5,5749.5,5713.0,5725.0,584301,1,2524634
WDO$D,D1,1710288000,5719.5,5742.0,5716.5,5723.0,407132,1,1890176
WDO$D,D1,1710374400,5718.5,5754.5,5707.5,5749.5,537334,1,2645912
WDO$D,D1,1710460800,5742.0,5755.0,5735.5,5753.0,397972,1,2066924
WDO$D,D1,1710720000,5742.5,5789.0,5736.0,5783.0,475538,1,2398260
WDO$D,D1,1710806400,5796.5,5806.5,5761.0,5781.5,548396,1,2816940
WDO$D,D1,1710892800,5782.5,5784.5,5715.0,5720.5,617574,1,2871450
WDO$D,D1,1710979200,5706.5,5736.5,5705.0,5725.5,420133,1,2109140
WDO$D,D1,1711065600,5744.5,5759.0,5731.0,5753.5,463454,1,2161452
WDO$D,D1,1711324800,5743.0,5755.0,5721.0,5722.5,412342,1,1955819
WDO$D,D1,1711411200,5719.0,5742.0,5712.5,5724.5,439624,1,2155937
WDO$D,D1,1711497600,5721.5,5744.5,5720.5,5743.5,462500,1,2221348
WDO$D,D1,1711584000,5748.0,5778.0,5733.5,5775.0,493650,1,2643454
WDO$D,D1,1711929600,5762.5,5824.0,5762.0,5806.0,559381,1,2665487
WDO$D,D1,1712016000,5783.0,5820.5,5782.5,5819.0,576529,1,2661124
WDO$D,D1,1712102400,5822.5,5843.0,5786.5,5796.0,633622,1,2925004
WDO$D,D1,1712188800,5793.0,5810.0,5756.5,5809.0,611197,1,2754494
WDO$D,D1,1712275200,5803.0,5825.5,5779.0,5818.0,657686,1,2740462
WDO$D,D1,1712534400,5820.0,5824.5,5773.0,5773.5,468010,1,1894996
WDO$D,D1,1712620800,5773.5,5775.5,5748.0,5754.5,488328,1,2031376
WDO$D,D1,1712707200,5752.0,5833.5,5745.0,5816.0,767751,1,3372585
WDO$D,D1,1712793600,5821.0,5842.0,5806.0,5840.0,610160,1,2593888
WDO$D,D1,1712880000,5860.5,5895.5,5854.5,5865.5,678350,1,3241375
WDO$D,D1,1713139200,5855.0,5961.5,5850.5,5931.5,842938,1,3634889
WDO$D,D1,1713225600,5945.0,6037.5,5943.0,6032.5,986903,1,4233350
WDO$D,D1,1713312000,6026.0,6028.0,5963.5,5976.5,889835,1,3508745
WDO$D,D1,1713398400,5974.5,6023.0,5972.5,5986.0,747862,1,2975162
WDO$D,D1,1713484800,6014.0,6021.5,5928.5,5950.0,689623,1,2849454
WDO$D,D1,1713744000,5950.0,5960.0,5905.5,5911.0,595073,1,2411795
WDO$D,D1,1713830400,5914.5,5930.0,5860.0,5873.0,620462,1,2519677
WDO$D,D1,1713916800,5873.5,5912.0,5864.0,5894.5,570041,1,2406034
WDO$D,D1,1714003200,5893.5,5934.0,5849.0,5903.0,722030,1,3065424
WDO$D,D1,1714089600,5907.5,5909.0,5848.0,5863.0,581235,1,2443745
WDO$D,D1,1714348800,5848.0,5862.0,5841.5,5858.0,544553,1,2317826
WDO$D,D1,1714435200,5856.0,5946.5,5854.0,5942.5,644695,1,2952212
WDO$D,D1,1714608000,5897.5,5898.0,5839.0,5851.5,587162,1,2703138
WDO$D,D1,1714694400,5840.5,5854.5,5782.0,5812.5,677082,1,2887728
WDO$D,D1,1714953600,5799.5,5828.0,5796.5,5814.5,447558,1,1849026
WDO$D,D1,1715040000,5814.0,5819.5,5784.0,5809.5,511748,1,2205057
WDO$D,D1,1715126400,5811.0,5842.5,5810.5,5823.5,485748,1,2161949
WDO$D,D1,1715212800,5877.0,5912.0,5871.0,5871.5,718402,1,3230276
WDO$D,D1,1715299200,5873.0,5898.0,5852.0,5898.0,560699,1,2433607
WDO$D,D1,1715558400,5879.5,5897.5,5856.5,5890.0,496056,1,2033755
WDO$D,D1,1715644800,5880.5,5893.5,5856.0,5857.5,554111,1,2312115
WDO$D,D1,1715731200,5894.5,5899.5,5851.5,5868.5,662220,1,2753295
WDO$D,D1,1715817600,5870.5,5870.5,5836.0,5864.5,503136,1,2215078
WDO$D,D1,1715904000,5866.5,5868.5,5829.5,5829.5,492799,1,2236120
WDO$D,D1,1716163200,5832.5,5858.5,5819.0,5831.5,495904,1,2251152
WDO$D,D1,1716249600,5825.5,5852.5,5811.5,5852.0,607632,1,2579205
WDO$D,D1,1716336000,5864.5,5891.0,5860.5,5879.0,575775,1,2696024
WDO$D,D1,1716422400,5870.5,5886.5,5851.5,5868.0,532429,1,2477907
WDO$D,D1,1716508800,5864.5,5901.0,5855.5,5896.5,488738,1,2210942
WDO$D,D1,1716768000,5884.5,5909.5,5880.5,5898.0,317803,1,1418227
WDO$D,D1,1716854400,5891.0,5894.0,5859.5,5888.5,500103,1,2359297
WDO$D,D1,1716940800,5901.0,5938.5,5894.5,5929.0,533847,1,2583398
WDO$D,D1,1717113600,5923.5,5983.0,5919.5,5972.5,631855,1,2964763
WDO$D,D1,1717372800,5979.0,5992.0,5938.5,5976.5,722440,1,3023615
WDO$D,D1,1717459200,5984.5,6020.5,5973.0,6014.5,803288,1,3421132
WDO$D,D1,1717545600,5996.0,6028.5,5983.5,6023.5,651586,1,2885879
WDO$D,D1,1717632000,6016.5,6032.0,5964.0,5983.0,639255,1,2869342
WDO$D,D1,1717718400,5977.0,6086.0,5963.0,6077.0,870389,1,3570375
WDO$D,D1,1717977600,6067.5,6111.0,6037.0,6077.0,770502,1,3068202
WDO$D,D1,1718064000,6080.5,6094.5,6057.0,6090.5,699394,1,2808716
WDO$D,D1,1718150400,6090.5,6150.0,6056.5,6124.0,1113949,1,4146224
WDO$D,D1,1718236800,6112.0,6136.5,6080.0,6084.5,806099,1,3049183
WDO$D,D1,1718323200,6096.5,6106.0,6063.5,6094.0,694422,1,2620850
WDO$D,D1,1718582400,6091.5,6147.5,6089.5,6143.0,566766,1,2082040
WDO$D,D1,1718668800,6152.0,6161.5,6108.0,6156.5,705426,1,2883208
WDO$D,D1,1718755200,6150.0,6199.0,6131.5,6132.0,550694,1,2406216
WDO$D,D1,1718841600,6094.5,6185.0,6094.5,6166.0,843590,1,3700653
WDO$D,D1,1718928000,6161.5,6177.0,6137.5,6149.5,720226,1,3018200
WDO$D,D1,1719187200,6144.5,6151.5,6089.5,6108.0,598544,1,2482556
WDO$D,D1,1719273600,6125.0,6174.5,6118.0,6170.5,710090,1,2741323
WDO$D,D1,1719360000,6179.0,6249.0,6171.5,6241.5,800125,1,3339815
WDO$D,D1,1719446400,6234.5,6251.5,6195.5,6214.5,863337,1,3420019
WDO$D,D1,1719532800,6200.0,6309.5,6193.0,6302.0,900075,1,3760774
WDO$D,D1,1719792000,6291.0,6374.0,6275.5,6363.5,881375,1,3464019
WDO$D,D1,1719878400,6365.5,6408.0,6337.0,6384.0,1000240,1,4018090
WDO$D,D1,1719964800,6371.5,6376.5,6248.5,6261.5,885539,1,3614096
WDO$D,D1,1720051200,6220.0,6223.0,6174.0,6189.0,645402,1,2425628
WDO$D,D1,1720137600,6176.0,6241.0,6162.5,6165.0,859882,1,3145680
WDO$D,D1,1720396800,6161.0,6200.0,6160.5,6178.0,646468,1,2342175
WDO$D,D1,1720483200,6178.0,6183.0,6115.0,6122.5,627269,1,2448435
WDO$D,D1,1720569600,6110.0,6130.0,6075.0,6120.0,712112,1,2913725
WDO$D,D1,1720656000,6111.5,6157.5,6074.0,6142.0,863825,1,3370285
WDO$D,D1,1720742400,6128.0,6168.5,6118.0,6131.5,698701,1,2601553
WDO$D,D1,1721001600,6156.0,6179.0,6131.0,6151.0,679408,1,2433679
WDO$D,D1,1721088000,6137.5,6163.0,6106.0,6125.0,818442,1,3123474
WDO$D,D1,1721174400,6141.0,6190.0,6134.0,6189.5,712877,1,2866677
WDO$D,D1,1721260800,6183.5,6289.0,6180.0,6249.5,854484,1,3436857
WDO$D,D1,1721347200,6239.0,6312.5,6220.5,6310.0,650592,1,2523231
WDO$D,D1,1721606400,6291.0,6308.5,6233.0,6269.5,792138,1,2954677
WDO$D,D1,1721692800,6280.5,6304.0,6255.0,6284.0,864819,1,3424783
WDO$D,D1,1721779200,6296.0,6357.0,6293.0,6350.0,905728,1,3402872
WDO$D,D1,1721865600,6382.0,6390.5,6314.5,6331.5,952292,1,3497700
WDO$D,D1,1721952000,6311.5,6367.0,6310.5,6360.0,839635,1,3292005
WDO$D,D1,1722211200,6357.5,6362.0,6306.0,6307.0,760364,1,2963736
WDO$D,D1,1722297600,6308.0,6355.5,6301.0,6302.5,770375,1,2941531
WDO$D,D1,1722384000,6301.0,6376.0,6295.5,6351.5,1059080,1,4079643
WDO$D,D1,1722470400,6364.5,6448.0,6325.0,6444.5,1126416,1,4307707
WDO$D,D1,1722556800,6452.0,6485.5,6390.5,6423.0,1226976,1,4367451
WDO$D,D1,1722816000,6554.0,6557.0,6404.0,6410.0,1346917,1,4284828
WDO$D,D1,1722902400,6402.5,6403.5,6320.5,6346.5,1152417,1,4273143
WDO$D,D1,1722988800,6306.0,6329.0,6285.5,6328.0,979006,1,3475608
WDO$D,D1,1723075200,6320.0,6344.0,6220.0,6221.5,1016218,1,3748334
WDO$D,D1,1723161600,6222.0,6241.5,6178.0,6195.0,913470,1,3478208
WDO$D,D1,1723420800,6193.5,6209.5,6157.5,6180.0,948009,1,3487070
WDO$D,D1,1723507200,6158.0,6187.5,6132.0,6142.0,826950,1,3308881
WDO$D,D1,1723593600,6131.0,6171.0,6110.5,6153.0,882169,1,3278702
WDO$D,D1,1723680000,6152.5,6179.0,6134.5,6169.5,751981,1,2841722
WDO$D,D1,1723766400,6160.0,6169.0,6119.5,6158.5,693139,1,2683959
WDO$D,D1,1724025600,6154.0,6155.5,6058.0,6088.5,870722,1,3468764
WDO$D,D1,1724112000,6120.0,6173.0,6114.5,6159.0,883279,1,3440338
WDO$D,D1,1724198400,6152.5,6190.0,6138.0,6158.0,917126,1,3362625
WDO$D,D1,1724284800,6164.0,6288.0,6159.5,6280.5,984964,1,3815028
WDO$D,D1,1724371200,6263.0,6263.0,6153.5,6158.5,909228,1,3314084
WDO$D,D1,1724630400,6170.5,6191.0,6148.5,6174.0,827233,1,2871458
WDO$D,D1,1724716800,6158.0,6196.0,6153.0,6186.5,781192,1,2679127
WDO$D,D1,1724803200,6187.5,6246.0,6187.0,6240.5,875521,1,3006077
WDO$D,D1,1724889600,6233.5,6338.5,6231.0,6303.0,1020581,1,3476991
WDO$D,D1,1724976000,6252.5,6366.0,6246.5,6286.0,1213823,1,4358974
WDO$D,D1,1725235200,6299.0,6334.0,6277.0,6288.5,812363,1,2524252
WDO$D,D1,1725321600,6312.5,6325.5,6248.5,6320.0,952135,1,3156229
WDO$D,D1,1725408000,6318.0,6333.5,6287.5,6313.5,870594,1,2861302
WDO$D,D1,1725494400,6310.5,6321.5,6236.5,6242.5,846686,1,2837782
WDO$D,D1,1725580800,6249.0,6272.5,6199.5,6270.5,966711,1,3106687
WDO$D,D1,1725840000,6256.5,6310.5,6244.5,6255.5,747546,1,2493999
WDO$D,D1,1725926400,6245.0,6340.5,6237.5,6333.0,921884,1,3200567
WDO$D,D1,1726012800,6303.5,6342.0,6274.0,6334.5,987079,1,3204692
WDO$D,D1,1726099200,6316.0,6344.5,6282.0,6292.0,840150,1,2772604
WDO$D,D1,1726185600,6276.5,6286.0,6210.5,6231.0,808875,1,2812271
WDO$D,D1,1726444800,6229.0,6246.5,6162.5,6169.5,808641,1,2817405
WDO$D,D1,1726531200,6175.5,6180.0,6142.5,6144.5,793681,1,2814775
WDO$D,D1,1726617600,6139.5,6159.5,6073.5,6124.0,1042169,1,3545541
WDO$D,D1,1726704000,6064.5,6104.0,6058.0,6084.5,827346,1,2927388
WDO$D,D1,1726790400,6096.0,6185.5,6079.5,6175.5,899100,1,3274542
WDO$D,D1,1727049600,6229.5,6260.0,6186.5,6197.5,817604,1,2795558
WDO$D,D1,1727136000,6178.5,6186.5,6104.5,6109.5,808201,1,2953647
WDO$D,D1,1727222400,6112.0,6154.0,6097.5,6131.5,722587,1,2608915
WDO$D,D1,1727308800,6101.5,6112.5,6063.0,6094.5,769330,1,2823129
WDO$D,D1,1727395200,6086.5,6115.5,6083.0,6084.5,662294,1,2269634
WDO$D,D1,1727654400,6081.0,6125.0,6053.5,6102.5,626495,1,2385071
WDO$D,D1,1727740800,6128.5,6129.0,6071.5,6075.0,931760,1,3538792
WDO$D,D1,1727827200,6066.5,6100.5,6054.0,6090.5,694481,1,2399188
WDO$D,D1,1727913600,6104.0,6161.5,6099.5,6126.5,704262,1,2552284
WDO$D,D1,1728000000,6121.5,6169.5,6096.5,6096.5,767189,1,2727549
WDO$D,D1,1728259200,6117.5,6146.5,6068.5,6145.5,715109,1,2584446
WDO$D,D1,1728345600,6152.5,6188.5,6143.0,6182.5,762636,1,2698327
WDO$D,D1,1728432000,6179.5,6246.5,6176.5,6241.5,710692,1,2617648
WDO$D,D1,1728518400,6226.5,6250.0,6211.5,6229.5,827718,1,2817818
WDO$D,D1,1728604800,6219.0,6298.0,6202.0,6247.5,834487,1,3194967
WDO$D,D1,1728864000,6258.5,6296.0,6207.0,6229.0,803122,1,2856079
WDO$D,D1,1728950400,6234.0,6307.5,6223.0,6297.5,876338,1,3192102
WDO$D,D1,1729036800,6296.5,6341.5,6272.0,6310.5,891302,1,3185727
WDO$D,D1,1729123200,6322.0,6330.0,6292.0,6292.0,730669,1,2554192
WDO$D,D1,1729209600,6276.0,6343.0,6269.0,6340.0,731198,1,2632157
WDO$D,D1,1729468800,6342.5,6374.0,6325.0,6328.0,796949,1,2781078
WDO$D,D1,1729555200,6323.0,6355.0,6311.5,6330.0,788776,1,2749937
WDO$D,D1,1729641600,6353.5,6368.0,6320.5,6322.5,795685,1,2871937
WDO$D,D1,1729728000,6320.0,6356.0,6296.5,6302.5,806271,1,2988076
WDO$D,D1,1729814400,6306.5,6350.5,6304.0,6345.5,707049,1,2523152
WDO$D,D1,1730073600,6336.5,6354.0,6319.0,6345.5,652799,1,2341066
WDO$D,D1,1730160000,6341.5,6399.5,6329.5,6396.0,975811,1,3659246
WDO$D,D1,1730246400,6393.5,6424.0,6385.5,6399.0,830819,1,2920342
WDO$D,D1,1730332800,6398.5,6429.0,6385.5,6427.0,736270,1,2633055
WDO$D,D1,1730419200,6421.0,6520.0,6395.0,6510.5,919446,1,3504875
WDO$D,D1,1730678400,6468.0,6471.5,6387.5,6424.5,898951,1,3043987
WDO$D,D1,1730764800,6415.5,6435.5,6369.0,6381.0,891911,1,3122313
WDO$D,D1,1730851200,6483.5,6490.5,6292.5,6342.5,1327019,1,4657035
WDO$D,D1,1730937600,6322.5,6351.0,6260.5,6322.5,1314763,1,4504729
WDO$D,D1,1731024000,6359.0,6417.0,6348.0,6372.5,929836,1,3141908
WDO$D,D1,1731283200,6402.5,6442.5,6374.5,6387.5,787318,1,2651584
WDO$D,D1,1731369600,6410.5,6422.5,6364.5,6373.5,939447,1,3361496
WDO$D,D1,1731456000,6355.5,6444.5,6349.0,6433.0,986092,1,3430026
WDO$D,D1,1731542400,6430.5,6454.5,6387.5,6405.0,929708,1,3176264
WDO$D,D1,1731888000,6400.5,6424.0,6359.5,6370.0,748873,1,2566489
WDO$D,D1,1731974400,6385.5,6419.5,6369.5,6391.0,794430,1,2897461
WDO$D,D1,1732147200,6405.5,6456.0,6403.5,6438.0,865378,1,3076936
WDO$D,D1,1732233600,6443.5,6453.5,6409.5,6425.5,823357,1,2868114
WDO$D,D1,1732492800,6405.5,6439.5,6394.5,6417.0,872828,1,3020083
WDO$D,D1,1732579200,6431.0,6450.0,6398.5,6426.5,817693,1,2971464
WDO$D,D1,1732665600,6422.0,6581.5,6420.5,6579.0,1176534,1,4328321
WDO$D,D1,1732752000,6593.0,6645.5,6562.5,6639.5,840227,1,2849903
WDO$D,D1,1732838400,6616.5,6729.5,6568.5,6599.5,1349724,1,4398216
WDO$D,D1,1733097600,6617.5,6702.0,6614.5,6672.0,1060983,1,3511821
WDO$D,D1,1733184000,6660.0,6704.5,6641.0,6650.5,979234,1,3287022
WDO$D,D1,1733270400,6661.5,6681.0,6627.5,6647.5,865325,1,2993930
WDO$D,D1,1733356800,6640.5,6644.0,6567.0,6621.5,852364,1,3084493
WDO$D,D1,1733443200,6626.5,6700.0,6590.0,6693.0,948459,1,3387326
WDO$D,D1,1733702400,6683.5,6695.5,6642.0,6683.5,792144,1,2684030
WDO$D,D1,1733788800,6658.5,6675.0,6621.0,6649.0,867183,1,2999792
WDO$D,D1,1733875200,6671.5,6675.5,6539.5,6556.5,1129303,1,4029443
WDO$D,D1,1733961600,6490.5,6650.5,6468.5,6576.0,1268168,1,4645428
WDO$D,D1,1734048000,6584.0,6677.0,6572.0,6640.0,1174284,1,3832059
WDO$D,D1,1734307200,6670.0,6752.5,6624.0,6752.0,1151052,1,3705470
WDO$D,D1,1734393600,6746.5,6809.0,6659.0,6705.5,1737293,1,5143849
WDO$D,D1,1734480000,6699.0,6916.0,6691.5,6845.0,1447003,1,4339365
WDO$D,D1,1734566400,6841.5,6900.0,6703.5,6756.0,1876934,1,5697635
WDO$D,D1,1734652800,6697.5,6713.0,6642.5,6692.0,1443908,1,4066011
WDO$D,D1,1734912000,6714.5,6797.5,6704.5,6793.0,935801,1,2640497
WDO$D,D1,1735171200,6756.5,6793.5,6742.0,6777.5,957262,1,2807489
WDO$D,D1,1735257600,6791.5,6809.5,6763.5,6790.0,901932,1,2428639
WDO$D,D1,1735516800,6799.0,6836.5,6745.5,6763.0,965480,1,2860533
WDO$D,D1,1735776000,6778.5,6820.0,6734.0,6744.0,946929,1,2712562
WDO$D,D1,1735862400,6739.0,6791.0,6725.5,6772.5,938683,1,2660672
WDO$D,D1,1736121600,6735.5,6742.5,6680.0,6699.0,1042139,1,2866744
WDO$D,D1,1736208000,6702.0,6706.0,6639.5,6690.0,1102841,1,3157230
WDO$D,D1,1736294400,6710.5,6741.0,6686.5,6689.5,996540,1,2819819
WDO$D,D1,1736380800,6691.0,6706.5,6615.0,6620.0,906723,1,2862294
WDO$D,D1,1736467200,6623.0,6709.0,6614.0,6687.5,958650,1,3093352
WDO$D,D1,1736726400,6708.5,6718.0,6656.5,6675.5,926232,1,2655780
WDO$D,D1,1736812800,6672.5,6672.5,6619.5,6639.5,979738,1,3027365
WDO$D,D1,1736899200,6624.0,6646.0,6579.0,6587.0,1017386,1,3074437
WDO$D,D1,1736985600,6599.0,6645.0,6570.0,6623.5,1032230,1,3240587
WDO$D,D1,1737072000,6631.0,6663.5,6600.5,6644.0,946302,1,2968943
WDO$D,D1,1737331200,6639.0,6659.0,6594.0,6594.0,895502,1,2599548
WDO$D,D1,1737417600,6624.0,6639.0,6588.0,6594.0,860498,1,2710828
WDO$D,D1,1737504000,6582.0,6589.0,6484.0,6510.0,1061252,1,3771726
WDO$D,D1,1737590400,6511.0,6539.0,6441.5,6490.0,1085043,1,3550989
WDO$D,D1,1737676800,6471.0,6491.5,6434.0,6477.0,881891,1,2831029
WDO$D,D1,1737936000,6509.5,6521.0,6457.5,6458.5,908142,1,2826159
WDO$D,D1,1738022400,6475.5,6484.0,6419.0,6423.5,886562,1,2905636
WDO$D,D1,1738108800,6425.0,6450.0,6404.0,6411.0,929981,1,3101510
WDO$D,D1,1738195200,6423.0,6516.5,6409.0,6436.5,1041009,1,3390952
WDO$D,D1,1738281600,6429.0,6434.0,6371.0,6401.5,995658,1,3269619
WDO$D,D1,1738540800,6426.0,6464.0,6352.5,6366.0,1089924,1,3399721
WDO$D,D1,1738627200,6357.5,6383.5,6305.5,6309.0,936727,1,3011238
WDO$D,D1,1738713600,6316.0,6373.0,6304.0,6347.5,918563,1,2878756
WDO$D,D1,1738800000,6359.5,6379.0,6302.5,6315.5,948322,1,3096624
WDO$D,D1,1738886400,6325.5,6366.0,6287.0,6359.5,1141455,1,3604582
WDO$D,D1,1739145600,6360.5,6375.0,6314.5,6339.0,803478,1,2545372
WDO$D,D1,1739232000,6347.0,6355.0,6305.0,6310.0,870414,1,2675213
WDO$D,D1,1739318400,6316.0,6334.0,6289.0,6309.0,968085,1,3139021
WDO$D,D1,1739404800,6304.0,6343.0,6299.5,6305.0,917734,1,2903694
WDO$D,D1,1739491200,6307.5,6312.5,6234.0,6247.0,780594,1,2740537
WDO$D,D1,1739750400,6253.5,6263.5,6236.5,6254.0,538824,1,1766284
WDO$D,D1,1739836800,6253.0,6264.0,6215.0,6228.5,769762,1,2694453
WDO$D,D1,1739923200,6241.0,6270.5,6220.0,6260.0,815699,1,2876550
WDO$D,D1,1740009600,6241.0,6254.0,6224.0,6242.0,762117,1,2625999
WDO$D,D1,1740096000,6240.5,6272.0,6229.5,6268.0,768418,1,2771627
WDO$D,D1,1740355200,6253.0,6318.5,6241.5,6311.0,754180,1,2693518
WDO$D,D1,1740441600,6297.5,6345.5,6271.0,6271.5,944523,1,3226215
WDO$D,D1,1740528000,6271.5,6348.0,6264.0,6333.0,960757,1,3459447
WDO$D,D1,1740614400,6348.0,6372.0,6326.5,6362.0,951926,1,2974342
WDO$D,D1,1740700800,6355.5,6439.5,6343.5,6400.5,991984,1,3551734
WDO$D,D1,1741132800,6360.0,6362.0,6256.5,6259.5,612914,1,2208185
WDO$D,D1,1741219200,6269.5,6299.0,6250.5,6283.0,951094,1,3033819
WDO$D,D1,1741305600,6276.5,6316.0,6269.0,6303.0,861097,1,2687399
WDO$D,D1,1741564800,6306.5,6387.5,6286.5,6369.0,932396,1,3109432
WDO$D,D1,1741651200,6352.5,6362.0,6316.5,6322.5,847328,1,2776988
WDO$D,D1,1741737600,6324.5,6358.5,6296.5,6315.5,819709,1,2698150
WDO$D,D1,1741824000,6332.0,6346.5,6302.0,6311.5,660095,1,2197784
WDO$D,D1,1741910400,6298.5,6300.5,6220.5,6254.5,846009,1,2916320
WDO$D,D1,1742169600,6244.5,6249.5,6172.0,6193.5,795614,1,2721822
WDO$D,D1,1742256000,6207.5,6219.0,6159.5,6177.5,776944,1,2528659
WDO$D,D1,1742342400,6187.0,6193.0,6134.0,6151.5,763916,1,2610834
WDO$D,D1,1742428800,6163.5,6183.5,6148.5,6177.0,760311,1,2557369
WDO$D,D1,1742515200,6188.0,6236.5,6181.0,6227.0,736771,1,2537816
WDO$D,D1,1742774400,6211.0,6270.0,6200.0,6258.0,749842,1,2613805
WDO$D,D1,1742860800,6249.5,6250.0,6173.0,6194.5,816992,1,2881836
WDO$D,D1,1742947200,6199.5,6241.0,6187.5,6230.5,712892,1,2451001
WDO$D,D1,1743033600,6217.5,6264.0,6214.5,6233.0,757573,1,2612815
WDO$D,D1,1743120000,6239.0,6272.5,6236.5,6248.0,777398,1,2619644
WDO$D,D1,1743379200,6253.0,6273.0,6186.0,6187.0,817972,1,2823271
WDO$D,D1,1743465600,6200.0,6218.0,6158.0,6167.0,775965,1,2536291
WDO$D,D1,1743552000,6166.0,6198.0,6131.0,6175.5,998088,1,3130824
WDO$D,D1,1743638400,6108.5,6128.0,6075.5,6117.5,1004573,1,3100844
WDO$D,D1,1743724800,6182.5,6340.5,6180.0,6339.0,1362603,1,4321183
WDO$D,D1,1743984000,6361.0,6414.5,6295.5,6393.0,1414645,1,4191856
WDO$D,D1,1744070400,6354.5,6498.0,6339.5,6493.0,1299756,1,4135595
WDO$D,D1,1744156800,6505.5,6573.5,6292.0,6300.0,1625576,1,4966687
WDO$D,D1,1744243200,6335.5,6431.0,6298.5,6354.5,1267812,1,3813865
WDO$D,D1,1744329600,6299.0,6391.5,6289.0,6337.0,1201478,1,3485888
WDO$D,D1,1744588800,6315.5,6344.5,6297.5,6330.5,892371,1,2499824
WDO$D,D1,1744675200,6326.0,6371.5,6301.0,6346.0,874231,1,2623361
WDO$D,D1,1744761600,6336.0,6385.0,6321.0,6334.5,935271,1,2828608
WDO$D,D1,1744848000,6341.5,6355.5,6263.0,6280.0,894269,1,2789916
WDO$D,D1,1745280000,6260.0,6266.5,6181.5,6186.5,830946,1,2681057
WDO$D,D1,1745366400,6164.0,6191.0,6120.0,6166.0,978884,1,3133017
WDO$D,D1,1745452800,6167.0,6167.0,6123.5,6144.5,858237,1,2772686
WDO$D,D1,1745539200,6161.5,6168.0,6125.0,6147.5,778387,1,2446291
WDO$D,D1,1745798400,6156.0,6158.5,6104.0,6113.0,841627,1,2865570
WDO$D,D1,1745884800,6117.5,6120.0,6070.0,6071.5,816101,1,2521806
WDO$D,D1,1745971200,6078.5,6142.5,6060.0,6126.0,942352,1,3218222
WDO$D,D1,1746144000,6125.5,6130.5,6079.5,6110.5,736635,1,2294531
WDO$D,D1,1746403200,6107.0,6155.0,6080.0,6148.5,698458,1,2326150
WDO$D,D1,1746489600,6148.5,6187.5,6142.0,6165.0,875860,1,2916626
WDO$D,D1,1746576000,6155.5,6211.0,6145.5,6188.0,854760,1,2761447
WDO$D,D1,1746662400,6167.5,6196.0,6105.0,6106.0,864357,1,2947389
WDO$D,D1,1746748800,6113.0,6114.0,6082.0,6094.5,711499,1,2373897
WDO$D,D1,1747008000,6115.5,6148.5,6102.5,6113.0,822411,1,2698076
WDO$D,D1,1747094400,6102.0,6114.5,6034.5,6054.0,901591,1,3195797
WDO$D,D1,1747180800,6042.5,6080.5,6020.0,6078.0,885758,1,2915289
WDO$D,D1,1747267200,6069.5,6134.5,6050.5,6118.5,963362,1,3197801
WDO$D,D1,1747353600,6108.5,6148.5,6095.5,6103.5,775589,1,2575913
WDO$D,D1,1747612800,6092.0,6124.0,6065.5,6078.5,840215,1,2538728
WDO$D,D1,1747699200,6078.0,6114.0,6073.0,6092.0,817126,1,2782766
WDO$D,D1,1747785600,6098.5,6106.5,6068.0,6073.0,760463,1,2507854
WDO$D,D1,1747872000,6076.0,6199.0,6020.0,6180.5,1167617,1,4274340
WDO$D,D1,1747958400,6155.5,6168.0,6066.0,6075.0,945008,1,3071822
WDO$D,D1,1748217600,6065.5,6101.5,6057.5,6084.5,531375,1,1621805
WDO$D,D1,1748304000,6080.5,6092.5,6055.5,6058.5,731444,1,2409543
WDO$D,D1,1748390400,6068.5,6136.5,6062.5,6109.5,840506,1,2803557
WDO$D,D1,1748476800,6116.0,6121.5,6060.5,6084.0,766150,1,2491078
WDO$D,D1,1748563200,6088.0,6158.5,6077.0,6150.0,805374,1,2829685
WDO$D,D1,1748822400,6118.5,6126.0,6082.5,6094.5,791509,1,2475103
WDO$D,D1,1748908800,6095.0,6126.0,6039.5,6053.0,863970,1,2885357
WDO$D,D1,1748995200,6051.0,6065.0,6022.5,6043.0,772717,1,2453406
WDO$D,D1,1749081600,6046.0,6049.5,5989.0,5994.0,841907,1,2845132
WDO$D,D1,1749168000,6005.0,6026.5,5966.0,5973.0,912834,1,2962704
WDO$D,D1,1749427200,5977.5,6005.5,5958.5,5965.0,759214,1,2362037
WDO$D,D1,1749513600,5962.5,5982.0,5942.5,5973.5,752976,1,2461283
WDO$D,D1,1749600000,5972.0,5983.0,5923.5,5941.0,812369,1,2754852
WDO$D,D1,1749686400,5931.0,5960.5,5925.5,5934.0,690928,1,2359229
WDO$D,D1,1749772800,5968.0,5993.0,5929.5,5950.0,788219,1,2766231
WDO$D,D1,1750032000,5924.0,5934.5,5879.0,5879.5,769115,1,2716934
WDO$D,D1,1750118400,5889.0,5902.0,5861.0,5888.5,867504,1,2985428
WDO$D,D1,1750204800,5887.0,5905.5,5869.0,5877.0,760887,1,2589138
WDO$D,D1,1750377600,5864.0,5919.0,5861.0,5908.0,707989,1,2335761
WDO$D,D1,1750636800,5926.5,5933.5,5882.0,5886.0,843830,1,2808382
WDO$D,D1,1750723200,5863.0,5911.0,5863.0,5900.5,799327,1,2857804
WDO$D,D1,1750809600,5898.5,5960.0,5896.0,5943.0,831678,1,2908076
WDO$D,D1,1750896000,5933.0,5948.0,5792.5,5864.0,843249,1,2922459
WDO$D,D1,1750982400,5870.5,5888.0,5842.5,5863.0,874909,1,2997746
WDO$D,D1,1751241600,5866.0,5888.0,5805.5,5814.0,817410,1,2979233
WDO$D,D1,1751328000,5808.0,5850.0,5798.0,5836.0,745017,1,2534058
WDO$D,D1,1751414400,5842.5,5859.0,5793.0,5805.0,814016,1,2888248
WDO$D,D1,1751500800,5805.5,5823.0,5778.0,5788.5,684799,1,2448804
WDO$D,D1,1751587200,5796.0,5802.5,5778.0,5796.0,392850,1,1291904
WDO$D,D1,1751846400,5814.5,5866.5,5811.0,5861.0,764462,1,2730362
WDO$D,D1,1751932800,5846.0,5851.0,5807.5,5824.0,772872,1,2647837
WDO$D,D1,1752019200,5828.5,5978.5,5818.5,5949.0,830893,1,3198776
WDO$D,D1,1752105600,5984.0,5998.5,5893.5,5902.0,1110658,1,3917048
WDO$D,D1,1752192000,5920.0,5959.5,5908.0,5931.0,777437,1,2755746
WDO$D,D1,1752451200,5932.0,5962.0,5909.0,5953.5,710857,1,2496865
WDO$D,D1,1752537600,5939.5,5967.5,5897.0,5914.5,967873,1,3547879
WDO$D,D1,1752624000,5925.5,5954.0,5900.5,5927.5,922005,1,3283806
WDO$D,D1,1752710400,5941.5,5969.5,5897.0,5907.5,726084,1,2579652
WDO$D,D1,1752796800,5921.5,5955.5,5880.0,5933.0,771446,1,2868037
WDO$D,D1,1753056000,5950.5,5967.0,5905.5,5921.5,651441,1,2213611
WDO$D,D1,1753142400,5925.0,5944.0,5904.5,5915.5,727459,1,2539514
WDO$D,D1,1753228800,5915.5,5929.0,5861.0,5861.5,703422,1,2592563
WDO$D,D1,1753315200,5875.0,5889.5,5862.0,5873.0,625145,1,2314746
WDO$D,D1,1753401600,5880.5,5921.5,5869.0,5908.5,636718,1,2373482
WDO$D,D1,1753660800,5933.0,5952.0,5914.0,5935.0,636173,1,2422734
WDO$D,D1,1753747200,5944.5,5948.0,5902.5,5920.5,712016,1,2845672
WDO$D,D1,1753833600,5921.0,5972.5,5876.5,5921.5,1026223,1,3805583
WDO$D,D1,1753920000,5907.5,5965.5,5903.5,5947.0,730611,1,2869547
WDO$D,D1,1754006400,5959.5,5967.0,5865.5,5878.5,878850,1,3368245
WDO$D,D1,1754265600,5869.5,5880.5,5829.0,5856.5,657336,1,2482091
WDO$D,D1,1754352000,5868.0,5870.5,5832.5,5839.0,633993,1,2235535
WDO$D,D1,1754438400,5836.0,5843.0,5789.5,5790.5,681394,1,2647453
WDO$D,D1,1754524800,5795.5,5806.5,5743.0,5745.5,767776,1,2964180
WDO$D,D1,1754611200,5754.5,5771.0,5742.5,5759.5,638632,1,2462127
WDO$D,D1,1754870400,5767.5,5785.0,5759.5,5765.0,542988,1,2022094
WDO$D,D1,1754956800,5766.0,5768.0,5709.0,5726.0,715253,1,2851832
WDO$D,D1,1755043200,5710.5,5732.5,5701.5,5712.5,606635,1,2348713
WDO$D,D1,1755129600,5723.0,5753.0,5715.0,5732.0,687497,1,2656099
WDO$D,D1,1755216000,5725.5,5727.0,5703.0,5711.5,498107,1,1900820
WDO$D,D1,1755475200,5719.5,5757.5,5719.5,5754.0,547490,1,2120415
WDO$D,D1,1755561600,5749.0,5822.5,5743.5,5813.0,773723,1,3274595
WDO$D,D1,1755648000,5810.5,5817.0,5774.0,5790.0,664373,1,2651383
WDO$D,D1,1755734400,5800.5,5808.0,5777.5,5782.0,695633,1,2603351
WDO$D,D1,1755820800,5784.0,5786.0,5721.0,5735.0,658224,1,2581430
WDO$D,D1,1756080000,5736.0,5744.0,5708.0,5716.0,471195,1,1867776
WDO$D,D1,1756166400,5707.5,5753.5,5703.0,5737.0,546705,1,2260353
WDO$D,D1,1756252800,5752.5,5760.0,5717.0,5722.0,652674,1,2640695
WDO$D,D1,1756339200,5715.0,5731.5,5696.0,5717.5,621557,1,2493938
WDO$D,D1,1756425600,5718.5,5741.5,5710.5,5725.5,606606,1,2517865
WDO$D,D1,1756684800,5722.0,5747.5,5713.0,5736.0,379655,1,1545971
WDO$D,D1,1756771200,5763.5,5797.5,5741.0,5764.5,738756,1,2931905
WDO$D,D1,1756857600,5757.5,5762.5,5727.5,5742.5,582655,1,2295241
WDO$D,D1,1756944000,5758.0,5765.5,5735.0,5739.0,556744,1,2179359
WDO$D,D1,1757030400,5722.0,5731.0,5673.5,5702.5,716657,1,2871169
WDO$D,D1,1757289600,5697.5,5737.0,5691.5,5710.5,533052,1,2120216
WDO$D,D1,1757376000,5708.5,5730.5,5699.5,5719.0,581544,1,2207160
WDO$D,D1,1757462400,5719.0,5723.5,5682.5,5686.0,576258,1,2223241
WDO$D,D1,1757548800,5693.5,5707.5,5657.5,5673.0,625789,1,2597929
WDO$D,D1,1757635200,5681.5,5690.0,5622.0,5629.0,641592,1,2798222
WDO$D,D1,1757894400,5628.0,5630.0,5587.5,5596.0,560413,1,2398803
WDO$D,D1,1757980800,5583.0,5598.5,5568.5,5571.5,578126,1,2350627
WDO$D,D1,1758067200,5576.0,5587.5,5549.5,5585.5,679612,1,2718527
WDO$D,D1,1758153600,5568.0,5592.5,5543.0,5579.5,616580,1,2605589
WDO$D,D1,1758240000,5596.5,5610.0,5586.5,5604.5,481691,1,2031618
WDO$D,D1,1758499200,5593.5,5634.5,5589.5,5605.0,586916,1,2490069
WDO$D,D1,1758585600,5606.0,5613.0,5543.0,5543.5,675565,1,3041923
WDO$D,D1,1758672000,5560.5,5599.5,5558.5,5571.5,529787,1,2290046
WDO$D,D1,1758758400,5589.5,5635.5,5573.0,5627.5,691496,1,3034338
WDO$D,D1,1758844800,5628.5,5628.5,5596.5,5613.0,562027,1,2298827
WDO$D,D1,1759104000,5603.5,5605.0,5565.0,5580.5,562863,1,2368855
WDO$D,D1,1759190400,5572.0,5593.0,5563.0,5578.0,569399,1,2511971
WDO$D,D1,1759276800,5564.5,5593.5,5551.0,5585.0,617928,1,2607692
WDO$D,D1,1759363200,5576.5,5630.0,5564.0,5596.0,641728,1,2776049
WDO$D,D1,1759449600,5587.0,5616.0,5578.5,5595.0,641795,1,2642709
WDO$D,D1,1759708800,5599.0,5603.0,5559.0,5560.0,561745,1,2364164
WDO$D,D1,1759795200,5571.5,5608.0,5569.0,5605.0,605258,1,2508026
WDO$D,D1,1759881600,5605.0,5612.0,5577.0,5581.0,608857,1,2520099
WDO$D,D1,1759968000,5577.0,5626.5,5569.5,5623.5,679874,1,2824814
WDO$D,D1,1760054400,5616.5,5777.0,5604.5,5776.5,1191159,1,4832123
WDO$D,D1,1760313600,5737.0,5743.0,5685.0,5701.0,703542,1,2662751
WDO$D,D1,1760400000,5723.0,5760.0,5697.5,5717.5,843164,1,3381941
WDO$D,D1,1760486400,5699.5,5710.5,5671.5,5692.0,639797,1,2573075
WDO$D,D1,1760572800,5687.0,5696.5,5659.0,5690.0,656059,1,2665480
WDO$D,D1,1760659200,5686.5,5696.0,5638.0,5642.0,619904,1,2495003
WDO$D,D1,1760918400,5646.5,5646.5,5600.0,5606.5,483806,1,2026295
WDO$D,D1,1761004800,5621.5,5636.5,5601.0,5619.5,601028,1,2415099
WDO$D,D1,1761091200,5624.5,5643.0,5606.0,5631.0,603208,1,2453178
WDO$D,D1,1761177600,5631.0,5632.0,5606.5,5609.0,446971,1,1897693
WDO$D,D1,1761264000,5614.0,5622.0,5589.0,5612.5,480714,1,1932503
WDO$D,D1,1761523200,5589.5,5610.5,5585.0,5599.0,456812,1,1963477
WDO$D,D1,1761609600,5602.5,5610.5,5575.5,5582.0,466493,1,2076785
WDO$D,D1,1761696000,5584.0,5588.0,5555.0,5576.0,648865,1,2825476
WDO$D,D1,1761782400,5582.5,5615.0,5582.5,5604.5,536440,1,2154879
WDO$D,D1,1761868800,5609.0,5618.5,5590.5,5598.0,534814,1,2476557
WDO$D,D1,1762128000,5593.5,5601.0,5562.0,5580.0,510273,1,2200845
WDO$D,D1,1762214400,5601.5,5627.5,5594.5,5626.5,545318,1,2456917
WDO$D,D1,1762300800,5617.0,5619.5,5566.5,5570.0,525103,1,2242907
WDO$D,D1,1762387200,5564.0,5577.0,5543.5,5562.5,559635,1,2447599
WDO$D,D1,1762473600,5560.0,5574.5,5536.0,5538.5,515516,1,2247343
WDO$D,D1,1762732800,5524.0,5531.0,5492.5,5498.5,453655,1,2137536
WDO$D,D1,1762819200,5497.5,5505.5,5470.0,5479.5,512369,1,2327778
WDO$D,D1,1762905600,5482.5,5506.5,5470.0,5497.0,436085,1,1863429
WDO$D,D1,1762992000,5485.5,5508.5,5476.0,5493.5,557277,1,2457624
WDO$D,D1,1763078400,5509.0,5517.5,5473.0,5497.0,584632,1,2577801
WDO$D,D1,1763337600,5501.0,5532.5,5492.5,5528.0,464628,1,2037333
WDO$D,D1,1763424000,5535.0,5542.5,5512.0,5523.5,535371,1,2151036
WDO$D,D1,1763510400,5520.5,5543.5,5516.5,5522.5,476683,1,2029863
WDO$D,D1,1763683200,5546.5,5627.0,5544.5,5600.5,766243,1,3069380
WDO$D,D1,1763942400,5592.0,5599.0,5570.5,5578.5,510644,1,2158377
WDO$D,D1,1764028800,5576.0,5599.5,5542.5,5569.0,670877,1,2964495
WDO$D,D1,1764115200,5569.0,5576.5,5515.5,5519.5,571834,1,2378873
WDO$D,D1,1764201600,5524.0,5544.5,5514.5,5541.5,326850,1,1294297
WDO$D,D1,1764288000,5536.5,5544.5,5510.0,5520.0,431282,1,2061537
WDO$D,D1,1764547200,5520.0,5548.5,5510.5,5534.5,506358,1,2124629
WDO$D,D1,1764633600,5536.5,5545.0,5508.5,5510.0,482079,1,2051098
WDO$D,D1,1764720000,5498.5,5504.0,5478.5,5490.0,506517,1,2160841
WDO$D,D1,1764806400,5484.5,5495.5,5467.0,5489.5,475266,1,2116923
WDO$D,D1,1764892800,5476.0,5663.0,5474.5,5614.5,1231234,1,4891361
WDO$D,D1,1765152000,5600.0,5643.5,5562.5,5606.0,861506,1,3375962
WDO$D,D1,1765238400,5597.5,5670.5,5594.5,5608.0,848792,1,3300957
WDO$D,D1,1765324800,5598.0,5663.5,5591.0,5645.5,745820,1,2768373
WDO$D,D1,1765411200,5648.0,5648.5,5566.0,5580.0,628339,1,2695334
WDO$D,D1,1765497600,5578.0,5594.5,5547.5,5581.5,663077,1,2742931
WDO$D,D1,1765756800,5568.5,5592.5,5547.5,5582.0,567107,1,2252604
WDO$D,D1,1765843200,5587.0,5689.0,5581.0,5677.0,808465,1,3228804
WDO$D,D1,1765929600,5664.5,5693.5,5647.0,5683.0,774494,1,3080919
WDO$D,D1,1766016000,5667.5,5720.0,5662.0,5683.0,738971,1,3095246
WDO$D,D1,1766102400,5683.5,5709.0,5656.5,5703.5,592812,1,2550784
WDO$D,D1,1766361600,5687.0,5762.5,5673.5,5747.0,735802,1,3005288
WDO$D,D1,1766448000,5737.0,5751.5,5671.5,5677.0,582658,1,2316234
WDO$D,D1,1766707200,5698.5,5718.5,5671.5,5694.0,481917,1,1851215
WDO$D,D1,1766966400,5694.0,5734.5,5691.5,5721.0,513424,1,2046905
WDO$D,D1,1767052800,5708.5,5712.5,5617.5,5623.5,580647,1,2448079
WDO$D,D1,1767312000,5611.5,5612.5,5556.5,5560.5,543481,1,2184871
WDO$D,D1,1767571200,5559.5,5594.0,5536.0,5553.5,588156,1,2297509
WDO$D,D1,1767657600,5553.5,5556.5,5502.0,5513.5,581052,1,2347666
WDO$D,D1,1767744000,5507.5,5538.5,5505.5,5525.0,522790,1,2085241
WDO$D,D1,1767830400,5528.5,5533.0,5511.0,5522.0,479090,1,1834116
WDO$D,D1,1767916800,5533.0,5533.0,5486.0,5506.5,542371,1,2176564
WDO$D,D1,1768176000,5492.5,5517.5,5481.5,5506.0,489893,1,1941708
WDO$D,D1,1768262400,5502.0,5523.5,5493.0,5500.5,526421,1,2171388
WDO$D,D1,1768348800,5498.0,5550.5,5484.5,5523.5,675868,1,2726651
WDO$D,D1,1768435200,5516.5,5528.0,5477.0,5491.0,550725,1,2251502
WDO$D,D1,1768521600,5490.0,5517.5,5486.0,5491.5,408660,1,1719545
WDO$D,D1,1768780800,5501.5,5504.5,5467.0,5492.0,340669,1,1407501
WDO$D,D1,1768867200,5498.5,5528.5,5478.0,5496.5,627233,1,2736964
WDO$D,D1,1768953600,5488.0,5490.0,5431.0,5437.5,636348,1,2780057
WDO$D,D1,1769040000,5432.0,5441.5,5395.5,5402.5,550341,1,2386111
WDO$D,D1,1769126400,5403.5,5419.0,5387.0,5404.5,572323,1,2426247
WDO$D,D1,1769385600,5393.5,5402.5,5372.5,5394.0,488312,1,2105939
WDO$D,D1,1769472000,5386.5,5388.0,5284.5,5288.0,639907,1,3031890
WDO$D,D1,1769558400,5296.5,5332.5,5278.5,5301.5,776059,1,3281264
WDO$D,D1,1769644800,5304.5,5357.0,5272.0,5300.5,892907,1,3378264
WDO$D,D1,1769731200,5311.5,5384.0,5299.0,5362.5,869454,1,3587574
WDO$D,D1,1769990400,5369.5,5384.0,5338.5,5363.5,593034,1,2395475
WDO$D,D1,1770076800,5347.5,5364.5,5307.0,5338.5,667125,1,3033885
WDO$D,D1,1770163200,5340.0,5363.5,5313.5,5340.0,646437,1,2629791
WDO$D,D1,1770249600,5348.0,5386.0,5332.5,5370.5,744992,1,3115354
WDO$D,D1,1770336000,5341.0,5350.5,5300.0,5312.5,640349,1,2738976
WDO$D,D1,1770595200,5302.0,5305.5,5267.0,5288.5,594275,1,2514486
WDO$D,D1,1770681600,5286.0,5303.5,5274.0,5282.0,538465,1,2263631
WDO$D,D1,1770768000,5276.5,5292.5,5257.0,5270.5,597319,1,2615482
WDO$D,D1,1770854400,5266.0,5308.0,5243.0,5301.0,681468,1,3166540
WDO$D,D1,1770940800,5306.0,5336.5,5289.5,5303.0,643693,1,2922785
WDO$D,D1,1771372800,5290.0,5334.5,5277.5,5321.5,324473,1,1660346
WDO$D,D1,1771459200,5332.0,5338.5,5293.5,5295.0,610884,1,3051692
WDO$D,D1,1771545600,5294.5,5305.5,5251.5,5258.0,684924,1,2957696
WDO$D,D1,1771804800,5264.0,5270.0,5217.5,5251.5,616903,1,2887048
WDO$D,D1,1771891200,5251.0,5262.5,5220.0,5233.0,541492,1,2458032
WDO$D,D1,1771977600,5216.0,5244.5,5193.0,5200.0,611674,1,2750721
WDO$D,D1,1772064000,5205.0,5240.5,5195.0,5211.0,633023,1,2628611
WDO$D,D1,1772150400,5210.5,5242.0,5187.0,5200.5,638654,1,2894110
WDO$D,D1,1772409600,5218.5,5285.5,5208.0,5245.0,925449,1,3943373
WDO$D,D1,1772496000,5307.0,5413.5,5300.0,5349.0,1433688,1,5818791
WDO$D,D1,1772582400,5320.0,5325.0,5259.5,5298.0,874209,1,3425284
WDO$D,D1,1772668800,5310.0,5359.0,5292.0,5331.5,1110692,1,4363374
WDO$D,D1,1772755200,5379.0,5384.5,5292.0,5319.0,1097652,1,4309081
WDO$D,D1,1773014400,5342.5,5347.5,5208.0,5227.0,1041907,1,3822645
WDO$D,D1,1773100800,5215.0,5245.5,5188.5,5221.0,856000,1,3264368
WDO$D,D1,1773187200,5222.5,5238.0,5201.5,5210.5,710315,1,2742134
WDO$D,D1,1773273600,5218.5,5317.0,5210.5,5311.0,994716,1,3863165
WDO$D,D1,1773360000,5292.0,5388.5,5267.5,5384.0,967342,1,3784839
WDO$D,D1,1773619200,5334.5,5336.5,5276.0,5282.5,707229,1,2692466
WDO$D,D1,1773705600,5283.0,5291.0,5225.5,5244.5,729454,1,2972020
WDO$D,D1,1773792000,5239.5,5319.5,5229.5,5291.5,826142,1,3273000
WDO$D,D1,1773878400,5286.0,5360.0,5245.5,5269.5,1211025,1,4092678
WDO$D,D1,1773964800,5291.0,5368.0,5276.0,5320.5,1031529,1,3795776
WDO$D,D1,1774224000,5332.0,5355.0,5254.5,5272.0,1194959,1,3816269
WDO$D,D1,1774310400,5292.5,5318.0,5250.5,5273.0,1062013,1,3631319
WDO$D,D1,1774396800,5250.0,5284.5,5240.0,5263.5,797118,1,2883727
WDO$D,D1,1774483200,5286.5,5299.0,5253.5,5272.0,764792,1,2725960
WDO$D,D1,1774569600,5299.0,5313.0,5250.0,5271.5,750884,1,2738802
WDO$D,D1,1774828800,5263.0,5298.5,5254.5,5285.5,698495,1,2477943
WDO$D,D1,1774915200,5260.0,5269.5,5208.0,5211.0,855185,1,3247598
WDO$D,D1,1775001600,5188.0,5209.5,5179.5,5186.0,695857,1,2702608
WDO$D,D1,1775088000,5220.0,5225.5,5169.0,5189.5,638503,1,2448711
