symbol,tf,datetime,time,open,high,low,close,tick_volume,spread,real_volume
BIT$,D1,2024-04-23,1713830400,451399.0,455975.0,447515.0,448935.0,8403,20,9284
BIT$,D1,2024-04-24,1713916800,452032.0,453406.0,434346.0,436326.0,11394,20,13470
BIT$,D1,2024-04-25,1714003200,435953.0,442801.0,432241.0,440901.0,10027,20,11218
BIT$,D1,2024-04-26,1714089600,434632.0,440003.0,428223.0,433643.0,742,20,872
BIT$,D1,2024-04-29,1714348800,422601.0,426824.0,416484.0,426824.0,9560,20,10680
BIT$,D1,2024-04-30,1714435200,414485.0,416778.0,386598.0,393058.0,11670,20,13425
BIT$,D1,2024-05-02,1714608000,395427.0,399246.0,388606.0,392806.0,11726,20,13760
BIT$,D1,2024-05-03,1714694400,395012.0,423487.0,393007.0,422247.0,12739,20,14854
BIT$,D1,2024-05-06,1714953600,424131.0,428274.0,415574.0,418434.0,14204,20,16188
BIT$,D1,2024-05-07,1715040000,420552.0,423935.0,415595.0,415755.0,15910,20,18197
BIT$,D1,2024-05-08,1715126400,412436.0,417540.0,407680.0,412300.0,15557,20,18880
BIT$,D1,2024-05-09,1715212800,409558.0,422351.0,409013.0,417851.0,15822,20,19288
BIT$,D1,2024-05-10,1715299200,423093.0,425384.0,405264.0,406844.0,23516,20,29533
BIT$,D1,2024-05-13,1715558400,419152.0,426692.0,417432.0,425972.0,20496,20,23969
BIT$,D1,2024-05-14,1715644800,417674.0,417674.0,408116.0,408756.0,19542,20,23028
BIT$,D1,2024-05-15,1715731200,417467.0,444415.0,416974.0,442055.0,26306,20,33379
BIT$,D1,2024-05-16,1715817600,442878.0,447079.0,432799.0,440179.0,23788,20,29516
BIT$,D1,2024-05-17,1715904000,443708.0,448972.0,438752.0,442772.0,23228,20,30534
BIT$,D1,2024-05-20,1716163200,445989.0,467387.0,442847.0,461287.0,32109,20,41370
BIT$,D1,2024-05-21,1716249600,470571.0,474171.0,460831.0,463531.0,32766,20,40123
BIT$,D1,2024-05-22,1716336000,464373.0,472723.0,462963.0,464123.0,28445,20,35905
BIT$,D1,2024-05-23,1716422400,468833.0,469689.0,446513.0,452473.0,36247,20,46853
BIT$,D1,2024-05-24,1716508800,450760.0,465410.0,448130.0,465390.0,32072,20,40911
BIT$,D1,2024-05-27,1716768000,460484.0,474538.0,458238.0,470518.0,45997,20,57725
BIT$,D1,2024-05-28,1716854400,461340.0,461936.0,450740.0,455560.0,58902,20,85239
BIT$,D1,2024-05-29,1716940800,453405.0,459629.0,451909.0,451909.0,35462,20,48385
BIT$,D1,2024-05-31,1717113600,456623.0,467873.0,454553.0,462973.0,21026,20,25911
BIT$,D1,2024-06-03,1717372800,468818.0,479649.0,466249.0,472909.0,45207,20,55464
BIT$,D1,2024-06-04,1717459200,470820.0,487522.0,469582.0,487322.0,53204,20,70165
BIT$,D1,2024-06-05,1717545600,487867.0,493208.0,482808.0,486608.0,53437,20,68576
BIT$,D1,2024-06-06,1717632000,488124.0,491022.0,477502.0,478182.0,47894,20,59980
BIT$,D1,2024-06-07,1717718400,488227.0,491292.0,468312.0,481952.0,61959,20,79266
BIT$,D1,2024-06-10,1717977600,480165.0,486997.0,477237.0,484217.0,47840,20,60897
BIT$,D1,2024-06-11,1718064000,465891.0,469072.0,458512.0,464372.0,47829,20,58920
BIT$,D1,2024-06-12,1718150400,469023.0,488852.0,469023.0,477672.0,46264,20,58936
BIT$,D1,2024-06-13,1718236800,473413.0,477210.0,456350.0,456670.0,44768,20,57656
BIT$,D1,2024-06-14,1718323200,464684.0,468205.0,449765.0,454285.0,45534,20,59137
BIT$,D1,2024-06-17,1718582400,456597.0,469839.0,452759.0,468779.0,61432,20,80741
BIT$,D1,2024-06-18,1718668800,459550.0,459601.0,448000.0,454620.0,62807,20,78522
BIT$,D1,2024-06-19,1718755200,455391.0,460311.0,451211.0,452251.0,39216,20,50011
BIT$,D1,2024-06-20,1718841600,459858.0,461404.0,450724.0,458484.0,49960,20,63022
BIT$,D1,2024-06-21,1718928000,449922.0,451185.0,443005.0,448885.0,49764,20,62190
BIT$,D1,2024-06-24,1719187200,429076.0,429898.0,406460.0,407400.0,74629,20,95415
BIT$,D1,2024-06-25,1719273600,421040.0,436676.0,421040.0,432416.0,65875,20,84568
BIT$,D1,2024-06-26,1719360000,432542.0,438009.0,429569.0,432109.0,56221,20,71022
BIT$,D1,2024-06-27,1719446400,434133.0,441870.0,430910.0,431670.0,53206,20,67017
BIT$,D1,2024-06-28,1719532800,434099.0,437619.0,427699.0,431919.0,30512,20,40070
BIT$,D1,2024-07-01,1719792000,444888.0,460516.0,444888.0,454436.0,43141,20,54094
BIT$,D1,2024-07-02,1719878400,453220.0,455901.0,446541.0,448141.0,55928,20,68455
BIT$,D1,2024-07-03,1719964800,434301.0,435621.0,421161.0,423461.0,55497,20,66534
BIT$,D1,2024-07-04,1720051200,405708.0,408634.0,395814.0,405614.0,64446,20,80867
BIT$,D1,2024-07-05,1720137600,386485.0,398112.0,385252.0,390892.0,66039,20,84535
BIT$,D1,2024-07-08,1720396800,398135.0,401967.0,384787.0,394747.0,85424,20,108547
BIT$,D1,2024-07-09,1720483200,400490.0,403042.0,394582.0,400302.0,72674,20,94151
BIT$,D1,2024-07-10,1720569600,402922.0,403603.0,393963.0,394703.0,84576,20,105545
BIT$,D1,2024-07-11,1720656000,404365.0,408688.0,395748.0,397568.0,91008,20,109321
BIT$,D1,2024-07-12,1720742400,395450.0,404781.0,394141.0,398661.0,88868,20,108272
BIT$,D1,2024-07-15,1721001600,423436.0,442999.0,423436.0,442619.0,86786,20,109765
BIT$,D1,2024-07-16,1721088000,441317.0,451314.0,434774.0,445114.0,112245,20,142798
BIT$,D1,2024-07-17,1721174400,446483.0,454649.0,445429.0,449889.0,91497,20,113048
BIT$,D1,2024-07-18,1721260800,451447.0,458636.0,445896.0,450476.0,94407,20,118186
BIT$,D1,2024-07-19,1721347200,447015.0,481570.0,447015.0,478730.0,69530,20,88280
BIT$,D1,2024-07-22,1721606400,480573.0,482490.0,469490.0,479510.0,100607,20,121421
BIT$,D1,2024-07-23,1721692800,472165.0,475756.0,463916.0,467016.0,117779,20,143045
BIT$,D1,2024-07-24,1721779200,471962.0,478777.0,470117.0,470917.0,101615,20,126588
BIT$,D1,2024-07-25,1721865600,461603.0,468326.0,455186.0,467806.0,85668,20,107595
BIT$,D1,2024-07-26,1721952000,481196.0,492839.0,478574.0,491779.0,56348,20,68597
BIT$,D1,2024-07-29,1722211200,503384.0,505868.0,479108.0,482888.0,96435,20,127293
BIT$,D1,2024-07-30,1722297600,477364.0,482250.0,467730.0,472550.0,93722,20,121329
BIT$,D1,2024-07-31,1722384000,472296.0,481283.0,464283.0,467283.0,91013,20,113170
BIT$,D1,2024-08-01,1722470400,466346.0,474892.0,452932.0,473232.0,95761,20,122360
BIT$,D1,2024-08-02,1722556800,473884.0,478167.0,449667.0,449667.0,100933,20,128810
BIT$,D1,2024-08-05,1722816000,387655.0,405170.0,364630.0,398050.0,123364,20,174868
BIT$,D1,2024-08-06,1722902400,401295.0,409761.0,391501.0,403621.0,107579,20,142319
BIT$,D1,2024-08-07,1722988800,408557.0,410620.0,390640.0,393080.0,107646,20,142507
BIT$,D1,2024-08-08,1723075200,408834.0,425746.0,405286.0,419406.0,103401,20,137627
BIT$,D1,2024-08-09,1723161600,425349.0,427700.0,415480.0,421740.0,103149,20,135949
BIT$,D1,2024-08-12,1723420800,417684.0,421816.0,402956.0,408656.0,113644,20,154071
BIT$,D1,2024-08-13,1723507200,409414.0,426203.0,407423.0,420583.0,101592,20,137373
BIT$,D1,2024-08-14,1723593600,422399.0,426145.0,405605.0,407225.0,101945,20,136283
BIT$,D1,2024-08-15,1723680000,406489.0,414217.0,389637.0,395037.0,119592,20,158643
BIT$,D1,2024-08-16,1723766400,405430.0,414283.0,397583.0,409823.0,99063,20,133352
BIT$,D1,2024-08-19,1724025600,406187.0,406581.0,399001.0,404401.0,84036,20,116818
BIT$,D1,2024-08-20,1724112000,415591.0,420040.0,405740.0,408980.0,89135,20,120082
BIT$,D1,2024-08-21,1724198400,411078.0,428162.0,406722.0,424942.0,102782,20,137580
BIT$,D1,2024-08-22,1724284800,425147.0,429629.0,422749.0,429329.0,83831,20,112100
BIT$,D1,2024-08-23,1724371200,428475.0,449117.0,422597.0,444037.0,98378,20,126277
BIT$,D1,2024-08-26,1724630400,442015.0,445015.0,436455.0,437275.0,85491,20,128079
BIT$,D1,2024-08-27,1724716800,432055.0,433926.0,425766.0,426586.0,73632,20,109955
BIT$,D1,2024-08-28,1724803200,417785.0,420382.0,405342.0,416162.0,97867,20,148150
BIT$,D1,2024-08-29,1724889600,421441.0,434672.0,417532.0,422052.0,98888,20,149101
BIT$,D1,2024-08-30,1724976000,419511.0,428591.0,410991.0,418491.0,65093,20,100386
BIT$,D1,2024-09-02,1725235200,415445.0,420987.0,413587.0,420747.0,65574,20,94324
BIT$,D1,2024-09-03,1725321600,420389.0,421260.0,410020.0,414600.0,83713,20,126153
BIT$,D1,2024-09-04,1725408000,403900.0,417558.0,399818.0,414578.0,93312,20,141872
BIT$,D1,2024-09-05,1725494400,403900.0,409095.0,392640.0,394200.0,94232,20,143336
BIT$,D1,2024-09-06,1725580800,393936.0,399147.0,371087.0,375727.0,119081,20,184022
BIT$,D1,2024-09-09,1725840000,386482.0,408664.0,385478.0,406264.0,107286,20,178234
BIT$,D1,2024-09-10,1725926400,403975.0,414092.0,400012.0,411812.0,100347,20,144523
BIT$,D1,2024-09-11,1726012800,404076.0,412703.0,395143.0,409003.0,100622,20,145539
BIT$,D1,2024-09-12,1726099200,414039.0,418362.0,408742.0,410562.0,90184,20,125223
BIT$,D1,2024-09-13,1726185600,409120.0,423529.0,405629.0,421529.0,74779,20,107142
BIT$,D1,2024-09-16,1726444800,411053.0,411849.0,398889.0,400589.0,69605,20,100302
BIT$,D1,2024-09-17,1726531200,409497.0,425093.0,407213.0,415613.0,89150,20,130246
BIT$,D1,2024-09-18,1726617600,412885.0,418254.0,407654.0,413694.0,85909,20,125666
BIT$,D1,2024-09-19,1726704000,427191.0,435963.0,425683.0,429383.0,77862,20,114167
BIT$,D1,2024-09-20,1726790400,433566.0,439091.0,430691.0,438171.0,73908,20,105391
BIT$,D1,2024-09-23,1727049600,440995.0,446134.0,438814.0,440794.0,65664,20,94821
BIT$,D1,2024-09-24,1727136000,439840.0,443506.0,429906.0,439106.0,76383,20,110405
BIT$,D1,2024-09-25,1727222400,437832.0,441172.0,433532.0,435972.0,61787,20,87647
BIT$,D1,2024-09-26,1727308800,441220.0,449320.0,437140.0,442680.0,78731,20,112181
BIT$,D1,2024-09-27,1727395200,444864.0,454407.0,443867.0,443867.0,42823,20,61231
BIT$,D1,2024-09-30,1727654400,434520.0,439494.0,431094.0,435934.0,53651,20,76061
BIT$,D1,2024-10-01,1727740800,436907.0,436907.0,411065.0,412365.0,98118,20,142493
BIT$,D1,2024-10-02,1727827200,414080.0,424322.0,408842.0,414082.0,95028,20,130712
BIT$,D1,2024-10-03,1727913600,413782.0,418926.0,409546.0,417906.0,83422,20,119954
BIT$,D1,2024-10-04,1728000000,420322.0,428372.0,415372.0,426532.0,81476,20,115110
BIT$,D1,2024-10-07,1728259200,430715.0,439379.0,426639.0,434139.0,74368,20,107073
BIT$,D1,2024-10-08,1728345600,430815.0,435100.0,426700.0,431380.0,88098,20,124535
BIT$,D1,2024-10-09,1728432000,430417.0,434851.0,420351.0,423511.0,75841,20,110526
BIT$,D1,2024-10-10,1728518400,426339.0,427622.0,409982.0,416382.0,86876,20,119901
BIT$,D1,2024-10-11,1728604800,424399.0,444769.0,424289.0,440469.0,79016,20,124263
BIT$,D1,2024-10-14,1728864000,454287.0,463957.0,452757.0,459277.0,75494,20,113779
BIT$,D1,2024-10-15,1728950400,456277.0,478527.0,455233.0,468687.0,112606,20,166127
BIT$,D1,2024-10-16,1729036800,479600.0,483728.0,475748.0,477268.0,96847,20,138888
BIT$,D1,2024-10-17,1729123200,473061.0,479089.0,469589.0,470089.0,88120,20,130149
BIT$,D1,2024-10-18,1729209600,475572.0,489274.0,474776.0,486574.0,83527,20,119457
BIT$,D1,2024-10-21,1729468800,484946.0,487041.0,474081.0,480001.0,81854,20,117846
BIT$,D1,2024-10-22,1729555200,476691.0,479463.0,471643.0,477643.0,82456,20,119418
BIT$,D1,2024-10-23,1729641600,471718.0,475701.0,463001.0,470021.0,94927,20,135015
BIT$,D1,2024-10-24,1729728000,474926.0,484571.0,474811.0,483211.0,84159,20,123364
BIT$,D1,2024-10-25,1729814400,481171.0,485607.0,467307.0,475367.0,82500,20,116532
BIT$,D1,2024-10-28,1730073600,485269.0,499823.0,484883.0,498543.0,102673,20,146731
BIT$,D1,2024-10-29,1730160000,506199.0,527164.0,503844.0,518564.0,130075,20,196602
BIT$,D1,2024-10-30,1730246400,516259.0,523021.0,513681.0,518781.0,90128,20,129969
BIT$,D1,2024-10-31,1730332800,517633.0,518406.0,500546.0,503866.0,102730,20,155614
BIT$,D1,2024-11-01,1730419200,503279.0,516789.0,498729.0,501449.0,118039,20,166150
BIT$,D1,2024-11-04,1730678400,498274.0,498274.0,480306.0,483786.0,106228,20,157183
BIT$,D1,2024-11-05,1730764800,491796.0,505504.0,488704.0,494464.0,127861,20,191850
BIT$,D1,2024-11-06,1730851200,537361.0,543489.0,524349.0,537349.0,145530,20,232250
BIT$,D1,2024-11-07,1730937600,526467.0,541913.0,520613.0,538233.0,142755,20,209678
BIT$,D1,2024-11-08,1731024000,539422.0,550687.0,539348.0,544607.0,113595,20,161279
BIT$,D1,2024-11-11,1731283200,588349.0,631357.0,584337.0,631337.0,198863,20,288332
BIT$,D1,2024-11-12,1731369600,625376.0,641077.0,609237.0,631737.0,224589,20,347723
BIT$,D1,2024-11-13,1731456000,621891.0,670870.0,621090.0,637050.0,256607,20,399194
BIT$,D1,2024-11-14,1731542400,655507.0,660615.0,621515.0,629175.0,187105,20,293160
BIT$,D1,2024-11-18,1731888000,642576.0,657140.0,635680.0,652000.0,170677,20,263174
BIT$,D1,2024-11-19,1731974400,652293.0,670694.0,647494.0,657634.0,163512,20,255506
BIT$,D1,2024-11-21,1732147200,697833.0,710822.0,684282.0,702382.0,175475,20,268528
BIT$,D1,2024-11-22,1732233600,710887.0,713428.0,697108.0,706568.0,143054,20,214351
BIT$,D1,2024-11-25,1732492800,700729.0,702246.0,673066.0,675126.0,167475,20,258408
BIT$,D1,2024-11-26,1732579200,659654.0,676608.0,647388.0,653588.0,185707,20,295653
BIT$,D1,2024-11-27,1732665600,665052.0,708079.0,662919.0,705959.0,178093,20,276014
BIT$,D1,2024-11-28,1732752000,692730.0,707230.0,692730.0,702150.0,93772,20,137837
BIT$,D1,2024-11-29,1732838400,715529.0,731297.0,711917.0,714457.0,113371,20,176625
BIT$,D1,2024-12-02,1733097600,697124.0,724800.0,696380.0,709260.0,149877,20,234326
BIT$,D1,2024-12-03,1733184000,702696.0,714034.0,693234.0,707454.0,156063,20,246033
BIT$,D1,2024-12-04,1733270400,711332.0,731561.0,696781.0,728741.0,173611,20,269382
BIT$,D1,2024-12-05,1733356800,757719.0,759888.0,715848.0,726388.0,203211,20,320927
BIT$,D1,2024-12-06,1733443200,719751.0,756896.0,711936.0,752176.0,171393,20,267208
BIT$,D1,2024-12-09,1733702400,725130.0,739262.0,696602.0,715222.0,176254,20,266676
BIT$,D1,2024-12-10,1733788800,721656.0,722149.0,694529.0,711889.0,205060,20,314023
BIT$,D1,2024-12-11,1733875200,723538.0,740837.0,719657.0,731077.0,165698,20,245548
BIT$,D1,2024-12-12,1733961600,720016.0,746949.0,716529.0,725429.0,158312,20,249250
BIT$,D1,2024-12-13,1734048000,731812.0,748627.0,727627.0,743347.0,145594,20,219490
BIT$,D1,2024-12-16,1734307200,762808.0,796306.0,756546.0,791326.0,186613,20,289064
BIT$,D1,2024-12-17,1734393600,795252.0,813307.0,784707.0,790147.0,177086,20,269516
BIT$,D1,2024-12-18,1734480000,778005.0,789817.0,762157.0,769357.0,186656,20,294775
BIT$,D1,2024-12-19,1734566400,773350.0,778897.0,708437.0,726677.0,198882,20,303139
BIT$,D1,2024-12-20,1734652800,685063.0,719220.0,675540.0,708580.0,174755,20,264420
BIT$,D1,2024-12-23,1734912000,709812.0,716594.0,690974.0,703294.0,159174,20,259876
BIT$,D1,2024-12-26,1735171200,711260.0,718728.0,707988.0,713188.0,146167,20,242408
BIT$,D1,2024-12-27,1735257600,723954.0,726187.0,696159.0,706459.0,107382,20,166849
BIT$,D1,2024-12-30,1735516800,701762.0,705412.0,677912.0,696032.0,135509,20,212446
BIT$,D1,2025-01-02,1735776000,719986.0,728791.0,715031.0,719331.0,136132,20,216989
BIT$,D1,2025-01-03,1735862400,714331.0,736710.0,712450.0,732110.0,145369,20,217439
BIT$,D1,2025-01-06,1736121600,735169.0,754236.0,726416.0,751836.0,145155,20,229864
BIT$,D1,2025-01-07,1736208000,742131.0,743129.0,703455.0,708535.0,176162,20,281992
BIT$,D1,2025-01-08,1736294400,697057.0,704796.0,678496.0,687116.0,171505,20,263793
BIT$,D1,2025-01-09,1736380800,680829.0,686345.0,658945.0,666065.0,178573,20,271782
BIT$,D1,2025-01-10,1736467200,686674.0,701221.0,673521.0,694021.0,186587,20,288179
BIT$,D1,2025-01-13,1736726400,665171.0,685660.0,653060.0,684340.0,195309,20,303878
BIT$,D1,2025-01-14,1736812800,704494.0,705943.0,690020.0,699640.0,140058,20,215560
BIT$,D1,2025-01-15,1736899200,699528.0,725618.0,696738.0,717098.0,136778,20,219348
BIT$,D1,2025-01-16,1736985600,712905.0,728500.0,699360.0,722860.0,154363,20,239980
BIT$,D1,2025-01-17,1737072000,738472.0,768695.0,737615.0,762535.0,158940,20,251067
BIT$,D1,2025-01-20,1737331200,786824.0,788479.0,725799.0,745159.0,176508,20,270246
BIT$,D1,2025-01-21,1737417600,751540.0,771902.0,740302.0,763182.0,168432,20,263329
BIT$,D1,2025-01-22,1737504000,754462.0,757698.0,729358.0,735818.0,141656,20,222080
BIT$,D1,2025-01-23,1737590400,722813.0,753747.0,717627.0,724647.0,200072,20,357621
BIT$,D1,2025-01-24,1737676800,742535.0,753413.0,733853.0,739873.0,150873,20,254501
BIT$,D1,2025-01-27,1737936000,702807.0,720577.0,694217.0,712097.0,215434,20,325113
BIT$,D1,2025-01-28,1738022400,723455.0,725263.0,704343.0,705783.0,157413,20,236562
BIT$,D1,2025-01-29,1738108800,715020.0,731220.0,707200.0,724520.0,163714,20,256031
BIT$,D1,2025-01-30,1738195200,733054.0,746713.0,731793.0,733833.0,121078,20,192757
BIT$,D1,2025-01-31,1738281600,728765.0,734986.0,699626.0,699886.0,117307,20,192404
BIT$,D1,2025-02-03,1738540800,662014.0,702477.0,654457.0,695177.0,156447,20,262885
BIT$,D1,2025-02-04,1738627200,678485.0,689665.0,659085.0,659465.0,165116,20,267028
BIT$,D1,2025-02-05,1738713600,669056.0,679486.0,659146.0,665586.0,134689,20,220265
BIT$,D1,2025-02-06,1738800000,677689.0,680576.0,650336.0,655996.0,157405,20,257294
BIT$,D1,2025-02-07,1738886400,664751.0,680320.0,654180.0,654180.0,163796,20,256675
BIT$,D1,2025-02-10,1739145600,669079.0,670788.0,658568.0,662848.0,114785,20,175314
BIT$,D1,2025-02-11,1739232000,670273.0,670636.0,643116.0,648536.0,139065,20,218277
BIT$,D1,2025-02-12,1739318400,652397.0,662188.0,638508.0,660788.0,163373,20,262822
BIT$,D1,2025-02-13,1739404800,651930.0,654936.0,644396.0,653196.0,135039,20,216829
BIT$,D1,2025-02-14,1739491200,655158.0,665199.0,646359.0,650499.0,127498,20,201500
BIT$,D1,2025-02-17,1739750400,645425.0,649380.0,637540.0,642780.0,109615,20,165203
BIT$,D1,2025-02-18,1739836800,640676.0,648851.0,622551.0,634231.0,136046,20,213308
BIT$,D1,2025-02-19,1739923200,643413.0,647987.0,637667.0,647707.0,110560,20,183962
BIT$,D1,2025-02-20,1740009600,650760.0,660987.0,646907.0,657267.0,114118,20,184808
BIT$,D1,2025-02-21,1740096000,661288.0,666966.0,634526.0,635926.0,147772,20,231628
BIT$,D1,2025-02-24,1740355200,642056.0,644604.0,628824.0,636064.0,133253,20,217468
BIT$,D1,2025-02-25,1740441600,604785.0,607396.0,579516.0,591976.0,189781,20,309561
BIT$,D1,2025-02-26,1740528000,595684.0,599364.0,559364.0,573264.0,180405,20,289585
BIT$,D1,2025-02-27,1740614400,589624.0,590667.0,563927.0,575047.0,163396,20,245128
BIT$,D1,2025-02-28,1740700800,552935.0,590311.0,549131.0,581671.0,159365,20,251528
BIT$,D1,2025-03-05,1741132800,604777.0,614829.0,594729.0,607229.0,109049,20,172614
BIT$,D1,2025-03-06,1741219200,615647.0,616805.0,593185.0,604085.0,184862,20,288046
BIT$,D1,2025-03-07,1741305600,599389.0,616566.0,579686.0,588446.0,207436,20,325091
BIT$,D1,2025-03-10,1741564800,566871.0,567504.0,530904.0,543884.0,226800,20,348439
BIT$,D1,2025-03-11,1741651200,555769.0,568011.0,539091.0,564951.0,199702,20,307133
BIT$,D1,2025-03-12,1741737600,564038.0,574821.0,548281.0,564001.0,186659,20,282951
BIT$,D1,2025-03-13,1741824000,563782.0,568699.0,541739.0,544399.0,174408,20,266857
BIT$,D1,2025-03-14,1741910400,559764.0,570343.0,553423.0,566263.0,156252,20,240528
BIT$,D1,2025-03-17,1742169600,561041.0,561366.0,549042.0,557222.0,141356,20,221123
BIT$,D1,2025-03-18,1742256000,548522.0,549981.0,535961.0,542061.0,145023,20,221477
BIT$,D1,2025-03-19,1742342400,554166.0,565995.0,551015.0,564875.0,143656,20,220329
BIT$,D1,2025-03-20,1742428800,563527.0,571507.0,551287.0,555727.0,149608,20,225160
BIT$,D1,2025-03-21,1742515200,555397.0,563938.0,552998.0,562938.0,126527,20,193467
BIT$,D1,2025-03-24,1742774400,582596.0,592790.0,580530.0,592170.0,129994,20,203205
BIT$,D1,2025-03-25,1742860800,584733.0,587770.0,578270.0,582810.0,144640,20,219849
BIT$,D1,2025-03-26,1742947200,584477.0,585849.0,571869.0,581629.0,139460,20,222488
BIT$,D1,2025-03-27,1743033600,578113.0,584405.0,576045.0,583145.0,124903,20,195664
BIT$,D1,2025-03-28,1743120000,569322.0,571698.0,553478.0,556678.0,102948,20,164711
BIT$,D1,2025-03-31,1743379200,550113.0,556933.0,542393.0,542733.0,152900,20,240964
BIT$,D1,2025-04-01,1743465600,554359.0,563653.0,544973.0,560553.0,140706,20,217434
BIT$,D1,2025-04-02,1743552000,555621.0,582767.0,552207.0,554527.0,187026,20,296188
BIT$,D1,2025-04-03,1743638400,541438.0,541576.0,525788.0,536968.0,145836,20,223518
BIT$,D1,2025-04-04,1743724800,542425.0,570988.0,542425.0,570948.0,179986,20,281843
BIT$,D1,2025-04-07,1743984000,521815.0,546277.0,515917.0,539197.0,227873,20,396670
BIT$,D1,2025-04-08,1744070400,543434.0,546672.0,527332.0,532372.0,171991,20,274701
BIT$,D1,2025-04-09,1744156800,527530.0,562191.0,527530.0,558071.0,180536,20,286937
BIT$,D1,2025-04-10,1744243200,551559.0,556727.0,536847.0,540527.0,151516,20,242436
BIT$,D1,2025-04-11,1744329600,550732.0,571653.0,549733.0,568213.0,139319,20,216649
BIT$,D1,2025-04-14,1744588800,572122.0,577709.0,564949.0,571809.0,117384,20,193160
BIT$,D1,2025-04-15,1744675200,576253.0,584557.0,564377.0,565617.0,109063,20,175560
BIT$,D1,2025-04-16,1744761600,566476.0,576791.0,563051.0,571831.0,119823,20,200237
BIT$,D1,2025-04-17,1744848000,571869.0,574148.0,565388.0,568068.0,94576,20,154691
BIT$,D1,2025-04-22,1745280000,590436.0,605516.0,589116.0,601396.0,119738,20,187130
BIT$,D1,2025-04-23,1745366400,613501.0,617825.0,603505.0,614705.0,121885,20,184684
BIT$,D1,2025-04-24,1745452800,607832.0,611861.0,603981.0,608301.0,92562,20,138362
BIT$,D1,2025-04-25,1745539200,620101.0,628030.0,616870.0,620910.0,86148,20,139472
BIT$,D1,2025-04-28,1745798400,624270.0,625856.0,608414.0,608834.0,96920,20,153780
BIT$,D1,2025-04-29,1745884800,617268.0,620418.0,604883.0,609783.0,85761,20,139372
BIT$,D1,2025-04-30,1745971200,614980.0,623057.0,604977.0,619837.0,101236,20,162892
BIT$,D1,2025-05-02,1746144000,630683.0,634539.0,625219.0,630179.0,95444,20,154384
BIT$,D1,2025-05-05,1746403200,609972.0,617588.0,604928.0,616748.0,95785,20,155946
BIT$,D1,2025-05-06,1746489600,610539.0,621807.0,610539.0,620107.0,103290,20,160817
BIT$,D1,2025-05-07,1746576000,633379.0,640110.0,630510.0,637850.0,118980,20,184952
BIT$,D1,2025-05-08,1746662400,650510.0,675507.0,644887.0,669727.0,133508,20,209405
BIT$,D1,2025-05-09,1746748800,668298.0,671222.0,660702.0,664982.0,124425,20,197681
BIT$,D1,2025-05-12,1747008000,671470.0,678174.0,654994.0,664474.0,202478,20,308704
BIT$,D1,2025-05-13,1747094400,670654.0,672796.0,661616.0,669876.0,179286,20,304727
BIT$,D1,2025-05-14,1747180800,666122.0,668256.0,658256.0,666656.0,161410,20,271774
BIT$,D1,2025-05-15,1747267200,659053.0,674971.0,652311.0,671551.0,193546,20,338108
BIT$,D1,2025-05-16,1747353600,670700.0,677156.0,666776.0,669596.0,157335,20,274195
BIT$,D1,2025-05-19,1747612800,665035.0,681117.0,661857.0,677677.0,169169,20,296991
BIT$,D1,2025-05-20,1747699200,675571.0,692755.0,671775.0,687695.0,174219,20,302254
BIT$,D1,2025-05-21,1747785600,687966.0,707469.0,683469.0,694529.0,255482,20,432286
BIT$,D1,2025-05-22,1747872000,712371.0,728610.0,709270.0,726390.0,170344,20,314203
BIT$,D1,2025-05-23,1747958400,709447.0,713043.0,692063.0,696623.0,165364,20,304731
BIT$,D1,2025-05-26,1748217600,704712.0,711454.0,701874.0,704514.0,109016,20,155350
BIT$,D1,2025-05-27,1748304000,705301.0,712530.0,697350.0,697890.0,150844,20,243127
BIT$,D1,2025-05-28,1748390400,699228.0,702444.0,689564.0,692304.0,154245,20,247207
BIT$,D1,2025-05-29,1748476800,701063.0,702651.0,677371.0,681131.0,171659,20,274588
BIT$,D1,2025-05-30,1748563200,678865.0,683888.0,669008.0,678848.0,196078,20,330608
BIT$,D1,2025-06-02,1748822400,670069.0,673346.0,664506.0,672006.0,184434,20,314316
BIT$,D1,2025-06-03,1748908800,675003.0,681887.0,670487.0,671707.0,200993,20,341854
BIT$,D1,2025-06-04,1748995200,668596.0,671399.0,661439.0,664619.0,157061,20,267729
BIT$,D1,2025-06-05,1749081600,666185.0,670545.0,630465.0,635065.0,228553,20,400662
BIT$,D1,2025-06-06,1749168000,654643.0,666784.0,652424.0,655144.0,184713,20,320897
BIT$,D1,2025-06-09,1749427200,676297.0,691280.0,671660.0,691280.0,183806,20,318297
BIT$,D1,2025-06-10,1749513600,684914.0,692127.0,677807.0,684907.0,183366,20,315897
BIT$,D1,2025-06-11,1749600000,682258.0,688190.0,675870.0,677630.0,174552,20,301329
BIT$,D1,2025-06-12,1749686400,665247.0,675469.0,658189.0,661249.0,175214,20,300315
BIT$,D1,2025-06-13,1749772800,656898.0,660777.0,648977.0,656877.0,176695,20,301817
BIT$,D1,2025-06-16,1750032000,664332.0,671138.0,658458.0,669338.0,114325,20,483256
BIT$,D1,2025-06-17,1750118400,651965.0,652913.0,635773.0,643613.0,191555,20,1338978
BIT$,D1,2025-06-18,1750204800,646138.0,647576.0,637936.0,643396.0,242886,20,1466517
BIT$,D1,2025-06-20,1750377600,651250.0,652751.0,631611.0,638611.0,219459,20,1674380
BIT$,D1,2025-06-23,1750636800,626761.0,642131.0,616371.0,639491.0,265477,20,1835581
BIT$,D1,2025-06-24,1750723200,645580.0,654821.0,644061.0,654301.0,156284,20,896439
BIT$,D1,2025-06-25,1750809600,659711.0,672284.0,659711.0,668844.0,161740,20,1056290
BIT$,D1,2025-06-26,1750896000,664778.0,668723.0,646363.0,657343.0,138536,20,761236
BIT$,D1,2025-06-27,1750982400,655539.0,665543.0,651204.0,655964.0,124699,20,802687
BIT$,D1,2025-06-30,1751241600,659461.0,662126.0,648386.0,649366.0,128953,20,706997
BIT$,D1,2025-07-01,1751328000,644521.0,651089.0,639709.0,642829.0,119279,20,745502
BIT$,D1,2025-07-02,1751414400,653093.0,664192.0,652192.0,662012.0,130034,20,823825
BIT$,D1,2025-07-03,1751500800,663317.0,666968.0,658408.0,662368.0,113816,20,853905
BIT$,D1,2025-07-04,1751587200,657367.0,657961.0,645621.0,649801.0,81010,20,494425
BIT$,D1,2025-07-07,1751846400,653974.0,660459.0,653819.0,658079.0,114758,20,673566
BIT$,D1,2025-07-08,1751932800,662568.0,662695.0,655495.0,658335.0,89934,20,455594
BIT$,D1,2025-07-09,1752019200,661378.0,691632.0,658152.0,688692.0,154161,20,766834
BIT$,D1,2025-07-10,1752105600,692579.0,722604.0,678564.0,711284.0,149817,20,798135
BIT$,D1,2025-07-11,1752192000,726182.0,732641.0,720641.0,727381.0,124549,20,581078
BIT$,D1,2025-07-14,1752451200,749187.0,752784.0,734844.0,743504.0,141350,20,604380
BIT$,D1,2025-07-15,1752537600,724001.0,730686.0,712906.0,720346.0,157074,20,829016
BIT$,D1,2025-07-16,1752624000,732022.0,741181.0,726821.0,739801.0,138801,20,716386
BIT$,D1,2025-07-17,1752710400,730303.0,743016.0,725936.0,741496.0,120548,20,600135
BIT$,D1,2025-07-18,1752796800,734490.0,735888.0,719548.0,725088.0,119436,20,540428
BIT$,D1,2025-07-21,1753056000,725742.0,736142.0,717355.0,720035.0,115313,20,615496
BIT$,D1,2025-07-22,1753142400,731647.0,739673.0,726013.0,735013.0,116819,20,631410
BIT$,D1,2025-07-23,1753228800,728937.0,731635.0,715455.0,716475.0,110516,20,592039
BIT$,D1,2025-07-24,1753315200,723340.0,729851.0,720431.0,722651.0,102891,20,602100
BIT$,D1,2025-07-25,1753401600,711441.0,725471.0,702291.0,721291.0,93691,20,490459
BIT$,D1,2025-07-28,1753660800,729862.0,734345.0,721385.0,722345.0,97222,20,434127
BIT$,D1,2025-07-29,1753747200,729061.0,733515.0,715515.0,718515.0,103897,20,589457
BIT$,D1,2025-07-30,1753833600,719234.0,731542.0,708742.0,714802.0,109179,20,696526
BIT$,D1,2025-07-31,1753920000,722719.0,732310.0,714470.0,716510.0,110818,20,662601
BIT$,D1,2025-08-01,1754006400,708951.0,710928.0,685028.0,688848.0,156526,20,1158964
BIT$,D1,2025-08-04,1754265600,692002.0,699110.0,684170.0,691750.0,105096,20,544236
BIT$,D1,2025-08-05,1754352000,694686.0,695493.0,678513.0,685433.0,120672,20,673909
BIT$,D1,2025-08-06,1754438400,688539.0,692781.0,680421.0,687981.0,99324,20,549607
BIT$,D1,2025-08-07,1754524800,698020.0,698668.0,691188.0,696608.0,96117,20,498203
BIT$,D1,2025-08-08,1754611200,695357.0,696337.0,686537.0,694397.0,99145,20,556683
BIT$,D1,2025-08-11,1754870400,716333.0,717469.0,704109.0,706689.0,113168,20,604007
BIT$,D1,2025-08-12,1754956800,703518.0,708262.0,700302.0,708082.0,106582,20,620698
BIT$,D1,2025-08-13,1755043200,709536.0,727347.0,706747.0,724727.0,150347,20,891393
BIT$,D1,2025-08-14,1755129600,719558.0,719558.0,692815.0,695115.0,150633,20,916904
BIT$,D1,2025-08-15,1755216000,702392.0,702392.0,687279.0,688699.0,113373,20,689000
BIT$,D1,2025-08-18,1755475200,675377.0,692119.0,675377.0,691379.0,107754,20,584408
BIT$,D1,2025-08-19,1755561600,683495.0,691384.0,673264.0,678004.0,112049,20,638550
BIT$,D1,2025-08-20,1755648000,678603.0,683071.0,668131.0,682211.0,125166,20,693278
BIT$,D1,2025-08-21,1755734400,675226.0,678713.0,666253.0,668153.0,147019,20,757186
BIT$,D1,2025-08-22,1755820800,668017.0,691444.0,662924.0,690344.0,140169,20,778786
BIT$,D1,2025-08-25,1756080000,657887.0,662720.0,637860.0,638100.0,148299,20,896198
BIT$,D1,2025-08-26,1756166400,643990.0,659953.0,642893.0,655113.0,123771,20,715214
BIT$,D1,2025-08-27,1756252800,658060.0,666487.0,652567.0,657887.0,123443,20,701932
BIT$,D1,2025-08-28,1756339200,663472.0,666637.0,655537.0,656697.0,103267,20,600320
BIT$,D1,2025-08-29,1756425600,646594.0,650991.0,629171.0,630091.0,98649,20,568900
BIT$,D1,2025-09-01,1756684800,636091.0,642226.0,633306.0,634366.0,101525,20,494182
BIT$,D1,2025-09-02,1756771200,646381.0,659027.0,641947.0,656407.0,129375,20,786557
BIT$,D1,2025-09-03,1756857600,657801.0,662278.0,651478.0,657958.0,116312,20,703731
BIT$,D1,2025-09-04,1756944000,651942.0,653135.0,642435.0,646695.0,108446,20,620470
BIT$,D1,2025-09-05,1757030400,657268.0,659036.0,639956.0,646856.0,113984,20,698485
BIT$,D1,2025-09-08,1757289600,650983.0,659415.0,650455.0,653155.0,77971,20,479777
BIT$,D1,2025-09-09,1757376000,655244.0,658832.0,645352.0,649192.0,110445,20,603767
BIT$,D1,2025-09-10,1757462400,655010.0,664486.0,654686.0,660546.0,108533,20,629503
BIT$,D1,2025-09-11,1757548800,663234.0,666140.0,657360.0,662460.0,100060,20,566751
BIT$,D1,2025-09-12,1757635200,665918.0,671321.0,660821.0,668241.0,97090,20,538984
BIT$,D1,2025-09-15,1757894400,660528.0,660528.0,652121.0,657361.0,84056,20,421216
BIT$,D1,2025-09-16,1757980800,654988.0,663720.0,652700.0,662340.0,91899,20,530528
BIT$,D1,2025-09-17,1758067200,660485.0,661688.0,650908.0,657648.0,104833,20,594441
BIT$,D1,2025-09-18,1758153600,663638.0,669544.0,660644.0,667464.0,86373,20,507915
BIT$,D1,2025-09-19,1758240000,663766.0,664717.0,654977.0,657397.0,78857,20,408504
BIT$,D1,2025-09-22,1758499200,642951.0,650189.0,638849.0,642509.0,82184,20,463282
BIT$,D1,2025-09-23,1758585600,644485.0,645550.0,626616.0,630536.0,90674,20,505940
BIT$,D1,2025-09-24,1758672000,638732.0,647596.0,637616.0,643376.0,73647,20,423428
BIT$,D1,2025-09-25,1758758400,632384.0,636661.0,620061.0,624541.0,107924,20,662895
BIT$,D1,2025-09-26,1758844800,622283.0,625077.0,616557.0,621017.0,71533,20,415711
BIT$,D1,2025-09-29,1759104000,635169.0,647216.0,631756.0,646416.0,96215,20,566626
BIT$,D1,2025-09-30,1759190400,640126.0,652765.0,636425.0,652765.0,89213,20,494964
BIT$,D1,2025-10-01,1759276800,658848.0,668884.0,655684.0,664564.0,96053,20,616638
BIT$,D1,2025-10-02,1759363200,667863.0,685966.0,667612.0,682826.0,118147,20,674044
BIT$,D1,2025-10-03,1759449600,681460.0,702897.0,680877.0,692637.0,168190,20,1140159
BIT$,D1,2025-10-06,1759708800,704490.0,711157.0,700757.0,701937.0,124448,20,725083
BIT$,D1,2025-10-07,1759795200,703110.0,708664.0,683684.0,692884.0,139637,20,876397
BIT$,D1,2025-10-08,1759881600,696562.0,703492.0,686552.0,696112.0,139317,20,792523
BIT$,D1,2025-10-09,1759968000,692191.0,698575.0,680155.0,690055.0,132873,20,790551
BIT$,D1,2025-10-10,1760054400,690831.0,706536.0,595096.0,639156.0,152481,20,977361
BIT$,D1,2025-10-13,1760313600,664558.0,669069.0,655169.0,667369.0,133670,20,799315
BIT$,D1,2025-10-14,1760400000,645544.0,655086.0,637906.0,654546.0,143857,20,834528
BIT$,D1,2025-10-15,1760486400,645272.0,646242.0,633682.0,638462.0,129686,20,771442
BIT$,D1,2025-10-16,1760572800,638808.0,642481.0,616101.0,620061.0,156020,20,951574
BIT$,D1,2025-10-17,1760659200,606093.0,612808.0,598668.0,610748.0,131909,20,817694
BIT$,D1,2025-10-20,1760918400,630671.0,632212.0,621212.0,628152.0,106716,20,593455
BIT$,D1,2025-10-21,1761004800,615464.0,644585.0,612365.0,626205.0,159349,20,1024610
BIT$,D1,2025-10-22,1761091200,610360.0,618514.0,604874.0,607174.0,126397,20,796990
BIT$,D1,2025-10-23,1761177600,619648.0,629443.0,614703.0,619523.0,110239,20,638566
BIT$,D1,2025-10-24,1761264000,628182.0,633351.0,620071.0,626611.0,89120,20,469032
BIT$,D1,2025-10-27,1761523200,649246.0,652351.0,642791.0,644291.0,78738,20,378181
BIT$,D1,2025-10-28,1761609600,644749.0,653891.0,583511.0,632331.0,130123,20,674292
BIT$,D1,2025-10-29,1761696000,635608.0,636773.0,614273.0,626253.0,122439,20,735982
BIT$,D1,2025-10-30,1761782400,617075.0,617368.0,597870.0,603610.0,121266,20,687174
BIT$,D1,2025-10-31,1761868800,614514.0,621959.0,606499.0,611719.0,96197,20,567110
BIT$,D1,2025-11-03,1762128000,601612.0,604391.0,585091.0,594171.0,119716,20,629999
BIT$,D1,2025-11-04,1762214400,583522.0,585094.0,557134.0,559834.0,192385,20,1057785
BIT$,D1,2025-11-05,1762300800,570374.0,580617.0,567717.0,575277.0,120162,20,602729
BIT$,D1,2025-11-06,1762387200,572733.0,573205.0,556788.0,559248.0,147769,20,797839
BIT$,D1,2025-11-07,1762473600,556057.0,573073.0,550013.0,569473.0,148910,20,741803
BIT$,D1,2025-11-10,1762732800,584055.0,586287.0,575307.0,577007.0,115983,20,600893
BIT$,D1,2025-11-11,1762819200,576097.0,577135.0,559295.0,559935.0,114203,20,576282
BIT$,D1,2025-11-12,1762905600,570866.0,574108.0,551088.0,555568.0,136476,20,760742
BIT$,D1,2025-11-13,1762992000,562600.0,564539.0,534959.0,537579.0,166079,20,977251
BIT$,D1,2025-11-14,1763078400,525680.0,530853.0,514353.0,517093.0,166563,20,927384
BIT$,D1,2025-11-17,1763337600,522029.0,525206.0,501406.0,502986.0,177243,20,942951
BIT$,D1,2025-11-18,1763424000,502831.0,514340.0,498560.0,509260.0,151691,20,744174
BIT$,D1,2025-11-19,1763510400,501498.0,506475.0,486455.0,493075.0,156764,20,910832
BIT$,D1,2025-11-21,1763683200,455347.0,474840.0,446600.0,471840.0,186094,20,1062563
BIT$,D1,2025-11-24,1763942400,478710.0,494074.0,472754.0,492594.0,152568,20,828154
BIT$,D1,2025-11-25,1764028800,484268.0,487341.0,475821.0,482681.0,147458,20,857977
BIT$,D1,2025-11-26,1764115200,480740.0,495616.0,476716.0,493896.0,138076,20,772502
BIT$,D1,2025-11-27,1764201600,500944.0,505812.0,496032.0,503032.0,103147,20,517724
BIT$,D1,2025-11-28,1764288000,505166.0,509428.0,494088.0,498468.0,121248,20,655207
BIT$,D1,2025-12-01,1764547200,471407.0,474630.0,459650.0,472530.0,156551,20,844715
BIT$,D1,2025-12-02,1764633600,479578.0,503985.0,477865.0,498645.0,142479,20,856586
BIT$,D1,2025-12-03,1764720000,506748.0,508745.0,498185.0,507265.0,143824,20,791074
BIT$,D1,2025-12-04,1764806400,504842.0,506275.0,494055.0,501275.0,129140,20,721470
BIT$,D1,2025-12-05,1764892800,496164.0,500090.0,487550.0,497190.0,142395,20,853400
BIT$,D1,2025-12-08,1765152000,509931.0,511533.0,496984.0,505344.0,109935,20,579142
BIT$,D1,2025-12-09,1765238400,502976.0,525175.0,500766.0,517075.0,131709,20,685863
BIT$,D1,2025-12-10,1765324800,511553.0,526481.0,508961.0,515401.0,118631,20,635739
BIT$,D1,2025-12-11,1765411200,504010.0,515443.0,492603.0,515443.0,102075,20,583022
BIT$,D1,2025-12-12,1765497600,513094.0,513094.0,494081.0,498501.0,91095,20,546248
BIT$,D1,2025-12-15,1765756800,493183.0,494663.0,470718.0,474358.0,123403,20,681196
BIT$,D1,2025-12-16,1765843200,480551.0,493453.0,477133.0,491433.0,102002,20,537721
BIT$,D1,2025-12-17,1765929600,488581.0,505873.0,478693.0,481393.0,137674,20,795746
BIT$,D1,2025-12-18,1766016000,488844.0,502639.0,473819.0,478899.0,129622,20,728102
BIT$,D1,2025-12-19,1766102400,494724.0,499895.0,487315.0,493435.0,97463,20,455768
BIT$,D1,2025-12-22,1766361600,505936.0,510373.0,498093.0,501553.0,98444,20,562113
BIT$,D1,2025-12-23,1766448000,496671.0,498978.0,488218.0,491558.0,74173,20,350861
BIT$,D1,2025-12-26,1766707200,496620.0,501700.0,484240.0,491360.0,56535,20,309991
BIT$,D1,2025-12-29,1766966400,491000.0,497440.0,488300.0,492220.0,66529,20,342284
BIT$,D1,2025-12-30,1767052800,494200.0,497620.0,486780.0,488280.0,72796,20,381175
BIT$,D1,2026-01-02,1767312000,496920.0,499500.0,485820.0,493020.0,81908,20,484523
BIT$,D1,2026-01-05,1767571200,510260.0,518560.0,507320.0,513680.0,85481,20,467951
BIT$,D1,2026-01-06,1767657600,513680.0,514540.0,494700.0,507260.0,104961,20,614240
BIT$,D1,2026-01-07,1767744000,498000.0,501200.0,492620.0,495440.0,86605,20,480862
BIT$,D1,2026-01-08,1767830400,490000.0,497100.0,484960.0,494800.0,89465,20,513004
BIT$,D1,2026-01-09,1767916800,491720.0,497240.0,485600.0,489460.0,92799,20,526186
BIT$,D1,2026-01-12,1768176000,488980.0,499580.0,486900.0,494520.0,87111,20,485106
BIT$,D1,2026-01-13,1768262400,498500.0,512360.0,496640.0,510580.0,94176,20,518090
BIT$,D1,2026-01-14,1768348800,513080.0,530480.0,512060.0,525280.0,91649,0,518208
