a,z,ticker,symbol,tf,datetime,time,open,high,low,close,tick_volume,spread,real_volume,dateweek,week_volume
1,-51,MTNA,MTNAM24,D1,2024-03-25,1711324800,114.21875,114.390625,114.046875,114.15625,140798,0,3453,2024-03-24/2024-03-30,8174
2,-50,MTNA,MTNAM24,D1,2024-03-26,1711411200,114.1875,114.3125,113.9375,114.25,62618,0,2187,2024-03-24/2024-03-30,8174
3,-49,MTNA,MTNAM24,D1,2024-03-27,1711497600,114.3125,114.6875,114.234375,114.65625,78209,0,1330,2024-03-24/2024-03-30,8174
4,-48,MTNA,MTNAM24,D1,2024-03-28,1711584000,114.453125,114.6875,114.375,114.5,250083,0,1204,2024-03-24/2024-03-30,8174
5,-47,MTNA,MTNAM24,D1,2024-04-01,1711929600,114.5,114.5,113.34375,113.515625,187640,0,2517,2024-03-31/2024-04-06,36835
6,-46,MTNA,MTNAM24,D1,2024-04-02,1712016000,113.515625,113.515625,112.765625,113.21875,250135,0,2538,2024-03-31/2024-04-06,36835
7,-45,MTNA,MTNAM24,D1,2024-04-03,1712102400,113.203125,113.234375,112.53125,113.234375,640893,0,6005,2024-03-31/2024-04-06,36835
8,-44,MTNA,MTNAM24,D1,2024-04-04,1712188800,113.046875,113.640625,112.984375,113.546875,1375400,0,14833,2024-03-31/2024-04-06,36835
9,-43,MTNA,MTNAM24,D1,2024-04-05,1712275200,113.484375,113.546875,112.703125,112.703125,1687902,0,10942,2024-03-31/2024-04-06,36835
10,-42,MTNA,MTNAM24,D1,2024-04-07,1712448000,112.46875,112.65625,112.46875,112.640625,4,0,10,2024-04-07/2024-04-13,31557
11,-41,MTNA,MTNAM24,D1,2024-04-08,1712534400,112.625,112.65625,112.203125,112.53125,625247,0,8895,2024-04-07/2024-04-13,31557
12,-40,MTNA,MTNAM24,D1,2024-04-09,1712620800,112.53125,113.140625,112.484375,113.09375,739,0,5310,2024-04-07/2024-04-13,31557
13,-39,MTNA,MTNAM24,D1,2024-04-10,1712707200,113.015625,113.265625,111.265625,111.515625,878,15625,4918,2024-04-07/2024-04-13,31557
14,-38,MTNA,MTNAM24,D1,2024-04-11,1712793600,111.5,111.734375,111.078125,111.109375,958,0,4534,2024-04-07/2024-04-13,31557
15,-37,MTNA,MTNAM24,D1,2024-04-12,1712880000,111.296875,112.015625,111.21875,111.6875,2107,0,7890,2024-04-07/2024-04-13,31557
16,-36,MTNA,MTNAM24,D1,2024-04-15,1713139200,111.421875,111.46875,110.453125,110.890625,930,15625,4929,2024-04-14/2024-04-20,27510
17,-35,MTNA,MTNAM24,D1,2024-04-16,1713225600,111.046875,111.046875,110.171875,110.40625,938,15625,8339,2024-04-14/2024-04-20,27510
18,-34,MTNA,MTNAM24,D1,2024-04-17,1713312000,110.296875,111.203125,110.296875,111.0625,822,15625,6232,2024-04-14/2024-04-20,27510
19,-33,MTNA,MTNAM24,D1,2024-04-18,1713398400,111.265625,111.3125,110.53125,110.6875,554,15625,4056,2024-04-14/2024-04-20,27510
20,-32,MTNA,MTNAM24,D1,2024-04-19,1713484800,111.09375,111.84375,110.734375,110.78125,278,0,3954,2024-04-14/2024-04-20,27510
21,-31,MTNA,MTNAM24,D1,2024-04-21,1713657600,110.671875,110.671875,110.671875,110.671875,1,31250,19,2024-04-21/2024-04-27,29130
22,-30,MTNA,MTNAM24,D1,2024-04-22,1713744000,110.609375,110.890625,110.453125,110.890625,327,0,4205,2024-04-21/2024-04-27,29130
23,-29,MTNA,MTNAM24,D1,2024-04-23,1713830400,110.875,111.234375,110.5,110.953125,254,0,5401,2024-04-21/2024-04-27,29130
24,-28,MTNA,MTNAM24,D1,2024-04-24,1713916800,110.78125,110.8125,110.359375,110.5625,614,15625,7462,2024-04-21/2024-04-27,29130
25,-27,MTNA,MTNAM24,D1,2024-04-25,1714003200,110.578125,110.75,109.765625,109.984375,848,15625,6714,2024-04-21/2024-04-27,29130
26,-26,MTNA,MTNAM24,D1,2024-04-26,1714089600,109.984375,110.609375,109.984375,110.390625,442,15625,5329,2024-04-21/2024-04-27,29130
27,-25,MTNA,MTNAM24,D1,2024-04-28,1714262400,110.484375,110.546875,110.484375,110.546875,5,15625,13,2024-04-28/2024-05-04,17312
28,-24,MTNA,MTNAM24,D1,2024-04-29,1714348800,110.484375,110.875,110.453125,110.859375,886,15625,6341,2024-04-28/2024-05-04,17312
29,-23,MTNA,MTNAM24,D1,2024-04-30,1714435200,110.84375,110.875,110.171875,110.234375,689,15625,4882,2024-04-28/2024-05-04,17312
30,-22,MTNA,MTNAM24,D1,2024-05-01,1714521600,110.296875,111.125,110.15625,110.703125,412,15625,1576,2024-04-28/2024-05-04,17312
31,-21,MTNA,MTNAM24,D1,2024-05-02,1714608000,110.703125,111.21875,110.515625,111.015625,404,0,2182,2024-04-28/2024-05-04,17312
32,-20,MTNA,MTNAM24,D1,2024-05-03,1714694400,111.078125,112.265625,111.015625,111.75,1020,15625,2318,2024-04-28/2024-05-04,17312
33,-19,MTNA,MTNAM24,D1,2024-05-06,1714953600,111.71875,112.0625,111.703125,111.859375,524,15625,1800,2024-05-05/2024-05-11,8643
34,-18,MTNA,MTNAM24,D1,2024-05-07,1715040000,111.90625,112.484375,111.90625,112.140625,676,15625,2156,2024-05-05/2024-05-11,8643
35,-17,MTNA,MTNAM24,D1,2024-05-08,1715126400,112.1875,112.1875,111.8125,111.828125,387,15625,1224,2024-05-05/2024-05-11,8643
36,-16,MTNA,MTNAM24,D1,2024-05-09,1715212800,111.671875,112.203125,111.578125,112.125,883,0,2058,2024-05-05/2024-05-11,8643
37,-15,MTNA,MTNAM24,D1,2024-05-10,1715299200,112.1875,112.234375,111.671875,111.75,563,15625,1405,2024-05-05/2024-05-11,8643
38,-14,MTNA,MTNAM24,D1,2024-05-13,1715558400,111.84375,112.109375,111.796875,111.875,264,15625,811,2024-05-12/2024-05-18,7454
39,-13,MTNA,MTNAM24,D1,2024-05-14,1715644800,111.8125,112.25,111.484375,112.15625,535,0,1878,2024-05-12/2024-05-18,7454
40,-12,MTNA,MTNAM24,D1,2024-05-15,1715731200,112.21875,113.109375,112.21875,113.109375,488,15625,1664,2024-05-12/2024-05-18,7454
41,-11,MTNA,MTNAM24,D1,2024-05-16,1715817600,113.25,113.328125,112.75,112.78125,325,15625,1936,2024-05-12/2024-05-18,7454
42,-10,MTNA,MTNAM24,D1,2024-05-17,1715904000,112.890625,112.890625,112.375,112.390625,287,0,1165,2024-05-12/2024-05-18,7454
43,-9,MTNA,MTNAM24,D1,2024-05-20,1716163200,112.46875,112.484375,112.109375,112.203125,249,15625,1036,2024-05-19/2024-05-25,4244
44,-8,MTNA,MTNAM24,D1,2024-05-21,1716249600,112.171875,112.609375,112.15625,112.453125,387,15625,1760,2024-05-19/2024-05-25,4244
45,-7,MTNA,MTNAM24,D1,2024-05-22,1716336000,112.484375,112.484375,112.078125,112.328125,189,15625,541,2024-05-19/2024-05-25,4244
46,-6,MTNA,MTNAM24,D1,2024-05-23,1716422400,112.359375,112.5,111.75,111.9375,256,15625,508,2024-05-19/2024-05-25,4244
47,-5,MTNA,MTNAM24,D1,2024-05-24,1716508800,111.984375,112.09375,111.71875,112.0625,150,15625,399,2024-05-19/2024-05-25,4244
48,-4,MTNA,MTNAM24,D1,2024-05-26,1716681600,112.109375,112.109375,112.109375,112.109375,1,31250,3,2024-05-26/2024-06-01,2309
49,-3,MTNA,MTNAM24,D1,2024-05-27,1716768000,112.109375,112.203125,111.96875,112.0625,35,15625,66,2024-05-26/2024-06-01,2309
50,-2,MTNA,MTNAM24,D1,2024-05-28,1716854400,112.109375,112.125,111.265625,111.296875,401,15625,1695,2024-05-26/2024-06-01,2309
51,-1,MTNA,MTNAM24,D1,2024-05-29,1716940800,111.265625,111.265625,110.5625,110.703125,172,15625,250,2024-05-26/2024-06-01,2309
52,0,MTNA,MTNAM24,D1,2024-05-30,1717027200,110.703125,111.296875,110.703125,111.296875,151,15625,295,2024-05-26/2024-06-01,2309
16,-76,MTNA,MTNAU24,D1,2024-05-31,1717113600,111.796875,112.296875,111.578125,112.109375,299,0,1173,2024-05-26/2024-06-01,2308
17,-75,MTNA,MTNAU24,D1,2024-06-02,1717286400,112.171875,112.203125,112.171875,112.203125,6,15625,14,2024-06-02/2024-06-08,6226
18,-74,MTNA,MTNAU24,D1,2024-06-03,1717372800,112.21875,113.140625,112.203125,113.078125,404,15625,1478,2024-06-02/2024-06-08,6226
19,-73,MTNA,MTNAU24,D1,2024-06-04,1717459200,113.078125,113.8125,112.921875,113.6875,136,0,433,2024-06-02/2024-06-08,6226
20,-72,MTNA,MTNAU24,D1,2024-06-05,1717545600,113.609375,114.171875,113.4375,114.109375,267,15625,1172,2024-06-02/2024-06-08,6226
21,-71,MTNA,MTNAU24,D1,2024-06-06,1717632000,114.015625,114.15625,113.78125,114.0,359,15625,1588,2024-06-02/2024-06-08,6226
22,-70,MTNA,MTNAU24,D1,2024-06-07,1717718400,113.9375,114.015625,112.6875,112.6875,394,15625,1541,2024-06-02/2024-06-08,6226
23,-69,MTNA,MTNAU24,D1,2024-06-09,1717891200,112.59375,112.59375,112.59375,112.59375,2,15625,4,2024-06-09/2024-06-15,9259
24,-68,MTNA,MTNAU24,D1,2024-06-10,1717977600,112.578125,112.578125,112.328125,112.421875,239,0,911,2024-06-09/2024-06-15,9259
25,-67,MTNA,MTNAU24,D1,2024-06-11,1718064000,112.578125,113.0625,112.5,112.9375,263,15625,2696,2024-06-09/2024-06-15,9259
26,-66,MTNA,MTNAU24,D1,2024-06-12,1718150400,113.125,114.390625,112.984375,113.859375,322,0,1502,2024-06-09/2024-06-15,9259
27,-65,MTNA,MTNAU24,D1,2024-06-13,1718236800,113.890625,114.671875,113.765625,114.421875,442,15625,1833,2024-06-09/2024-06-15,9259
28,-64,MTNA,MTNAU24,D1,2024-06-14,1718323200,114.4375,114.984375,114.25,114.6875,443,15625,2313,2024-06-09/2024-06-15,9259
29,-63,MTNA,MTNAU24,D1,2024-06-16,1718496000,114.46875,114.484375,114.46875,114.484375,3,31250,10,2024-06-16/2024-06-22,2782
30,-62,MTNA,MTNAU24,D1,2024-06-17,1718582400,114.515625,114.59375,114.015625,114.21875,187,15625,380,2024-06-16/2024-06-22,2782
31,-61,MTNA,MTNAU24,D1,2024-06-18,1718668800,114.28125,114.765625,113.96875,114.625,389,15625,1611,2024-06-16/2024-06-22,2782
32,-60,MTNA,MTNAU24,D1,2024-06-19,1718755200,114.625,114.71875,114.5,114.5,59,15625,133,2024-06-16/2024-06-22,2782
33,-59,MTNA,MTNAU24,D1,2024-06-20,1718841600,114.453125,114.59375,114.0,114.296875,218,15625,413,2024-06-16/2024-06-22,2782
34,-58,MTNA,MTNAU24,D1,2024-06-21,1718928000,114.390625,114.65625,114.203125,114.3125,137,15625,235,2024-06-16/2024-06-22,2782
35,-57,MTNA,MTNAU24,D1,2024-06-23,1719100800,114.28125,114.3125,114.28125,114.3125,2,15625,2,2024-06-23/2024-06-29,3748
36,-56,MTNA,MTNAU24,D1,2024-06-24,1719187200,114.3125,114.59375,114.078125,114.53125,228,15625,466,2024-06-23/2024-06-29,3748
37,-55,MTNA,MTNAU24,D1,2024-06-25,1719273600,114.546875,114.71875,114.3125,114.390625,338,15625,1239,2024-06-23/2024-06-29,3748
38,-54,MTNA,MTNAU24,D1,2024-06-26,1719360000,114.40625,114.40625,113.625,113.625,313,15625,612,2024-06-23/2024-06-29,3748
39,-53,MTNA,MTNAU24,D1,2024-06-27,1719446400,113.546875,114.140625,113.5,114.015625,416,15625,841,2024-06-23/2024-06-29,3748
40,-52,MTNA,MTNAU24,D1,2024-06-28,1719532800,113.96875,114.25,113.0,113.03125,343,15625,588,2024-06-23/2024-06-29,3748
41,-51,MTNA,MTNAU24,D1,2024-06-30,1719705600,112.921875,112.921875,112.875,112.875,4,15625,205,2024-06-30/2024-07-06,3531
42,-50,MTNA,MTNAU24,D1,2024-07-01,1719792000,112.9375,113.109375,112.203125,112.4375,241,15625,1206,2024-06-30/2024-07-06,3531
43,-49,MTNA,MTNAU24,D1,2024-07-02,1719878400,112.515625,112.84375,112.421875,112.6875,276,15625,512,2024-06-30/2024-07-06,3531
44,-48,MTNA,MTNAU24,D1,2024-07-03,1719964800,112.609375,113.515625,112.59375,113.3125,212,15625,391,2024-06-30/2024-07-06,3531
45,-47,MTNA,MTNAU24,D1,2024-07-04,1720051200,113.265625,113.3125,113.21875,113.21875,55,15625,101,2024-06-30/2024-07-06,3531
46,-46,MTNA,MTNAU24,D1,2024-07-05,1720137600,113.296875,114.140625,113.296875,114.046875,385,15625,1116,2024-06-30/2024-07-06,3531
47,-45,MTNA,MTNAU24,D1,2024-07-08,1720396800,113.8125,114.171875,113.765625,114.046875,219,15625,829,2024-07-07/2024-07-13,4173
48,-44,MTNA,MTNAU24,D1,2024-07-09,1720483200,114.015625,114.109375,113.640625,113.890625,244,15625,413,2024-07-07/2024-07-13,4173
49,-43,MTNA,MTNAU24,D1,2024-07-10,1720569600,113.921875,114.15625,113.765625,114.015625,237,15625,726,2024-07-07/2024-07-13,4173
50,-42,MTNA,MTNAU24,D1,2024-07-11,1720656000,113.90625,115.078125,113.90625,114.703125,643,15625,1420,2024-07-07/2024-07-13,4173
51,-41,MTNA,MTNAU24,D1,2024-07-12,1720742400,114.65625,114.96875,114.4375,114.90625,303,15625,785,2024-07-07/2024-07-13,4173
52,-40,MTNA,MTNAU24,D1,2024-07-14,1720915200,114.3125,114.375,114.25,114.375,7,15625,12,2024-07-14/2024-07-20,5998
53,-39,MTNA,MTNAU24,D1,2024-07-15,1721001600,114.453125,114.765625,114.328125,114.5,229,15625,378,2024-07-14/2024-07-20,5998
54,-38,MTNA,MTNAU24,D1,2024-07-16,1721088000,114.640625,115.15625,114.578125,115.140625,609,15625,1604,2024-07-14/2024-07-20,5998
55,-37,MTNA,MTNAU24,D1,2024-07-17,1721174400,115.0625,115.25,114.8125,115.140625,314,15625,709,2024-07-14/2024-07-20,5998
56,-36,MTNA,MTNAU24,D1,2024-07-18,1721260800,115.015625,115.09375,114.71875,114.765625,312,15625,834,2024-07-14/2024-07-20,5998
57,-35,MTNA,MTNAU24,D1,2024-07-19,1721347200,114.84375,114.859375,114.296875,114.359375,301,15625,2461,2024-07-14/2024-07-20,5998
58,-34,MTNA,MTNAU24,D1,2024-07-21,1721520000,114.484375,114.578125,114.46875,114.578125,10,15625,38,2024-07-21/2024-07-27,2602
59,-33,MTNA,MTNAU24,D1,2024-07-22,1721606400,114.5,114.6875,114.03125,114.25,214,15625,569,2024-07-21/2024-07-27,2602
60,-32,MTNA,MTNAU24,D1,2024-07-23,1721692800,114.375,114.53125,114.234375,114.234375,142,15625,358,2024-07-21/2024-07-27,2602
61,-31,MTNA,MTNAU24,D1,2024-07-24,1721779200,114.203125,114.640625,113.953125,113.984375,199,15625,286,2024-07-21/2024-07-27,2602
62,-30,MTNA,MTNAU24,D1,2024-07-25,1721865600,114.15625,114.71875,114.140625,114.296875,317,15625,581,2024-07-21/2024-07-27,2602
63,-29,MTNA,MTNAU24,D1,2024-07-26,1721952000,114.3125,114.8125,114.203125,114.796875,216,15625,770,2024-07-21/2024-07-27,2602
64,-28,MTNA,MTNAU24,D1,2024-07-28,1722124800,114.78125,114.796875,114.78125,114.796875,5,15625,207,2024-07-28/2024-08-03,9497
65,-27,MTNA,MTNAU24,D1,2024-07-29,1722211200,114.8125,115.140625,114.8125,114.90625,199,15625,539,2024-07-28/2024-08-03,9497
66,-26,MTNA,MTNAU24,D1,2024-07-30,1722297600,114.953125,115.359375,114.84375,115.1875,378,15625,1767,2024-07-28/2024-08-03,9497
67,-25,MTNA,MTNAU24,D1,2024-07-31,1722384000,115.203125,116.265625,115.15625,116.09375,743,15625,2164,2024-07-28/2024-08-03,9497
68,-24,MTNA,MTNAU24,D1,2024-08-01,1722470400,116.09375,116.875,115.953125,116.75,830,15625,2471,2024-07-28/2024-08-03,9497
69,-23,MTNA,MTNAU24,D1,2024-08-02,1722556800,117.046875,118.53125,116.828125,118.5,776,15625,2349,2024-07-28/2024-08-03,9497
70,-22,MTNA,MTNAU24,D1,2024-08-04,1722729600,118.421875,118.546875,118.203125,118.546875,5,15625,7,2024-08-04/2024-08-10,3928
71,-21,MTNA,MTNAU24,D1,2024-08-05,1722816000,118.53125,119.65625,118.15625,118.40625,609,15625,1341,2024-08-04/2024-08-10,3928
72,-20,MTNA,MTNAU24,D1,2024-08-06,1722902400,118.0,118.3125,117.375,117.546875,471,15625,936,2024-08-04/2024-08-10,3928
73,-19,MTNA,MTNAU24,D1,2024-08-07,1722988800,117.546875,117.546875,116.75,117.421875,475,15625,829,2024-08-04/2024-08-10,3928
74,-18,MTNA,MTNAU24,D1,2024-08-08,1723075200,117.265625,117.453125,116.34375,116.5625,411,15625,534,2024-08-04/2024-08-10,3928
75,-17,MTNA,MTNAU24,D1,2024-08-09,1723161600,116.828125,117.203125,116.796875,117.03125,196,15625,281,2024-08-04/2024-08-10,3928
76,-16,MTNA,MTNAU24,D1,2024-08-11,1723334400,116.9375,116.953125,116.875,116.921875,9,15625,131,2024-08-11/2024-08-17,2765
77,-15,MTNA,MTNAU24,D1,2024-08-12,1723420800,116.953125,117.40625,116.828125,117.359375,91,15625,124,2024-08-11/2024-08-17,2765
78,-14,MTNA,MTNAU24,D1,2024-08-13,1723507200,117.28125,117.90625,117.234375,117.859375,222,15625,648,2024-08-11/2024-08-17,2765
79,-13,MTNA,MTNAU24,D1,2024-08-14,1723593600,117.8125,118.203125,117.671875,117.953125,245,15625,861,2024-08-11/2024-08-17,2765
80,-12,MTNA,MTNAU24,D1,2024-08-15,1723680000,117.9375,118.046875,116.890625,117.171875,304,15625,828,2024-08-11/2024-08-17,2765
81,-11,MTNA,MTNAU24,D1,2024-08-16,1723766400,117.328125,117.65625,117.203125,117.46875,127,15625,173,2024-08-11/2024-08-17,2765
82,-10,MTNA,MTNAU24,D1,2024-08-18,1723939200,117.34375,117.34375,117.25,117.25,18,15625,133,2024-08-18/2024-08-24,3150
83,-9,MTNA,MTNAU24,D1,2024-08-19,1724025600,117.4375,117.734375,117.328125,117.5625,140,15625,199,2024-08-18/2024-08-24,3150
84,-8,MTNA,MTNAU24,D1,2024-08-20,1724112000,117.671875,118.1875,117.484375,118.1875,179,15625,333,2024-08-18/2024-08-24,3150
85,-7,MTNA,MTNAU24,D1,2024-08-21,1724198400,118.125,118.5625,117.96875,118.234375,245,15625,1183,2024-08-18/2024-08-24,3150
86,-6,MTNA,MTNAU24,D1,2024-08-22,1724284800,118.171875,118.3125,117.5,117.765625,188,15625,293,2024-08-18/2024-08-24,3150
87,-5,MTNA,MTNAU24,D1,2024-08-23,1724371200,117.828125,118.28125,117.671875,118.203125,245,15625,1009,2024-08-18/2024-08-24,3150
88,-4,MTNA,MTNAU24,D1,2024-08-25,1724544000,118.21875,118.21875,118.21875,118.21875,1,46875,1,2024-08-25/2024-08-31,1310
89,-3,MTNA,MTNAU24,D1,2024-08-26,1724630400,118.25,118.40625,118.0,118.03125,164,15625,304,2024-08-25/2024-08-31,1310
90,-2,MTNA,MTNAU24,D1,2024-08-27,1724716800,118.09375,118.09375,117.609375,118.015625,218,15625,714,2024-08-25/2024-08-31,1310
91,-1,MTNA,MTNAU24,D1,2024-08-28,1724803200,117.9375,118.109375,117.78125,117.796875,65,15625,277,2024-08-25/2024-08-31,1310
92,0,MTNA,MTNAU24,D1,2024-08-29,1724889600,117.828125,117.828125,117.3125,117.453125,9,31250,14,2024-08-25/2024-08-31,1310
14,-74,MTNA,MTNAZ24,D1,2024-08-30,1724976000,117.875,117.984375,117.25,117.5,126,15625,185,2024-08-25/2024-08-31,521
15,-73,MTNA,MTNAZ24,D1,2024-09-02,1725235200,117.40625,117.40625,117.1875,117.28125,6,15625,13,2024-09-01/2024-09-07,1398
16,-72,MTNA,MTNAZ24,D1,2024-09-03,1725321600,117.375,118.171875,117.359375,118.15625,125,15625,270,2024-09-01/2024-09-07,1398
17,-71,MTNA,MTNAZ24,D1,2024-09-04,1725408000,118.15625,118.859375,118.0625,118.84375,188,15625,294,2024-09-01/2024-09-07,1398
18,-70,MTNA,MTNAZ24,D1,2024-09-05,1725494400,118.859375,119.171875,118.671875,119.09375,160,15625,260,2024-09-01/2024-09-07,1398
19,-69,MTNA,MTNAZ24,D1,2024-09-06,1725580800,119.09375,119.78125,118.484375,119.34375,355,0,561,2024-09-01/2024-09-07,1398
20,-68,MTNA,MTNAZ24,D1,2024-09-09,1725840000,119.0,119.453125,118.8125,119.359375,184,15625,343,2024-09-08/2024-09-14,1817
21,-67,MTNA,MTNAZ24,D1,2024-09-10,1725926400,119.234375,119.953125,119.171875,119.953125,189,15625,293,2024-09-08/2024-09-14,1817
22,-66,MTNA,MTNAZ24,D1,2024-09-11,1726012800,119.796875,120.1875,119.515625,119.828125,315,15625,537,2024-09-08/2024-09-14,1817
23,-65,MTNA,MTNAZ24,D1,2024-09-12,1726099200,119.671875,119.953125,119.390625,119.84375,241,15625,364,2024-09-08/2024-09-14,1817
24,-64,MTNA,MTNAZ24,D1,2024-09-13,1726185600,119.84375,120.078125,119.609375,119.796875,191,15625,280,2024-09-08/2024-09-14,1817
25,-63,MTNA,MTNAZ24,D1,2024-09-15,1726358400,119.875,119.921875,119.8125,119.8125,5,31250,5,2024-09-15/2024-09-21,2255
26,-62,MTNA,MTNAZ24,D1,2024-09-16,1726444800,119.84375,120.15625,119.71875,120.046875,257,15625,390,2024-09-15/2024-09-21,2255
27,-61,MTNA,MTNAZ24,D1,2024-09-17,1726531200,120.046875,120.25,119.78125,119.828125,260,15625,369,2024-09-15/2024-09-21,2255
28,-60,MTNA,MTNAZ24,D1,2024-09-18,1726617600,119.875,119.90625,119.171875,119.21875,317,15625,600,2024-09-15/2024-09-21,2255
29,-59,MTNA,MTNAZ24,D1,2024-09-19,1726704000,119.140625,119.375,118.6875,119.171875,268,15625,325,2024-09-15/2024-09-21,2255
30,-58,MTNA,MTNAZ24,D1,2024-09-20,1726790400,119.109375,119.28125,118.703125,118.890625,245,15625,566,2024-09-15/2024-09-21,2255
31,-57,MTNA,MTNAZ24,D1,2024-09-22,1726963200,118.78125,118.9375,118.78125,118.90625,3,15625,4,2024-09-22/2024-09-28,2046
32,-56,MTNA,MTNAZ24,D1,2024-09-23,1727049600,118.84375,119.0,118.375,118.796875,240,15625,348,2024-09-22/2024-09-28,2046
33,-55,MTNA,MTNAZ24,D1,2024-09-24,1727136000,118.9375,119.015625,118.265625,119.0,384,15625,603,2024-09-22/2024-09-28,2046
34,-54,MTNA,MTNAZ24,D1,2024-09-25,1727222400,118.953125,118.984375,118.390625,118.484375,281,15625,431,2024-09-22/2024-09-28,2046
35,-53,MTNA,MTNAZ24,D1,2024-09-26,1727308800,118.515625,118.78125,118.15625,118.359375,241,15625,288,2024-09-22/2024-09-28,2046
36,-52,MTNA,MTNAZ24,D1,2024-09-27,1727395200,118.390625,118.875,118.28125,118.78125,269,15625,372,2024-09-22/2024-09-28,2046
37,-51,MTNA,MTNAZ24,D1,2024-09-29,1727568000,118.828125,118.828125,118.734375,118.734375,9,15625,16,2024-09-29/2024-10-05,2622
38,-50,MTNA,MTNAZ24,D1,2024-09-30,1727654400,118.765625,118.765625,118.25,118.484375,209,15625,278,2024-09-29/2024-10-05,2622
39,-49,MTNA,MTNAZ24,D1,2024-10-01,1727740800,118.578125,119.328125,118.421875,118.984375,266,15625,576,2024-09-29/2024-10-05,2622
40,-48,MTNA,MTNAZ24,D1,2024-10-02,1727827200,119.0625,119.0625,118.171875,118.46875,327,15625,573,2024-09-29/2024-10-05,2622
41,-47,MTNA,MTNAZ24,D1,2024-10-03,1727913600,118.4375,118.4375,117.859375,117.921875,320,15625,603,2024-09-29/2024-10-05,2622
42,-46,MTNA,MTNAZ24,D1,2024-10-04,1728000000,117.890625,117.984375,116.609375,116.765625,364,15625,576,2024-09-29/2024-10-05,2622
43,-45,MTNA,MTNAZ24,D1,2024-10-06,1728172800,116.5625,116.59375,116.5625,116.59375,2,15625,2,2024-10-06/2024-10-12,2272
44,-44,MTNA,MTNAZ24,D1,2024-10-07,1728259200,116.65625,116.75,116.140625,116.21875,283,15625,458,2024-10-06/2024-10-12,2272
45,-43,MTNA,MTNAZ24,D1,2024-10-08,1728345600,116.28125,116.453125,115.90625,116.25,238,15625,407,2024-10-06/2024-10-12,2272
46,-42,MTNA,MTNAZ24,D1,2024-10-09,1728432000,116.296875,116.34375,115.734375,115.734375,298,15625,433,2024-10-06/2024-10-12,2272
47,-41,MTNA,MTNAZ24,D1,2024-10-10,1728518400,115.796875,115.921875,115.34375,115.8125,351,15625,548,2024-10-06/2024-10-12,2272
48,-40,MTNA,MTNAZ24,D1,2024-10-11,1728604800,115.8125,115.8125,115.390625,115.46875,285,15625,424,2024-10-06/2024-10-12,2272
49,-39,MTNA,MTNAZ24,D1,2024-10-13,1728777600,115.453125,115.46875,115.4375,115.4375,5,15625,5,2024-10-13/2024-10-19,2272
50,-38,MTNA,MTNAZ24,D1,2024-10-14,1728864000,115.46875,115.53125,115.078125,115.5,245,15625,365,2024-10-13/2024-10-19,2272
51,-37,MTNA,MTNAZ24,D1,2024-10-15,1728950400,115.484375,116.140625,115.484375,116.03125,409,15625,584,2024-10-13/2024-10-19,2272
52,-36,MTNA,MTNAZ24,D1,2024-10-16,1729036800,116.0625,116.4375,116.0625,116.1875,282,15625,408,2024-10-13/2024-10-19,2272
53,-35,MTNA,MTNAZ24,D1,2024-10-17,1729123200,116.203125,116.203125,115.46875,115.515625,326,15625,498,2024-10-13/2024-10-19,2272
54,-34,MTNA,MTNAZ24,D1,2024-10-18,1729209600,115.546875,115.796875,115.296875,115.671875,266,15625,412,2024-10-13/2024-10-19,2272
55,-33,MTNA,MTNAZ24,D1,2024-10-20,1729382400,115.578125,115.609375,115.53125,115.546875,19,15625,29,2024-10-20/2024-10-26,3200
56,-32,MTNA,MTNAZ24,D1,2024-10-21,1729468800,115.640625,115.65625,114.578125,114.578125,293,15625,520,2024-10-20/2024-10-26,3200
57,-31,MTNA,MTNAZ24,D1,2024-10-22,1729555200,114.625,114.890625,114.390625,114.515625,343,15625,653,2024-10-20/2024-10-26,3200
58,-30,MTNA,MTNAZ24,D1,2024-10-23,1729641600,114.390625,114.390625,114.0625,114.109375,319,15625,499,2024-10-20/2024-10-26,3200
59,-29,MTNA,MTNAZ24,D1,2024-10-24,1729728000,114.234375,114.703125,114.1875,114.484375,350,15625,784,2024-10-20/2024-10-26,3200
60,-28,MTNA,MTNAZ24,D1,2024-10-25,1729814400,114.65625,114.75,114.09375,114.171875,409,15625,715,2024-10-20/2024-10-26,3200
61,-27,MTNA,MTNAZ24,D1,2024-10-27,1729987200,114.015625,114.015625,113.59375,114.0,10,15625,26,2024-10-27/2024-11-02,3673
62,-26,MTNA,MTNAZ24,D1,2024-10-28,1730073600,113.828125,114.265625,113.671875,113.875,341,15625,546,2024-10-27/2024-11-02,3673
63,-25,MTNA,MTNAZ24,D1,2024-10-29,1730160000,113.953125,114.09375,113.328125,114.09375,280,15625,410,2024-10-27/2024-11-02,3673
64,-24,MTNA,MTNAZ24,D1,2024-10-30,1730246400,114.140625,114.515625,113.609375,113.71875,412,15625,661,2024-10-27/2024-11-02,3673
65,-23,MTNA,MTNAZ24,D1,2024-10-31,1730332800,113.671875,113.9375,113.3125,113.734375,465,15625,716,2024-10-27/2024-11-02,3673
66,-22,MTNA,MTNAZ24,D1,2024-11-01,1730419200,113.703125,114.3125,112.84375,112.859375,558,15625,1314,2024-10-27/2024-11-02,3673
67,-21,MTNA,MTNAZ24,D1,2024-11-03,1730592000,113.578125,113.625,113.546875,113.546875,20,15625,67,2024-11-03/2024-11-09,5263
68,-20,MTNA,MTNAZ24,D1,2024-11-04,1730678400,113.578125,113.890625,113.34375,113.71875,341,15625,471,2024-11-03/2024-11-09,5263
69,-19,MTNA,MTNAZ24,D1,2024-11-05,1730764800,113.625,114.0,113.03125,114.0,577,15625,810,2024-11-03/2024-11-09,5263
70,-18,MTNA,MTNAZ24,D1,2024-11-06,1730851200,113.921875,113.921875,111.984375,112.421875,1222,15625,2181,2024-11-03/2024-11-09,5263
71,-17,MTNA,MTNAZ24,D1,2024-11-07,1730937600,112.359375,113.46875,112.21875,113.25,719,15625,939,2024-11-03/2024-11-09,5263
72,-16,MTNA,MTNAZ24,D1,2024-11-08,1731024000,113.25,113.859375,113.125,113.484375,555,15625,795,2024-11-03/2024-11-09,5263
73,-15,MTNA,MTNAZ24,D1,2024-11-10,1731196800,113.453125,113.453125,113.28125,113.28125,13,15625,16,2024-11-10/2024-11-16,3549
74,-14,MTNA,MTNAZ24,D1,2024-11-11,1731283200,113.25,113.375,112.96875,113.3125,401,15625,659,2024-11-10/2024-11-16,3549
75,-13,MTNA,MTNAZ24,D1,2024-11-12,1731369600,113.265625,113.421875,112.265625,112.390625,488,15625,730,2024-11-10/2024-11-16,3549
76,-12,MTNA,MTNAZ24,D1,2024-11-13,1731456000,112.46875,113.0,112.109375,112.1875,526,15625,715,2024-11-10/2024-11-16,3549
77,-11,MTNA,MTNAZ24,D1,2024-11-14,1731542400,112.125,112.75,111.90625,112.171875,497,15625,728,2024-11-10/2024-11-16,3549
78,-10,MTNA,MTNAZ24,D1,2024-11-15,1731628800,112.15625,112.640625,111.71875,112.265625,514,15625,701,2024-11-10/2024-11-16,3549
79,-9,MTNA,MTNAZ24,D1,2024-11-17,1731801600,112.296875,112.34375,112.265625,112.3125,14,15625,23,2024-11-17/2024-11-23,3404
80,-8,MTNA,MTNAZ24,D1,2024-11-18,1731888000,112.375,112.578125,111.875,112.546875,355,15625,632,2024-11-17/2024-11-23,3404
81,-7,MTNA,MTNAZ24,D1,2024-11-19,1731974400,112.53125,113.1875,112.515625,112.59375,385,15625,493,2024-11-17/2024-11-23,3404
82,-6,MTNA,MTNAZ24,D1,2024-11-20,1732060800,112.71875,112.75,112.3125,112.578125,447,15625,751,2024-11-17/2024-11-23,3404
83,-5,MTNA,MTNAZ24,D1,2024-11-21,1732147200,112.578125,112.84375,112.3125,112.453125,511,15625,946,2024-11-17/2024-11-23,3404
84,-4,MTNA,MTNAZ24,D1,2024-11-22,1732233600,112.484375,112.796875,112.34375,112.625,375,15625,559,2024-11-17/2024-11-23,3404
85,-3,MTNA,MTNAZ24,D1,2024-11-24,1732406400,112.890625,113.25,112.890625,113.09375,66,15625,142,2024-11-24/2024-11-30,1562
86,-2,MTNA,MTNAZ24,D1,2024-11-25,1732492800,113.03125,113.84375,112.9375,113.65625,455,15625,764,2024-11-24/2024-11-30,1562
87,-1,MTNA,MTNAZ24,D1,2024-11-26,1732579200,113.625,113.75,113.3125,113.4375,307,15625,446,2024-11-24/2024-11-30,1562
88,0,MTNA,MTNAZ24,D1,2024-11-27,1732665600,113.46875,114.078125,113.40625,114.03125,169,15625,210,2024-11-24/2024-11-30,1562
30,-78,MTNA,MTNAH25,D1,2024-11-28,1732752000,114.09375,114.359375,114.09375,114.3125,1,0,124,2024-11-24/2024-11-30,1281
31,-77,MTNA,MTNAH25,D1,2024-11-29,1732838400,114.375,114.84375,114.375,114.796875,0,0,375,2024-11-24/2024-11-30,1281
32,-76,MTNA,MTNAH25,D1,2024-12-01,1733011200,114.71875,114.71875,114.625,114.625,0,0,15,2024-12-01/2024-12-07,2291
33,-75,MTNA,MTNAH25,D1,2024-12-02,1733097600,114.609375,114.984375,114.28125,114.75,0,0,502,2024-12-01/2024-12-07,2291
34,-74,MTNA,MTNAH25,D1,2024-12-03,1733184000,114.765625,115.03125,114.359375,114.4375,1,0,443,2024-12-01/2024-12-07,2291
35,-73,MTNA,MTNAH25,D1,2024-12-04,1733270400,114.375,114.90625,113.96875,114.75,4,0,435,2024-12-01/2024-12-07,2291
36,-72,MTNA,MTNAH25,D1,2024-12-05,1733356800,114.75,114.953125,114.484375,114.875,14,0,361,2024-12-01/2024-12-07,2291
37,-71,MTNA,MTNAH25,D1,2024-12-06,1733443200,114.90625,115.390625,114.59375,115.171875,1,0,535,2024-12-01/2024-12-07,2291
38,-70,MTNA,MTNAH25,D1,2024-12-08,1733616000,115.15625,115.15625,115.125,115.15625,0,0,8,2024-12-08/2024-12-14,2466
39,-69,MTNA,MTNAH25,D1,2024-12-09,1733702400,115.1875,115.328125,114.703125,114.75,0,0,390,2024-12-08/2024-12-14,2466
40,-68,MTNA,MTNAH25,D1,2024-12-10,1733788800,114.765625,114.84375,114.3125,114.46875,3,0,302,2024-12-08/2024-12-14,2466
41,-67,MTNA,MTNAH25,D1,2024-12-11,1733875200,114.40625,114.71875,114.015625,114.078125,1,0,849,2024-12-08/2024-12-14,2466
42,-66,MTNA,MTNAH25,D1,2024-12-12,1733961600,114.109375,114.109375,113.453125,113.453125,7,0,536,2024-12-08/2024-12-14,2466
43,-65,MTNA,MTNAH25,D1,2024-12-13,1734048000,113.59375,113.671875,112.828125,112.90625,0,0,381,2024-12-08/2024-12-14,2466
44,-64,MTNA,MTNAH25,D1,2024-12-15,1734220800,112.953125,113.0,112.953125,113.0,0,0,8,2024-12-15/2024-12-21,3590
45,-63,MTNA,MTNAH25,D1,2024-12-16,1734307200,112.96875,113.21875,112.78125,112.875,2,0,635,2024-12-15/2024-12-21,3590
46,-62,MTNA,MTNAH25,D1,2024-12-17,1734393600,112.921875,113.09375,112.53125,112.859375,0,0,576,2024-12-15/2024-12-21,3590
47,-61,MTNA,MTNAH25,D1,2024-12-18,1734480000,112.96875,113.0,111.75,111.796875,4,0,1015,2024-12-15/2024-12-21,3590
48,-60,MTNA,MTNAH25,D1,2024-12-19,1734566400,111.84375,111.9375,111.125,111.4375,1,0,700,2024-12-15/2024-12-21,3590
49,-59,MTNA,MTNAH25,D1,2024-12-20,1734652800,111.46875,112.09375,111.40625,111.75,12,0,656,2024-12-15/2024-12-21,3590
50,-58,MTNA,MTNAH25,D1,2024-12-22,1734825600,111.75,111.765625,111.734375,111.734375,0,0,19,2024-12-22/2024-12-28,1327
51,-57,MTNA,MTNAH25,D1,2024-12-23,1734912000,111.734375,111.78125,111.09375,111.203125,4,0,465,2024-12-22/2024-12-28,1327
52,-56,MTNA,MTNAH25,D1,2024-12-24,1734998400,111.21875,111.25,110.84375,111.171875,1,0,170,2024-12-22/2024-12-28,1327
53,-55,MTNA,MTNAH25,D1,2024-12-25,1735084800,111.109375,111.109375,111.109375,111.109375,0,0,2,2024-12-22/2024-12-28,1327
54,-54,MTNA,MTNAH25,D1,2024-12-26,1735171200,111.09375,111.34375,110.75,111.234375,1,0,385,2024-12-22/2024-12-28,1327
55,-53,MTNA,MTNAH25,D1,2024-12-27,1735257600,111.203125,111.34375,110.8125,110.859375,1,0,286,2024-12-22/2024-12-28,1327
56,-52,MTNA,MTNAH25,D1,2024-12-29,1735430400,110.84375,110.84375,110.828125,110.828125,0,0,23,2024-12-29/2025-01-04,1534
57,-51,MTNA,MTNAH25,D1,2024-12-30,1735516800,110.828125,111.671875,110.828125,111.671875,6,0,300,2024-12-29/2025-01-04,1534
58,-50,MTNA,MTNAH25,D1,2024-12-31,1735603200,111.6875,111.890625,111.21875,111.28125,0,0,325,2024-12-29/2025-01-04,1534
59,-49,MTNA,MTNAH25,D1,2025-01-01,1735689600,111.234375,111.234375,111.0625,111.0625,0,0,34,2024-12-29/2025-01-04,1534
60,-48,MTNA,MTNAH25,D1,2025-01-02,1735776000,111.078125,111.8125,111.0625,111.453125,1,0,342,2024-12-29/2025-01-04,1534
61,-47,MTNA,MTNAH25,D1,2025-01-03,1735862400,111.4375,111.640625,111.078125,111.078125,0,0,510,2024-12-29/2025-01-04,1534
62,-46,MTNA,MTNAH25,D1,2025-01-05,1736035200,111.078125,111.078125,110.890625,110.890625,0,0,27,2025-01-05/2025-01-11,2139
63,-45,MTNA,MTNAH25,D1,2025-01-06,1736121600,110.90625,111.28125,110.703125,110.78125,2,0,519,2025-01-05/2025-01-11,2139
64,-44,MTNA,MTNAH25,D1,2025-01-07,1736208000,110.765625,111.03125,110.21875,110.28125,1,0,398,2025-01-05/2025-01-11,2139
65,-43,MTNA,MTNAH25,D1,2025-01-08,1736294400,110.265625,110.53125,109.96875,110.328125,0,0,424,2025-01-05/2025-01-11,2139
66,-42,MTNA,MTNAH25,D1,2025-01-09,1736380800,110.375,110.6875,110.296875,110.453125,0,0,221,2025-01-05/2025-01-11,2139
67,-41,MTNA,MTNAH25,D1,2025-01-10,1736467200,110.390625,110.390625,109.40625,109.65625,0,0,550,2025-01-05/2025-01-11,2139
68,-40,MTNA,MTNAH25,D1,2025-01-12,1736640000,109.578125,109.59375,109.5,109.5,0,0,31,2025-01-12/2025-01-18,4154
69,-39,MTNA,MTNAH25,D1,2025-01-13,1736726400,109.53125,109.671875,109.296875,109.65625,1,0,731,2025-01-12/2025-01-18,4154
70,-38,MTNA,MTNAH25,D1,2025-01-14,1736812800,109.53125,109.734375,109.234375,109.40625,0,0,711,2025-01-12/2025-01-18,4154
71,-37,MTNA,MTNAH25,D1,2025-01-15,1736899200,109.453125,110.734375,109.4375,110.609375,3,0,908,2025-01-12/2025-01-18,4154
72,-36,MTNA,MTNAH25,D1,2025-01-16,1736985600,110.515625,111.140625,110.296875,110.890625,0,0,1326,2025-01-12/2025-01-18,4154
73,-35,MTNA,MTNAH25,D1,2025-01-17,1737072000,110.921875,111.34375,110.828125,110.828125,0,0,447,2025-01-12/2025-01-18,4154
74,-34,MTNA,MTNAH25,D1,2025-01-19,1737244800,110.78125,110.8125,110.78125,110.8125,2,0,11,2025-01-19/2025-01-25,3681
75,-33,MTNA,MTNAH25,D1,2025-01-20,1737331200,110.796875,111.5,110.625,111.46875,1,0,1565,2025-01-19/2025-01-25,3681
76,-32,MTNA,MTNAH25,D1,2025-01-21,1737417600,111.5,111.6875,111.1875,111.21875,0,0,438,2025-01-19/2025-01-25,3681
77,-31,MTNA,MTNAH25,D1,2025-01-22,1737504000,111.15625,111.453125,110.921875,110.953125,2,0,464,2025-01-19/2025-01-25,3681
78,-30,MTNA,MTNAH25,D1,2025-01-23,1737590400,111.015625,111.09375,110.578125,110.84375,0,0,474,2025-01-19/2025-01-25,3681
79,-29,MTNA,MTNAH25,D1,2025-01-24,1737676800,110.765625,111.015625,110.53125,110.875,2,0,729,2025-01-19/2025-01-25,3681
80,-28,MTNA,MTNAH25,D1,2025-01-26,1737849600,110.96875,111.109375,110.953125,111.0625,0,0,24,2025-01-26/2025-02-01,2714
81,-27,MTNA,MTNAH25,D1,2025-01-27,1737936000,111.09375,111.96875,111.09375,111.484375,0,0,770,2025-01-26/2025-02-01,2714
82,-26,MTNA,MTNAH25,D1,2025-01-28,1738022400,111.46875,111.6875,111.265625,111.671875,0,0,338,2025-01-26/2025-02-01,2714
83,-25,MTNA,MTNAH25,D1,2025-01-29,1738108800,111.671875,111.859375,111.203125,111.671875,1,0,567,2025-01-26/2025-02-01,2714
84,-24,MTNA,MTNAH25,D1,2025-01-30,1738195200,111.609375,112.0625,111.609375,111.734375,3,0,499,2025-01-26/2025-02-01,2714
85,-23,MTNA,MTNAH25,D1,2025-01-31,1738281600,111.6875,111.921875,111.25,111.609375,0,0,516,2025-01-26/2025-02-01,2714
86,-22,MTNA,MTNAH25,D1,2025-02-02,1738454400,111.078125,111.78125,111.078125,111.328125,14,15625,21,2025-02-02/2025-02-08,3201
87,-21,MTNA,MTNAH25,D1,2025-02-03,1738540800,111.515625,112.296875,111.390625,111.40625,303,15625,736,2025-02-02/2025-02-08,3201
88,-20,MTNA,MTNAH25,D1,2025-02-04,1738627200,111.375,111.890625,111.15625,111.734375,400,15625,610,2025-02-02/2025-02-08,3201
89,-19,MTNA,MTNAH25,D1,2025-02-05,1738713600,111.75,112.796875,111.75,112.671875,416,15625,603,2025-02-02/2025-02-08,3201
90,-18,MTNA,MTNAH25,D1,2025-02-06,1738800000,112.640625,112.71875,112.3125,112.515625,350,15625,470,2025-02-02/2025-02-08,3201
91,-17,MTNA,MTNAH25,D1,2025-02-07,1738886400,112.53125,113.046875,111.859375,112.015625,420,15625,761,2025-02-02/2025-02-08,3201
92,-16,MTNA,MTNAH25,D1,2025-02-09,1739059200,112.15625,112.15625,111.96875,112.078125,51,15625,67,2025-02-09/2025-02-15,2908
93,-15,MTNA,MTNAH25,D1,2025-02-10,1739145600,112.09375,112.328125,111.921875,112.046875,277,15625,403,2025-02-09/2025-02-15,2908
94,-14,MTNA,MTNAH25,D1,2025-02-11,1739232000,112.125,112.125,111.5625,111.65625,340,15625,532,2025-02-09/2025-02-15,2908
95,-13,MTNA,MTNAH25,D1,2025-02-12,1739318400,111.640625,111.71875,110.15625,110.921875,335,15625,873,2025-02-09/2025-02-15,2908
96,-12,MTNA,MTNAH25,D1,2025-02-13,1739404800,110.90625,111.796875,110.890625,111.640625,176,0,591,2025-02-09/2025-02-15,2908
97,-11,MTNA,MTNAH25,D1,2025-02-14,1739491200,111.671875,112.390625,111.546875,112.15625,263,15625,442,2025-02-09/2025-02-15,2908
98,-10,MTNA,MTNAH25,D1,2025-02-16,1739664000,112.515625,112.625,112.109375,112.109375,17,31250,21,2025-02-16/2025-02-22,1535
99,-9,MTNA,MTNAH25,D1,2025-02-17,1739750400,112.0625,112.09375,111.890625,112.0,109,15625,148,2025-02-16/2025-02-22,1535
100,-8,MTNA,MTNAH25,D1,2025-02-18,1739836800,112.03125,112.03125,111.421875,111.46875,236,15625,315,2025-02-16/2025-02-22,1535
101,-7,MTNA,MTNAH25,D1,2025-02-19,1739923200,111.46875,111.703125,111.3125,111.640625,219,15625,310,2025-02-16/2025-02-22,1535
102,-6,MTNA,MTNAH25,D1,2025-02-20,1740009600,111.640625,112.0,111.640625,111.875,217,15625,279,2025-02-16/2025-02-22,1535
103,-5,MTNA,MTNAH25,D1,2025-02-21,1740096000,111.84375,112.78125,111.84375,112.546875,303,15625,462,2025-02-16/2025-02-22,1535
104,-4,MTNA,MTNAH25,D1,2025-02-23,1740268800,112.515625,112.515625,112.453125,112.453125,7,15625,9,2025-02-23/2025-03-01,1735
105,-3,MTNA,MTNAH25,D1,2025-02-24,1740355200,112.484375,112.9375,112.375,112.890625,310,15625,473,2025-02-23/2025-03-01,1735
106,-2,MTNA,MTNAH25,D1,2025-02-25,1740441600,113.0,113.875,113.0,113.828125,426,15625,814,2025-02-23/2025-03-01,1735
107,-1,MTNA,MTNAH25,D1,2025-02-26,1740528000,113.84375,114.21875,113.4375,114.0625,187,15625,323,2025-02-23/2025-03-01,1735
108,0,MTNA,MTNAH25,D1,2025-02-27,1740614400,114.015625,114.1875,113.640625,113.796875,56,15625,116,2025-02-23/2025-03-01,1735
64,-74,MTNA,MTNAM25,D1,2025-02-28,1740700800,113.984375,114.5625,113.828125,114.4375,396,15625,570,2025-02-23/2025-03-01,1343
65,-73,MTNA,MTNAM25,D1,2025-03-03,1740960000,114.109375,115.25,114.015625,115.25,296,15625,437,2025-03-02/2025-03-08,4208
66,-72,MTNA,MTNAM25,D1,2025-03-04,1741046400,115.25,115.359375,114.0625,114.203125,491,15625,981,2025-03-02/2025-03-08,4208
67,-71,MTNA,MTNAM25,D1,2025-03-05,1741132800,114.25,114.5625,113.65625,113.671875,547,15625,1007,2025-03-02/2025-03-08,4208
68,-70,MTNA,MTNAM25,D1,2025-03-06,1741219200,113.609375,113.890625,113.171875,113.78125,570,15625,746,2025-03-02/2025-03-08,4208
69,-69,MTNA,MTNAM25,D1,2025-03-07,1741305600,113.78125,114.40625,113.375,113.578125,481,15625,1037,2025-03-02/2025-03-08,4208
70,-68,MTNA,MTNAM25,D1,2025-03-09,1741478400,113.828125,113.984375,113.828125,113.984375,12,15625,18,2025-03-09/2025-03-15,2698
71,-67,MTNA,MTNAM25,D1,2025-03-10,1741564800,113.953125,114.671875,113.703125,114.59375,381,15625,617,2025-03-09/2025-03-15,2698
72,-66,MTNA,MTNAM25,D1,2025-03-11,1741651200,114.6875,114.9375,113.65625,113.828125,352,15625,629,2025-03-09/2025-03-15,2698
73,-65,MTNA,MTNAM25,D1,2025-03-12,1741737600,113.859375,114.015625,113.328125,113.46875,374,15625,662,2025-03-09/2025-03-15,2698
74,-64,MTNA,MTNAM25,D1,2025-03-13,1741824000,113.484375,114.0,113.171875,113.828125,351,15625,573,2025-03-09/2025-03-15,2698
75,-63,MTNA,MTNAM25,D1,2025-03-14,1741910400,113.859375,113.859375,113.453125,113.5,157,15625,199,2025-03-09/2025-03-15,2698
76,-62,MTNA,MTNAM25,D1,2025-03-16,1742083200,113.21875,113.78125,113.21875,113.78125,8,15625,14,2025-03-16/2025-03-22,1588
77,-61,MTNA,MTNAM25,D1,2025-03-17,1742169600,113.640625,114.0,113.359375,113.578125,230,15625,302,2025-03-16/2025-03-22,1588
78,-60,MTNA,MTNAM25,D1,2025-03-18,1742256000,113.6875,113.90625,113.265625,113.75,155,15625,197,2025-03-16/2025-03-22,1588
79,-59,MTNA,MTNAM25,D1,2025-03-19,1742342400,113.625,114.15625,113.3125,114.140625,272,15625,382,2025-03-16/2025-03-22,1588
80,-58,MTNA,MTNAM25,D1,2025-03-20,1742428800,114.1875,114.75,114.15625,114.203125,293,15625,345,2025-03-16/2025-03-22,1588
81,-57,MTNA,MTNAM25,D1,2025-03-21,1742515200,114.203125,114.53125,114.03125,114.09375,245,15625,348,2025-03-16/2025-03-22,1588
82,-56,MTNA,MTNAM25,D1,2025-03-23,1742688000,114.015625,114.046875,113.921875,113.921875,12,15625,18,2025-03-23/2025-03-29,1959
83,-55,MTNA,MTNAM25,D1,2025-03-24,1742774400,113.875,113.890625,113.28125,113.3125,229,15625,337,2025-03-23/2025-03-29,1959
84,-54,MTNA,MTNAM25,D1,2025-03-25,1742860800,113.328125,114.0,113.046875,113.40625,182,15625,232,2025-03-23/2025-03-29,1959
85,-53,MTNA,MTNAM25,D1,2025-03-26,1742947200,113.328125,113.5,113.125,113.3125,181,15625,719,2025-03-23/2025-03-29,1959
86,-52,MTNA,MTNAM25,D1,2025-03-27,1743033600,113.203125,113.203125,112.765625,113.078125,229,15625,294,2025-03-23/2025-03-29,1959
87,-51,MTNA,MTNAM25,D1,2025-03-28,1743120000,113.203125,114.109375,113.203125,114.046875,279,15625,359,2025-03-23/2025-03-29,1959
88,-50,MTNA,MTNAM25,D1,2025-03-30,1743292800,114.25,114.4375,114.046875,114.4375,6,46875,7,2025-03-30/2025-04-05,2874
89,-49,MTNA,MTNAM25,D1,2025-03-31,1743379200,114.484375,114.671875,114.0,114.46875,309,15625,383,2025-03-30/2025-04-05,2874
90,-48,MTNA,MTNAM25,D1,2025-04-01,1743465600,114.4375,115.140625,114.4375,114.546875,329,15625,438,2025-03-30/2025-04-05,2874
91,-47,MTNA,MTNAM25,D1,2025-04-02,1743552000,114.625,115.96875,114.171875,115.96875,285,0,398,2025-03-30/2025-04-05,2874
92,-46,MTNA,MTNAM25,D1,2025-04-03,1743638400,115.796875,116.484375,115.484375,116.125,539,15625,644,2025-03-30/2025-04-05,2874
93,-45,MTNA,MTNAM25,D1,2025-04-04,1743724800,116.25,117.625,116.234375,116.421875,832,15625,1004,2025-03-30/2025-04-05,2874
94,-44,MTNA,MTNAM25,D1,2025-04-06,1743897600,117.359375,117.625,117.15625,117.53125,21,15625,48,2025-04-06/2025-04-12,5460
95,-43,MTNA,MTNAM25,D1,2025-04-07,1743984000,117.421875,117.421875,114.359375,114.78125,471,15625,811,2025-04-06/2025-04-12,5460
96,-42,MTNA,MTNAM25,D1,2025-04-08,1744070400,114.828125,115.21875,113.671875,113.71875,556,15625,713,2025-04-06/2025-04-12,5460
97,-41,MTNA,MTNAM25,D1,2025-04-09,1744156800,113.453125,113.65625,111.875,113.5,955,0,1862,2025-04-06/2025-04-12,5460
98,-40,MTNA,MTNAM25,D1,2025-04-10,1744243200,113.578125,114.0,112.234375,112.234375,412,15625,484,2025-04-06/2025-04-12,5460
99,-39,MTNA,MTNAM25,D1,2025-04-11,1744329600,112.03125,112.859375,111.109375,111.875,773,15625,1542,2025-04-06/2025-04-12,5460
100,-38,MTNA,MTNAM25,D1,2025-04-13,1744502400,111.609375,111.609375,111.609375,111.609375,1,125000,1,2025-04-13/2025-04-19,1491
101,-37,MTNA,MTNAM25,D1,2025-04-14,1744588800,112.09375,113.078125,111.96875,113.0,329,15625,579,2025-04-13/2025-04-19,1491
102,-36,MTNA,MTNAM25,D1,2025-04-15,1744675200,112.984375,113.578125,112.78125,113.34375,191,15625,230,2025-04-13/2025-04-19,1491
103,-35,MTNA,MTNAM25,D1,2025-04-16,1744761600,113.390625,114.5,113.1875,113.890625,251,15625,369,2025-04-13/2025-04-19,1491
104,-34,MTNA,MTNAM25,D1,2025-04-17,1744848000,113.703125,113.875,113.3125,113.328125,181,15625,312,2025-04-13/2025-04-19,1491
105,-33,MTNA,MTNAM25,D1,2025-04-20,1745107200,112.796875,114.4375,112.5,113.15625,10,93750,25,2025-04-20/2025-04-26,1624
106,-32,MTNA,MTNAM25,D1,2025-04-21,1745193600,113.15625,113.375,112.625,112.734375,136,15625,240,2025-04-20/2025-04-26,1624
107,-31,MTNA,MTNAM25,D1,2025-04-22,1745280000,112.75,113.09375,112.53125,113.09375,153,15625,203,2025-04-20/2025-04-26,1624
108,-30,MTNA,MTNAM25,D1,2025-04-23,1745366400,113.046875,114.0625,112.5,112.96875,286,15625,412,2025-04-20/2025-04-26,1624
109,-29,MTNA,MTNAM25,D1,2025-04-24,1745452800,112.984375,113.59375,112.984375,113.546875,275,15625,552,2025-04-20/2025-04-26,1624
110,-28,MTNA,MTNAM25,D1,2025-04-25,1745539200,113.453125,114.1875,113.453125,114.1875,141,15625,192,2025-04-20/2025-04-26,1624
111,-27,MTNA,MTNAM25,D1,2025-04-28,1745798400,114.1875,114.53125,113.6875,114.46875,100,15625,128,2025-04-27/2025-05-03,2316
112,-26,MTNA,MTNAM25,D1,2025-04-29,1745884800,114.328125,114.859375,114.171875,114.84375,183,15625,266,2025-04-27/2025-05-03,2316
113,-25,MTNA,MTNAM25,D1,2025-04-30,1745971200,114.859375,115.109375,114.1875,114.734375,402,15625,946,2025-04-27/2025-05-03,2316
114,-24,MTNA,MTNAM25,D1,2025-05-01,1746057600,114.6875,115.234375,114.15625,114.4375,252,15625,609,2025-04-27/2025-05-03,2316
115,-23,MTNA,MTNAM25,D1,2025-05-02,1746144000,114.25,114.53125,112.0,112.0,245,0,367,2025-04-27/2025-05-03,2316
116,-22,MTNA,MTNAM25,D1,2025-05-04,1746316800,112.71875,113.609375,112.71875,113.609375,4,62500,5,2025-05-04/2025-05-10,1391
117,-21,MTNA,MTNAM25,D1,2025-05-05,1746403200,113.6875,113.890625,113.078125,113.265625,94,15625,207,2025-05-04/2025-05-10,1391
118,-20,MTNA,MTNAM25,D1,2025-05-06,1746489600,113.046875,113.671875,113.0,113.4375,220,15625,280,2025-05-04/2025-05-10,1391
119,-19,MTNA,MTNAM25,D1,2025-05-07,1746576000,113.5625,114.203125,113.40625,113.890625,254,15625,300,2025-05-04/2025-05-10,1391
120,-18,MTNA,MTNAM25,D1,2025-05-08,1746662400,113.859375,113.96875,112.921875,113.0,269,15625,315,2025-05-04/2025-05-10,1391
121,-17,MTNA,MTNAM25,D1,2025-05-09,1746748800,113.046875,113.3125,112.875,112.9375,237,15625,284,2025-05-04/2025-05-10,1391
122,-16,MTNA,MTNAM25,D1,2025-05-11,1746921600,112.984375,112.984375,112.703125,112.75,6,31250,9,2025-05-11/2025-05-17,2434
123,-15,MTNA,MTNAM25,D1,2025-05-12,1747008000,112.765625,112.765625,112.125,112.203125,233,15625,253,2025-05-11/2025-05-17,2434
124,-14,MTNA,MTNAM25,D1,2025-05-13,1747094400,112.25,112.453125,111.90625,112.171875,442,15625,491,2025-05-11/2025-05-17,2434
125,-13,MTNA,MTNAM25,D1,2025-05-14,1747180800,112.234375,112.34375,111.53125,111.53125,675,15625,728,2025-05-11/2025-05-17,2434
126,-12,MTNA,MTNAM25,D1,2025-05-15,1747267200,111.5,112.5,111.5,112.421875,167,15625,499,2025-05-11/2025-05-17,2434
127,-11,MTNA,MTNAM25,D1,2025-05-16,1747353600,112.53125,112.859375,111.90625,112.015625,326,15625,454,2025-05-11/2025-05-17,2434
128,-10,MTNA,MTNAM25,D1,2025-05-18,1747526400,112.015625,112.3125,112.015625,112.078125,12,15625,13,2025-05-18/2025-05-24,2631
129,-9,MTNA,MTNAM25,D1,2025-05-19,1747612800,112.109375,112.40625,111.375,112.359375,209,15625,535,2025-05-18/2025-05-24,2631
130,-8,MTNA,MTNAM25,D1,2025-05-20,1747699200,112.3125,112.5625,111.78125,112.09375,171,15625,215,2025-05-18/2025-05-24,2631
131,-7,MTNA,MTNAM25,D1,2025-05-21,1747785600,111.9375,111.9375,110.5,110.953125,256,15625,601,2025-05-18/2025-05-24,2631
132,-6,MTNA,MTNAM25,D1,2025-05-22,1747872000,111.046875,111.6875,110.84375,111.6875,532,15625,724,2025-05-18/2025-05-24,2631
133,-5,MTNA,MTNAM25,D1,2025-05-23,1747958400,111.625,112.359375,111.625,111.84375,459,15625,543,2025-05-18/2025-05-24,2631
20,-80,MTNA,MTNAU25,D1,2025-05-25,1748131200,111.5,111.5,111.5,111.5,1,93750,1,2025-05-25/2025-05-31,1296
21,-79,MTNA,MTNAU25,D1,2025-05-26,1748217600,111.5,111.84375,111.484375,111.84375,12,15625,40,2025-05-25/2025-05-31,1296
22,-78,MTNA,MTNAU25,D1,2025-05-27,1748304000,112.0625,112.46875,112.0,112.390625,48,15625,58,2025-05-25/2025-05-31,1296
23,-77,MTNA,MTNAU25,D1,2025-05-28,1748390400,112.25,112.265625,111.65625,111.84375,76,15625,188,2025-05-25/2025-05-31,1296
24,-76,MTNA,MTNAU25,D1,2025-05-29,1748476800,111.71875,112.53125,111.4375,112.5,315,15625,798,2025-05-25/2025-05-31,1296
25,-75,MTNA,MTNAU25,D1,2025-05-30,1748563200,112.46875,112.84375,112.359375,112.734375,120,15625,211,2025-05-25/2025-05-31,1296
26,-74,MTNA,MTNAU25,D1,2025-06-01,1748736000,112.921875,112.921875,112.59375,112.59375,3,15625,9,2025-06-01/2025-06-07,1492
27,-73,MTNA,MTNAU25,D1,2025-06-02,1748822400,112.5625,112.5625,112.078125,112.34375,195,15625,265,2025-06-01/2025-06-07,1492
28,-72,MTNA,MTNAU25,D1,2025-06-03,1748908800,112.359375,112.65625,112.046875,112.296875,126,15625,204,2025-06-01/2025-06-07,1492
29,-71,MTNA,MTNAU25,D1,2025-06-04,1748995200,112.28125,113.5,112.09375,113.0625,166,0,348,2025-06-01/2025-06-07,1492
30,-70,MTNA,MTNAU25,D1,2025-06-05,1749081600,113.0,113.375,112.703125,112.765625,241,15625,358,2025-06-01/2025-06-07,1492
31,-69,MTNA,MTNAU25,D1,2025-06-06,1749168000,112.765625,112.9375,111.15625,111.8125,144,0,308,2025-06-01/2025-06-07,1492
32,-68,MTNA,MTNAU25,D1,2025-06-08,1749340800,112.21875,112.21875,111.5,111.6875,10,31250,18,2025-06-08/2025-06-14,1489
33,-67,MTNA,MTNAU25,D1,2025-06-09,1749427200,111.734375,112.0625,111.6875,112.046875,131,15625,225,2025-06-08/2025-06-14,1489
34,-66,MTNA,MTNAU25,D1,2025-06-10,1749513600,111.984375,112.34375,111.9375,112.0,90,15625,124,2025-06-08/2025-06-14,1489
35,-65,MTNA,MTNAU25,D1,2025-06-11,1749600000,112.0,112.78125,111.234375,112.578125,183,15625,402,2025-06-08/2025-06-14,1489
36,-64,MTNA,MTNAU25,D1,2025-06-12,1749686400,112.6875,113.203125,112.5625,113.1875,191,15625,352,2025-06-08/2025-06-14,1489
37,-63,MTNA,MTNAU25,D1,2025-06-13,1749772800,113.328125,113.5625,112.0,112.640625,181,0,368,2025-06-08/2025-06-14,1489
38,-62,MTNA,MTNAU25,D1,2025-06-16,1750032000,112.578125,112.6875,112.15625,112.390625,108,15625,156,2025-06-15/2025-06-21,732
39,-61,MTNA,MTNAU25,D1,2025-06-17,1750118400,112.421875,112.84375,112.34375,112.828125,108,15625,136,2025-06-15/2025-06-21,732
40,-60,MTNA,MTNAU25,D1,2025-06-18,1750204800,112.71875,113.1875,112.640625,112.78125,127,15625,259,2025-06-15/2025-06-21,732
41,-59,MTNA,MTNAU25,D1,2025-06-19,1750291200,112.8125,112.9375,112.5,112.84375,49,15625,70,2025-06-15/2025-06-21,732
42,-58,MTNA,MTNAU25,D1,2025-06-20,1750377600,112.78125,113.0625,112.375,112.96875,93,15625,111,2025-06-15/2025-06-21,732
43,-57,MTNA,MTNAU25,D1,2025-06-23,1750636800,112.953125,113.6875,112.734375,113.15625,232,15625,539,2025-06-22/2025-06-28,1441
44,-56,MTNA,MTNAU25,D1,2025-06-24,1750723200,113.1875,113.75,113.0,113.625,183,15625,285,2025-06-22/2025-06-28,1441
45,-55,MTNA,MTNAU25,D1,2025-06-25,1750809600,113.640625,113.796875,113.296875,113.765625,123,15625,176,2025-06-22/2025-06-28,1441
46,-54,MTNA,MTNAU25,D1,2025-06-26,1750896000,113.796875,114.15625,113.6875,114.0625,167,15625,250,2025-06-22/2025-06-28,1441
47,-53,MTNA,MTNAU25,D1,2025-06-27,1750982400,114.046875,114.171875,113.71875,113.859375,119,15625,191,2025-06-22/2025-06-28,1441
48,-52,MTNA,MTNAU25,D1,2025-06-29,1751155200,114.15625,114.15625,113.109375,113.71875,35,0,180,2025-06-29/2025-07-05,1247
49,-51,MTNA,MTNAU25,D1,2025-06-30,1751241600,113.765625,114.3125,113.75,114.21875,122,15625,376,2025-06-29/2025-07-05,1247
50,-50,MTNA,MTNAU25,D1,2025-07-01,1751328000,114.328125,114.609375,113.875,114.109375,153,15625,166,2025-06-29/2025-07-05,1247
51,-49,MTNA,MTNAU25,D1,2025-07-02,1751414400,114.046875,114.0625,113.5625,113.8125,161,15625,227,2025-06-29/2025-07-05,1247
52,-48,MTNA,MTNAU25,D1,2025-07-03,1751500800,113.90625,114.03125,113.03125,113.25,179,15625,266,2025-06-29/2025-07-05,1247
53,-47,MTNA,MTNAU25,D1,2025-07-04,1751587200,113.390625,113.5625,113.359375,113.359375,31,15625,32,2025-06-29/2025-07-05,1247
54,-46,MTNA,MTNAU25,D1,2025-07-06,1751760000,113.296875,113.421875,113.296875,113.421875,2,46875,2,2025-07-06/2025-07-12,1017
55,-45,MTNA,MTNAU25,D1,2025-07-07,1751846400,113.3125,113.375,112.75,112.859375,142,15625,229,2025-07-06/2025-07-12,1017
56,-44,MTNA,MTNAU25,D1,2025-07-08,1751932800,112.890625,112.890625,112.4375,112.734375,143,15625,173,2025-07-06/2025-07-12,1017
57,-43,MTNA,MTNAU25,D1,2025-07-09,1752019200,112.71875,113.328125,112.59375,113.328125,194,15625,308,2025-07-06/2025-07-12,1017
58,-42,MTNA,MTNAU25,D1,2025-07-10,1752105600,113.3125,113.375,112.984375,113.171875,86,15625,108,2025-07-06/2025-07-12,1017
59,-41,MTNA,MTNAU25,D1,2025-07-11,1752192000,113.25,113.25,112.484375,112.609375,176,15625,197,2025-07-06/2025-07-12,1017
60,-40,MTNA,MTNAU25,D1,2025-07-13,1752364800,112.640625,112.640625,112.3125,112.609375,3,31250,3,2025-07-13/2025-07-19,1264
61,-39,MTNA,MTNAU25,D1,2025-07-14,1752451200,112.65625,112.671875,112.359375,112.46875,107,15625,164,2025-07-13/2025-07-19,1264
62,-38,MTNA,MTNAU25,D1,2025-07-15,1752537600,112.484375,112.71875,111.90625,111.921875,129,15625,232,2025-07-13/2025-07-19,1264
63,-37,MTNA,MTNAU25,D1,2025-07-16,1752624000,111.921875,112.40625,111.921875,112.1875,129,15625,478,2025-07-13/2025-07-19,1264
64,-36,MTNA,MTNAU25,D1,2025-07-17,1752710400,112.171875,112.5,112.0,112.28125,154,15625,264,2025-07-13/2025-07-19,1264
65,-35,MTNA,MTNAU25,D1,2025-07-18,1752796800,112.375,112.609375,112.359375,112.578125,89,15625,123,2025-07-13/2025-07-19,1264
66,-34,MTNA,MTNAU25,D1,2025-07-20,1752969600,112.4375,112.5,112.4375,112.4375,7,46875,10,2025-07-20/2025-07-26,804
67,-33,MTNA,MTNAU25,D1,2025-07-21,1753056000,112.515625,113.171875,112.515625,112.921875,130,15625,167,2025-07-20/2025-07-26,804
68,-32,MTNA,MTNAU25,D1,2025-07-22,1753142400,112.921875,113.359375,112.78125,113.140625,108,15625,139,2025-07-20/2025-07-26,804
69,-31,MTNA,MTNAU25,D1,2025-07-23,1753228800,113.0625,113.125,112.8125,112.859375,87,15625,122,2025-07-20/2025-07-26,804
70,-30,MTNA,MTNAU25,D1,2025-07-24,1753315200,112.84375,112.84375,112.390625,112.78125,122,15625,188,2025-07-20/2025-07-26,804
71,-29,MTNA,MTNAU25,D1,2025-07-25,1753401600,112.796875,112.890625,112.5,112.8125,147,15625,178,2025-07-20/2025-07-26,804
72,-28,MTNA,MTNAU25,D1,2025-07-27,1753574400,112.546875,112.75,112.546875,112.75,2,62500,2,2025-07-27/2025-08-02,1135
73,-27,MTNA,MTNAU25,D1,2025-07-28,1753660800,112.78125,113.015625,112.578125,112.671875,85,15625,109,2025-07-27/2025-08-02,1135
74,-26,MTNA,MTNAU25,D1,2025-07-29,1753747200,112.71875,113.625,112.5625,113.390625,139,15625,162,2025-07-27/2025-08-02,1135
75,-25,MTNA,MTNAU25,D1,2025-07-30,1753833600,113.328125,113.328125,112.890625,112.984375,124,15625,208,2025-07-27/2025-08-02,1135
76,-24,MTNA,MTNAU25,D1,2025-07-31,1753920000,112.984375,113.375,112.875,112.9375,251,15625,268,2025-07-27/2025-08-02,1135
77,-23,MTNA,MTNAU25,D1,2025-08-01,1754006400,113.0,114.453125,112.671875,114.34375,291,15625,386,2025-07-27/2025-08-02,1135
78,-22,MTNA,MTNAU25,D1,2025-08-03,1754179200,114.375,114.390625,114.375,114.390625,3,15625,4,2025-08-03/2025-08-09,896
79,-21,MTNA,MTNAU25,D1,2025-08-04,1754265600,114.171875,114.59375,113.984375,114.59375,186,15625,280,2025-08-03/2025-08-09,896
80,-20,MTNA,MTNAU25,D1,2025-08-05,1754352000,114.640625,114.640625,114.296875,114.421875,145,15625,170,2025-08-03/2025-08-09,896
81,-19,MTNA,MTNAU25,D1,2025-08-06,1754438400,114.359375,114.390625,113.765625,114.34375,70,15625,95,2025-08-03/2025-08-09,896
82,-18,MTNA,MTNAU25,D1,2025-08-07,1754524800,114.25,114.40625,114.171875,114.203125,121,15625,143,2025-08-03/2025-08-09,896
83,-17,MTNA,MTNAU25,D1,2025-08-08,1754611200,114.140625,114.171875,113.828125,113.859375,178,15625,204,2025-08-03/2025-08-09,896
84,-16,MTNA,MTNAU25,D1,2025-08-10,1754784000,114.3125,114.3125,113.828125,113.921875,8,31250,12,2025-08-10/2025-08-16,1124
85,-15,MTNA,MTNAU25,D1,2025-08-11,1754870400,113.953125,114.109375,113.859375,113.859375,99,15625,123,2025-08-10/2025-08-16,1124
86,-14,MTNA,MTNAU25,D1,2025-08-12,1754956800,113.828125,114.203125,113.59375,113.765625,234,15625,272,2025-08-10/2025-08-16,1124
87,-13,MTNA,MTNAU25,D1,2025-08-13,1755043200,113.75,114.375,113.75,114.3125,263,15625,284,2025-08-10/2025-08-16,1124
88,-12,MTNA,MTNAU25,D1,2025-08-14,1755129600,114.3125,114.578125,113.765625,113.828125,249,15625,282,2025-08-10/2025-08-16,1124
89,-11,MTNA,MTNAU25,D1,2025-08-15,1755216000,113.890625,113.9375,113.453125,113.578125,111,15625,151,2025-08-10/2025-08-16,1124
90,-10,MTNA,MTNAU25,D1,2025-08-17,1755388800,113.5625,113.5625,113.5625,113.5625,1,46875,1,2025-08-17/2025-08-23,1180
91,-9,MTNA,MTNAU25,D1,2025-08-18,1755475200,113.609375,113.796875,113.296875,113.453125,106,15625,137,2025-08-17/2025-08-23,1180
92,-8,MTNA,MTNAU25,D1,2025-08-19,1755561600,113.484375,113.75,113.359375,113.671875,135,15625,184,2025-08-17/2025-08-23,1180
93,-7,MTNA,MTNAU25,D1,2025-08-20,1755648000,113.71875,113.96875,113.671875,113.828125,257,15625,265,2025-08-17/2025-08-23,1180
94,-6,MTNA,MTNAU25,D1,2025-08-21,1755734400,113.828125,113.84375,113.34375,113.515625,262,15625,299,2025-08-17/2025-08-23,1180
95,-5,MTNA,MTNAU25,D1,2025-08-22,1755820800,113.515625,114.25,113.40625,114.140625,162,15625,294,2025-08-17/2025-08-23,1180
96,-4,MTNA,MTNAU25,D1,2025-08-24,1755993600,114.125,114.125,114.078125,114.078125,2,46875,2,2025-08-24/2025-08-30,925
97,-3,MTNA,MTNAU25,D1,2025-08-25,1756080000,114.0,114.078125,113.796875,113.96875,119,15625,279,2025-08-24/2025-08-30,925
98,-2,MTNA,MTNAU25,D1,2025-08-26,1756166400,114.046875,114.203125,113.640625,114.078125,139,15625,395,2025-08-24/2025-08-30,925
99,-1,MTNA,MTNAU25,D1,2025-08-27,1756252800,114.03125,114.375,113.859375,114.25,71,15625,221,2025-08-24/2025-08-30,925
100,0,MTNA,MTNAU25,D1,2025-08-28,1756339200,114.328125,114.46875,114.1875,114.46875,9,15625,28,2025-08-24/2025-08-30,925
63,-75,MTNA,MTNAZ25,D1,2025-08-29,1756425600,114.53125,114.578125,114.296875,114.375,1,0,175,2025-08-24/2025-08-30,898
64,-74,MTNA,MTNAZ25,D1,2025-08-31,1756598400,114.34375,114.34375,114.34375,114.34375,0,0,5,2025-08-31/2025-09-06,1538
65,-73,MTNA,MTNAZ25,D1,2025-09-01,1756684800,114.3125,114.3125,114.078125,114.21875,1,0,68,2025-08-31/2025-09-06,1538
66,-72,MTNA,MTNAZ25,D1,2025-09-02,1756771200,114.21875,114.21875,113.734375,114.046875,0,0,237,2025-08-31/2025-09-06,1538
67,-71,MTNA,MTNAZ25,D1,2025-09-03,1756857600,113.9375,114.609375,113.734375,114.484375,0,0,252,2025-08-31/2025-09-06,1538
68,-70,MTNA,MTNAZ25,D1,2025-09-04,1756944000,114.5,115.109375,114.4375,115.046875,0,0,429,2025-08-31/2025-09-06,1538
69,-69,MTNA,MTNAZ25,D1,2025-09-05,1757030400,115.0,115.875,114.9375,115.78125,0,0,547,2025-08-31/2025-09-06,1538
70,-68,MTNA,MTNAZ25,D1,2025-09-07,1757203200,115.671875,115.671875,115.671875,115.671875,0,0,4,2025-09-07/2025-09-13,2410
71,-67,MTNA,MTNAZ25,D1,2025-09-08,1757289600,115.5625,116.046875,115.5,116.0,2,0,325,2025-09-07/2025-09-13,2410
72,-66,MTNA,MTNAZ25,D1,2025-09-09,1757376000,115.875,115.96875,115.609375,115.640625,0,0,567,2025-09-07/2025-09-13,2410
73,-65,MTNA,MTNAZ25,D1,2025-09-10,1757462400,115.65625,116.390625,115.59375,115.96875,3,0,448,2025-09-07/2025-09-13,2410
74,-64,MTNA,MTNAZ25,D1,2025-09-11,1757548800,115.984375,116.515625,115.953125,116.234375,0,0,639,2025-09-07/2025-09-13,2410
75,-63,MTNA,MTNAZ25,D1,2025-09-12,1757635200,116.1875,116.25,115.71875,115.84375,0,0,427,2025-09-07/2025-09-13,2410
76,-62,MTNA,MTNAZ25,D1,2025-09-14,1757808000,115.734375,115.734375,115.734375,115.734375,0,0,1,2025-09-14/2025-09-20,1209
77,-61,MTNA,MTNAZ25,D1,2025-09-15,1757894400,115.71875,116.15625,115.71875,116.109375,0,0,167,2025-09-14/2025-09-20,1209
78,-60,MTNA,MTNAZ25,D1,2025-09-16,1757980800,116.109375,116.265625,115.890625,116.1875,0,0,217,2025-09-14/2025-09-20,1209
79,-59,MTNA,MTNAZ25,D1,2025-09-17,1758067200,116.140625,116.859375,115.609375,115.6875,0,0,415,2025-09-14/2025-09-20,1209
80,-58,MTNA,MTNAZ25,D1,2025-09-18,1758153600,115.765625,116.03125,115.21875,115.421875,1,0,247,2025-09-14/2025-09-20,1209
81,-57,MTNA,MTNAZ25,D1,2025-09-19,1758240000,115.40625,115.484375,115.125,115.265625,0,0,162,2025-09-14/2025-09-20,1209
82,-56,MTNA,MTNAZ25,D1,2025-09-21,1758412800,115.265625,115.265625,115.21875,115.21875,0,0,3,2025-09-21/2025-09-27,1241
83,-55,MTNA,MTNAZ25,D1,2025-09-22,1758499200,115.15625,115.34375,115.046875,115.140625,1,0,303,2025-09-21/2025-09-27,1241
84,-54,MTNA,MTNAZ25,D1,2025-09-23,1758585600,115.140625,115.484375,115.09375,115.46875,1,0,223,2025-09-21/2025-09-27,1241
85,-53,MTNA,MTNAZ25,D1,2025-09-24,1758672000,115.484375,115.53125,115.0625,115.15625,0,0,271,2025-09-21/2025-09-27,1241
86,-52,MTNA,MTNAZ25,D1,2025-09-25,1758758400,115.171875,115.203125,114.640625,114.9375,1,0,332,2025-09-21/2025-09-27,1241
87,-51,MTNA,MTNAZ25,D1,2025-09-26,1758844800,114.859375,115.03125,114.65625,114.859375,0,0,109,2025-09-21/2025-09-27,1241
88,-50,MTNA,MTNAZ25,D1,2025-09-28,1759017600,114.875,114.890625,114.84375,114.890625,0,0,9,2025-09-28/2025-10-04,1823
89,-49,MTNA,MTNAZ25,D1,2025-09-29,1759104000,114.9375,115.1875,114.90625,115.171875,2,0,157,2025-09-28/2025-10-04,1823
90,-48,MTNA,MTNAZ25,D1,2025-09-30,1759190400,115.125,115.453125,115.0,115.03125,2,0,501,2025-09-28/2025-10-04,1823
91,-47,MTNA,MTNAZ25,D1,2025-10-01,1759276800,115.0,115.625,114.875,115.546875,0,0,615,2025-09-28/2025-10-04,1823
92,-46,MTNA,MTNAZ25,D1,2025-10-02,1759363200,115.5625,115.734375,115.296875,115.625,2,0,232,2025-09-28/2025-10-04,1823
93,-45,MTNA,MTNAZ25,D1,2025-10-03,1759449600,115.578125,115.734375,115.296875,115.328125,3,0,309,2025-09-28/2025-10-04,1823
94,-44,MTNA,MTNAZ25,D1,2025-10-05,1759622400,115.265625,115.265625,115.046875,115.125,0,0,12,2025-10-05/2025-10-11,1475
95,-43,MTNA,MTNAZ25,D1,2025-10-06,1759708800,115.140625,115.203125,114.90625,114.953125,0,0,211,2025-10-05/2025-10-11,1475
96,-42,MTNA,MTNAZ25,D1,2025-10-07,1759795200,115.015625,115.359375,114.796875,115.21875,0,0,283,2025-10-05/2025-10-11,1475
97,-41,MTNA,MTNAZ25,D1,2025-10-08,1759881600,115.1875,115.546875,115.171875,115.34375,0,0,444,2025-10-05/2025-10-11,1475
98,-40,MTNA,MTNAZ25,D1,2025-10-09,1759968000,115.421875,115.421875,115.03125,115.125,0,0,273,2025-10-05/2025-10-11,1475
99,-39,MTNA,MTNAZ25,D1,2025-10-10,1760054400,115.15625,116.078125,115.15625,116.078125,0,0,252,2025-10-05/2025-10-11,1475
100,-38,MTNA,MTNAZ25,D1,2025-10-12,1760227200,115.0,115.84375,114.546875,115.84375,0,0,28,2025-10-12/2025-10-18,1558
101,-37,MTNA,MTNAZ25,D1,2025-10-13,1760313600,115.71875,115.96875,115.65625,115.90625,1,0,111,2025-10-12/2025-10-18,1558
102,-36,MTNA,MTNAZ25,D1,2025-10-14,1760400000,115.828125,116.359375,115.828125,116.140625,0,0,380,2025-10-12/2025-10-18,1558
103,-35,MTNA,MTNAZ25,D1,2025-10-15,1760486400,116.171875,116.390625,115.96875,116.140625,1,0,331,2025-10-12/2025-10-18,1558
104,-34,MTNA,MTNAZ25,D1,2025-10-16,1760572800,116.21875,116.78125,115.953125,116.78125,0,0,494,2025-10-12/2025-10-18,1558
105,-33,MTNA,MTNAZ25,D1,2025-10-17,1760659200,116.78125,117.0,116.25,116.34375,0,0,214,2025-10-12/2025-10-18,1558
106,-32,MTNA,MTNAZ25,D1,2025-10-19,1760832000,116.265625,116.265625,116.203125,116.203125,0,0,2,2025-10-19/2025-10-25,1458
107,-31,MTNA,MTNAZ25,D1,2025-10-20,1760918400,116.25,116.59375,116.171875,116.578125,0,0,324,2025-10-19/2025-10-25,1458
108,-30,MTNA,MTNAZ25,D1,2025-10-21,1761004800,116.609375,117.078125,116.53125,116.8125,0,0,266,2025-10-19/2025-10-25,1458
109,-29,MTNA,MTNAZ25,D1,2025-10-22,1761091200,116.71875,116.984375,116.421875,116.875,0,0,249,2025-10-19/2025-10-25,1458
110,-28,MTNA,MTNAZ25,D1,2025-10-23,1761177600,116.890625,116.890625,116.359375,116.40625,0,0,391,2025-10-19/2025-10-25,1458
111,-27,MTNA,MTNAZ25,D1,2025-10-24,1761264000,116.4375,116.796875,116.265625,116.40625,0,0,226,2025-10-19/2025-10-25,1458
112,-26,MTNA,MTNAZ25,D1,2025-10-26,1761436800,116.34375,116.34375,116.15625,116.1875,0,0,3,2025-10-26/2025-11-01,1284
113,-25,MTNA,MTNAZ25,D1,2025-10-27,1761523200,116.21875,116.625,116.03125,116.5625,2,0,206,2025-10-26/2025-11-01,1284
114,-24,MTNA,MTNAZ25,D1,2025-10-28,1761609600,116.59375,116.703125,116.375,116.625,1,0,160,2025-10-26/2025-11-01,1284
115,-23,MTNA,MTNAZ25,D1,2025-10-29,1761696000,116.546875,116.546875,115.59375,115.6875,1,0,228,2025-10-26/2025-11-01,1284
116,-22,MTNA,MTNAZ25,D1,2025-10-30,1761782400,115.765625,115.84375,115.375,115.5,0,0,385,2025-10-26/2025-11-01,1284
117,-21,MTNA,MTNAZ25,D1,2025-10-31,1761868800,115.546875,115.6875,115.34375,115.65625,0,0,302,2025-10-26/2025-11-01,1284
118,-20,MTNA,MTNAZ25,D1,2025-11-02,1762041600,115.59375,115.59375,115.59375,115.59375,0,0,3,2025-11-02/2025-11-08,1211
119,-19,MTNA,MTNAZ25,D1,2025-11-03,1762128000,115.5625,115.625,115.296875,115.421875,0,0,283,2025-11-02/2025-11-08,1211
120,-18,MTNA,MTNAZ25,D1,2025-11-04,1762214400,115.46875,115.671875,115.46875,115.625,0,0,169,2025-11-02/2025-11-08,1211
121,-17,MTNA,MTNAZ25,D1,2025-11-05,1762300800,115.671875,115.90625,114.921875,114.953125,0,0,280,2025-11-02/2025-11-08,1211
122,-16,MTNA,MTNAZ25,D1,2025-11-06,1762387200,114.984375,115.6875,114.984375,115.625,0,0,224,2025-11-02/2025-11-08,1211
123,-15,MTNA,MTNAZ25,D1,2025-11-07,1762473600,115.5,115.78125,115.390625,115.53125,1,0,252,2025-11-02/2025-11-08,1211
124,-14,MTNA,MTNAZ25,D1,2025-11-09,1762646400,115.46875,115.46875,115.46875,115.46875,0,0,1,2025-11-09/2025-11-15,1219
125,-13,MTNA,MTNAZ25,D1,2025-11-10,1762732800,115.1875,115.5,115.09375,115.328125,0,0,154,2025-11-09/2025-11-15,1219
126,-12,MTNA,MTNAZ25,D1,2025-11-11,1762819200,115.34375,115.78125,115.328125,115.75,0,0,133,2025-11-09/2025-11-15,1219
127,-11,MTNA,MTNAZ25,D1,2025-11-12,1762905600,115.75,115.90625,115.59375,115.765625,0,0,188,2025-11-09/2025-11-15,1219
128,-10,MTNA,MTNAZ25,D1,2025-11-13,1762992000,115.640625,115.875,115.390625,115.40625,0,0,307,2025-11-09/2025-11-15,1219
129,-9,MTNA,MTNAZ25,D1,2025-11-14,1763078400,115.421875,115.9375,115.140625,115.140625,0,0,436,2025-11-09/2025-11-15,1219
130,-8,MTNA,MTNAZ25,D1,2025-11-17,1763337600,115.171875,115.453125,115.09375,115.25,1,0,224,2025-11-16/2025-11-22,1677
131,-7,MTNA,MTNAZ25,D1,2025-11-18,1763424000,115.328125,115.75,115.296875,115.484375,0,0,369,2025-11-16/2025-11-22,1677
132,-6,MTNA,MTNAZ25,D1,2025-11-19,1763510400,115.5,115.59375,115.21875,115.234375,0,0,374,2025-11-16/2025-11-22,1677
133,-5,MTNA,MTNAZ25,D1,2025-11-20,1763596800,115.203125,115.828125,114.75,115.765625,1,0,512,2025-11-16/2025-11-22,1677
134,-4,MTNA,MTNAZ25,D1,2025-11-21,1763683200,115.6875,116.21875,115.671875,115.953125,0,0,198,2025-11-16/2025-11-22,1677
135,-3,MTNA,MTNAZ25,D1,2025-11-23,1763856000,115.921875,115.921875,115.890625,115.90625,4,31250,7,2025-11-23/2025-11-29,911
136,-2,MTNA,MTNAZ25,D1,2025-11-24,1763942400,116.0,116.296875,115.96875,116.28125,101,15625,443,2025-11-23/2025-11-29,911
137,-1,MTNA,MTNAZ25,D1,2025-11-25,1764028800,116.3125,116.625,116.109375,116.53125,109,15625,276,2025-11-23/2025-11-29,911
138,0,MTNA,MTNAZ25,D1,2025-11-26,1764115200,116.515625,116.59375,116.3125,116.59375,27,15625,185,2025-11-23/2025-11-29,911
76,-23,MTNA,MTNAH26,D1,2025-11-27,1764201600,116.4375,116.46875,116.25,116.375,27,15625,53,2025-11-23/2025-11-29,703
77,-22,MTNA,MTNAH26,D1,2025-11-28,1764288000,116.328125,116.328125,116.015625,116.203125,75,15625,149,2025-11-23/2025-11-29,703
78,-21,MTNA,MTNAH26,D1,2025-11-30,1764460800,116.140625,116.140625,116.109375,116.109375,3,15625,46,2025-11-30/2025-12-06,1387
79,-20,MTNA,MTNAH26,D1,2025-12-01,1764547200,116.09375,116.109375,115.484375,115.546875,170,15625,553,2025-11-30/2025-12-06,1387
80,-19,MTNA,MTNAH26,D1,2025-12-02,1764633600,115.59375,115.640625,115.34375,115.5,136,15625,160,2025-11-30/2025-12-06,1387
81,-18,MTNA,MTNAH26,D1,2025-12-03,1764720000,115.671875,115.921875,115.578125,115.609375,142,15625,204,2025-11-30/2025-12-06,1387
82,-17,MTNA,MTNAH26,D1,2025-12-04,1764806400,115.609375,115.625,115.359375,115.4375,115,15625,142,2025-11-30/2025-12-06,1387
83,-16,MTNA,MTNAH26,D1,2025-12-05,1764892800,115.453125,115.515625,115.046875,115.125,198,15625,282,2025-11-30/2025-12-06,1387
84,-15,MTNA,MTNAH26,D1,2025-12-07,1765065600,115.3125,115.3125,115.0625,115.0625,2,46875,6,2025-12-07/2025-12-13,1254
85,-14,MTNA,MTNAH26,D1,2025-12-08,1765152000,115.140625,115.140625,114.59375,114.84375,184,15625,239,2025-12-07/2025-12-13,1254
86,-13,MTNA,MTNAH26,D1,2025-12-09,1765238400,114.8125,115.046875,114.578125,114.671875,182,15625,250,2025-12-07/2025-12-13,1254
87,-12,MTNA,MTNAH26,D1,2025-12-10,1765324800,114.6875,115.09375,114.453125,115.046875,203,15625,299,2025-12-07/2025-12-13,1254
88,-11,MTNA,MTNAH26,D1,2025-12-11,1765411200,115.09375,115.375,114.59375,114.90625,180,15625,220,2025-12-07/2025-12-13,1254
89,-10,MTNA,MTNAH26,D1,2025-12-12,1765497600,114.890625,114.9375,114.546875,114.625,166,15625,240,2025-12-07/2025-12-13,1254
90,-9,MTNA,MTNAH26,D1,2025-12-14,1765670400,114.5,114.671875,114.5,114.640625,6,31250,14,2025-12-14/2025-12-20,989
91,-8,MTNA,MTNAH26,D1,2025-12-15,1765756800,114.6875,114.953125,114.65625,114.765625,157,15625,169,2025-12-14/2025-12-20,989
92,-7,MTNA,MTNAH26,D1,2025-12-16,1765843200,114.796875,115.375,114.59375,115.015625,163,15625,192,2025-12-14/2025-12-20,989
93,-6,MTNA,MTNAH26,D1,2025-12-17,1765929600,114.953125,115.046875,114.71875,114.9375,142,15625,273,2025-12-14/2025-12-20,989
94,-5,MTNA,MTNAH26,D1,2025-12-18,1766016000,115.078125,115.359375,115.015625,115.25,156,15625,193,2025-12-14/2025-12-20,989
95,-4,MTNA,MTNAH26,D1,2025-12-19,1766102400,115.1875,115.234375,114.953125,115.015625,131,15625,148,2025-12-14/2025-12-20,989
96,-3,MTNA,MTNAH26,D1,2025-12-22,1766361600,114.8125,114.9375,114.796875,114.84375,88,15625,124,2025-12-21/2025-12-27,375
97,-2,MTNA,MTNAH26,D1,2025-12-23,1766448000,114.921875,115.0625,114.53125,114.828125,107,15625,126,2025-12-21/2025-12-27,375
98,-1,MTNA,MTNAH26,D1,2025-12-24,1766534400,114.890625,115.171875,114.8125,115.171875,50,15625,53,2025-12-21/2025-12-27,375
99,0,MTNA,MTNAH26,D1,2025-12-26,1766707200,115.0625,115.359375,115.0,115.21875,60,15625,72,2025-12-21/2025-12-27,375
