symbol,tf,datetime,time,open,high,low,close,tick_volume,spread,real_volume
WSP$D,D1,2021-01-11,1610323200,4525.0,4536.5,4504.25,4516.0,841,1,5270
WSP$D,D1,2021-01-12,1610409600,4528.5,4531.0,4495.75,4527.75,1034,1,4037
WSP$D,D1,2021-01-13,1610496000,4517.25,4540.25,4505.5,4535.75,943,1,5347
WSP$D,D1,2021-01-14,1610582400,4535.5,4543.25,4519.0,4519.0,568,1,3584
WSP$D,D1,2021-01-15,1610668800,4505.5,4508.25,4469.0,4483.25,842,1,6257
WSP$D,D1,2021-01-18,1610928000,4487.5,4496.25,4484.75,4494.25,260,1,1095
WSP$D,D1,2021-01-19,1611014400,4515.5,4522.75,4498.25,4507.75,823,1,3408
WSP$D,D1,2021-01-20,1611100800,4528.25,4577.25,4528.0,4576.75,4343,1,18690
WSP$D,D1,2021-01-21,1611187200,4581.75,4583.0,4561.75,4577.25,1847,1,7238
WSP$D,D1,2021-01-22,1611273600,4547.25,4569.5,4540.0,4563.25,1119,1,5129
WSP$D,D1,2021-01-26,1611619200,4574.0,4587.25,4565.0,4575.75,834,1,6190
WSP$D,D1,2021-01-27,1611705600,4542.75,4544.25,4449.5,4469.0,4478,1,18616
WSP$D,D1,2021-01-28,1611792000,4463.25,4547.25,4457.25,4510.25,4171,1,14448
WSP$D,D1,2021-01-29,1611878400,4483.0,4498.25,4412.25,4444.0,2855,1,15914
WSP$D,D1,2021-02-01,1612137600,4467.0,4501.25,4442.0,4499.25,1571,1,6910
WSP$D,D1,2021-02-02,1612224000,4518.25,4560.0,4518.25,4548.0,2216,1,9896
WSP$D,D1,2021-02-03,1612310400,4558.25,4564.5,4534.25,4553.25,998,1,4203
WSP$D,D1,2021-02-04,1612396800,4551.0,4583.25,4548.25,4583.25,1133,1,4388
WSP$D,D1,2021-02-05,1612483200,4608.25,4613.0,4592.75,4602.75,858,1,4632
WSP$D,D1,2021-02-08,1612742400,4615.5,4627.5,4612.25,4626.75,1098,1,3822
WSP$D,D1,2021-02-09,1612828800,4627.75,4635.75,4619.75,4631.5,650,1,2259
WSP$D,D1,2021-02-10,1612915200,4640.5,4651.75,4602.5,4628.25,1826,1,5734
WSP$D,D1,2021-02-11,1613001600,4638.25,4644.5,4609.25,4635.0,832,1,2992
WSP$D,D1,2021-02-12,1613088000,4629.25,4654.25,4623.0,4654.25,820,1,2995
WSP$D,D1,2021-02-17,1613520000,4645.0,4652.25,4623.0,4651.0,625,1,4230
WSP$D,D1,2021-02-18,1613606400,4637.5,4641.25,4599.25,4636.25,1428,1,6123
WSP$D,D1,2021-02-19,1613692800,4641.5,4654.0,4624.5,4630.25,1009,1,3169
WSP$D,D1,2021-02-22,1613952000,4597.75,4622.75,4590.75,4596.25,690,1,4617
WSP$D,D1,2021-02-23,1614038400,4586.25,4616.0,4529.75,4606.5,1658,1,9265
WSP$D,D1,2021-02-24,1614124800,4602.75,4648.25,4580.25,4641.75,1436,1,7043
WSP$D,D1,2021-02-25,1614211200,4636.5,4645.5,4534.75,4553.25,2900,1,19132
WSP$D,D1,2021-02-26,1614297600,4541.25,4581.25,4509.75,4553.25,1745,1,16082
WSP$D,D1,2021-03-01,1614556800,4568.25,4635.25,4567.25,4619.75,1284,1,7315
WSP$D,D1,2021-03-02,1614643200,4614.0,4626.5,4592.5,4596.25,1368,1,7019
WSP$D,D1,2021-03-03,1614729600,4615.0,4616.75,4544.75,4544.75,1442,1,12657
WSP$D,D1,2021-03-04,1614816000,4527.75,4565.0,4445.0,4489.0,3244,1,26235
WSP$D,D1,2021-03-05,1614902400,4495.5,4568.25,4451.5,4566.5,3455,1,20194
WSP$D,D1,2021-03-08,1615161600,4545.5,4601.5,4533.5,4551.5,1406,1,9048
WSP$D,D1,2021-03-09,1615248000,4583.5,4623.5,4573.25,4599.0,1491,1,9374
WSP$D,D1,2021-03-10,1615334400,4597.5,4638.25,4593.5,4618.25,1040,1,7120
WSP$D,D1,2021-03-11,1615420800,4646.25,4681.5,4640.5,4661.25,1032,1,7003
WSP$D,D1,2021-03-12,1615507200,4640.25,4666.0,4637.25,4663.75,777,1,4457
WSP$D,D1,2021-03-15,1615766400,4666.25,4693.0,4646.75,4687.25,651,1,3733
WSP$D,D1,2021-03-16,1615852800,4691.5,4703.0,4676.5,4692.75,1362,1,10009
WSP$D,D1,2021-03-17,1615939200,4670.5,4707.0,4659.0,4695.25,981,1,10861
WSP$D,D1,2021-03-18,1616025600,4673.25,4692.5,4633.75,4648.25,758,1,3114
WSP$D,D1,2021-03-19,1616112000,4652.5,4660.25,4611.75,4636.0,948,1,8406
WSP$D,D1,2021-03-22,1616371200,4644.25,4679.75,4640.0,4676.5,645,1,5972
WSP$D,D1,2021-03-23,1616457600,4651.75,4674.0,4627.0,4643.0,801,1,5811
WSP$D,D1,2021-03-24,1616544000,4647.5,4666.75,4613.25,4618.0,865,1,9822
WSP$D,D1,2021-03-25,1616630400,4600.25,4643.5,4579.25,4639.25,1799,1,11503
WSP$D,D1,2021-03-26,1616716800,4644.75,4701.25,4639.25,4698.25,1095,1,8332
WSP$D,D1,2021-03-29,1616976000,4682.75,4707.5,4665.75,4699.0,924,1,4535
WSP$D,D1,2021-03-30,1617062400,4681.0,4691.0,4667.75,4683.75,914,1,5694
WSP$D,D1,2021-03-31,1617148800,4687.0,4717.25,4685.75,4700.75,664,1,4111
WSP$D,D1,2021-04-01,1617235200,4716.5,4748.75,4715.5,4748.5,1051,1,5790
WSP$D,D1,2021-04-05,1617580800,4764.25,4807.0,4763.25,4804.5,1632,1,6146
WSP$D,D1,2021-04-06,1617667200,4796.75,4809.5,4791.75,4803.25,866,1,3860
WSP$D,D1,2021-04-07,1617753600,4799.5,4812.5,4792.25,4812.5,700,1,3782
WSP$D,D1,2021-04-08,1617840000,4816.75,4833.25,4808.25,4833.25,711,1,3066
WSP$D,D1,2021-04-09,1617926400,4830.5,4855.75,4817.0,4850.0,662,1,4227
WSP$D,D1,2021-04-12,1618185600,4847.0,4858.75,4841.75,4858.0,562,1,2066
WSP$D,D1,2021-04-13,1618272000,4844.5,4874.0,4843.25,4868.5,752,1,3180
WSP$D,D1,2021-04-14,1618358400,4874.5,4878.75,4848.75,4858.75,1524,1,4559
WSP$D,D1,2021-04-15,1618444800,4875.5,4901.0,4874.0,4898.0,779,1,3613
WSP$D,D1,2021-04-16,1618531200,4903.75,4918.5,4897.5,4910.5,698,1,3670
WSP$D,D1,2021-04-19,1618790400,4902.0,4906.25,4877.25,4893.25,1081,1,6283
WSP$D,D1,2021-04-20,1618876800,4877.25,4887.25,4846.5,4858.25,929,1,4939
WSP$D,D1,2021-04-22,1619049600,4894.25,4906.25,4850.75,4865.75,1489,1,10065
WSP$D,D1,2021-04-23,1619136000,4871.5,4920.5,4864.75,4905.5,979,1,4930
WSP$D,D1,2021-04-26,1619395200,4905.75,4918.75,4904.25,4915.75,595,1,3084
WSP$D,D1,2021-04-27,1619481600,4917.0,4919.25,4902.5,4915.0,558,1,2429
WSP$D,D1,2021-04-28,1619568000,4911.25,4927.0,4906.5,4925.25,829,1,4334
WSP$D,D1,2021-04-29,1619654400,4936.25,4944.25,4904.0,4940.5,1054,1,6105
WSP$D,D1,2021-04-30,1619740800,4920.75,4924.75,4902.0,4917.0,1070,1,11341
WSP$D,D1,2021-05-03,1620000000,4930.0,4936.75,4916.0,4916.5,644,1,3401
WSP$D,D1,2021-05-04,1620086400,4905.25,4905.25,4856.5,4896.75,1340,1,8803
WSP$D,D1,2021-05-05,1620172800,4908.25,4914.5,4888.75,4896.5,700,1,2981
WSP$D,D1,2021-05-06,1620259200,4899.75,4943.25,4877.0,4932.75,1218,1,4414
WSP$D,D1,2021-05-07,1620345600,4939.25,4970.0,4931.25,4962.0,1367,1,6867
WSP$D,D1,2021-05-10,1620604800,4963.0,4969.5,4913.0,4913.0,986,1,4416
WSP$D,D1,2021-05-11,1620691200,4878.75,4891.0,4839.25,4877.25,2542,1,15482
WSP$D,D1,2021-05-12,1620777600,4869.75,4870.75,4785.75,4785.75,3019,1,20290
WSP$D,D1,2021-05-13,1620864000,4795.75,4861.25,4794.75,4842.0,2225,1,13095
WSP$D,D1,2021-05-14,1620950400,4870.5,4911.75,4858.0,4905.75,1139,1,8025
WSP$D,D1,2021-05-17,1621209600,4884.5,4900.5,4871.75,4900.5,819,1,4803
WSP$D,D1,2021-05-18,1621296000,4899.0,4902.5,4848.75,4849.0,937,1,6791
WSP$D,D1,2021-05-19,1621382400,4813.75,4849.0,4790.75,4838.0,1881,1,13530
WSP$D,D1,2021-05-20,1621468800,4839.75,4902.25,4838.75,4888.25,1230,1,7036
WSP$D,D1,2021-05-21,1621555200,4906.0,4918.25,4882.75,4890.25,809,1,6375
WSP$D,D1,2021-05-24,1621814400,4903.75,4938.75,4903.75,4933.75,849,1,4432
WSP$D,D1,2021-05-25,1621900800,4940.75,4942.75,4912.25,4922.25,704,1,2701
WSP$D,D1,2021-05-26,1621987200,4929.75,4934.0,4913.5,4929.5,402,1,3610
WSP$D,D1,2021-05-27,1622073600,4924.75,4944.25,4918.75,4944.25,635,1,3191
WSP$D,D1,2021-05-28,1622160000,4945.75,4948.75,4935.25,4935.25,431,1,1663
WSP$D,D1,2021-05-31,1622419200,4936.75,4936.75,4921.0,4926.5,225,1,515
WSP$D,D1,2021-06-01,1622505600,4956.75,4962.25,4927.0,4930.75,738,1,3475
WSP$D,D1,2021-06-02,1622592000,4933.5,4946.75,4928.75,4944.25,570,1,3421
WSP$D,D1,2021-06-04,1622764800,4928.25,4964.5,4926.75,4960.25,564,1,3683
WSP$D,D1,2021-06-07,1623024000,4960.75,4965.75,4948.25,4964.5,737,1,3165
WSP$D,D1,2021-06-08,1623110400,4965.0,4969.5,4938.75,4957.75,467,1,3042
WSP$D,D1,2021-06-09,1623196800,4965.75,4967.75,4948.75,4953.5,362,1,2129
WSP$D,D1,2021-06-10,1623283200,4950.75,4980.25,4939.75,4970.75,778,1,5078
WSP$D,D1,2021-06-11,1623369600,4975.75,4979.0,4961.75,4976.5,390,1,2009
WSP$D,D1,2021-06-14,1623628800,4975.5,4988.25,4965.0,4987.0,476,1,2177
WSP$D,D1,2021-06-15,1623715200,4988.0,4993.0,4968.75,4978.25,927,1,13580
WSP$D,D1,2021-06-16,1623801600,4975.75,4980.75,4930.0,4951.5,797,1,4826
WSP$D,D1,2021-06-17,1623888000,4938.0,4962.5,4926.5,4956.0,750,1,5546
WSP$D,D1,2021-06-18,1623974400,4937.5,4938.25,4878.5,4878.5,1254,1,8909
WSP$D,D1,2021-06-21,1624233600,4903.5,4957.0,4893.0,4956.25,1253,1,5637
WSP$D,D1,2021-06-22,1624320000,4958.25,4983.25,4944.25,4981.25,987,1,8446
WSP$D,D1,2021-06-23,1624406400,4974.75,4982.25,4967.5,4973.75,542,1,3409
WSP$D,D1,2021-06-24,1624492800,4988.0,5001.0,4986.25,5001.0,473,1,2062
WSP$D,D1,2021-06-25,1624579200,4996.5,5013.75,4995.75,5009.25,507,1,4056
WSP$D,D1,2021-06-28,1624838400,5008.25,5021.25,5002.75,5021.25,496,1,3043
WSP$D,D1,2021-06-29,1624924800,5014.75,5028.0,5014.5,5019.5,453,1,2231
WSP$D,D1,2021-06-30,1625011200,5017.75,5032.25,5013.25,5030.75,460,1,2152
WSP$D,D1,2021-07-01,1625097600,5033.25,5048.75,5030.25,5045.75,602,1,3041
WSP$D,D1,2021-07-02,1625184000,5051.75,5083.75,5050.5,5077.25,752,1,4307
WSP$D,D1,2021-07-05,1625443200,5079.0,5083.75,5071.25,5073.75,283,1,644
WSP$D,D1,2021-07-06,1625529600,5077.75,5081.75,5042.75,5065.75,1391,1,8639
WSP$D,D1,2021-07-07,1625616000,5079.75,5090.5,5057.25,5085.5,782,1,4363
WSP$D,D1,2021-07-08,1625702400,5028.25,5059.5,5016.25,5050.25,1519,1,11624
WSP$D,D1,2021-07-12,1626048000,5088.0,5115.75,5085.25,5115.5,708,1,2827
WSP$D,D1,2021-07-13,1626134400,5114.0,5120.0,5093.5,5099.25,891,1,4331
WSP$D,D1,2021-07-14,1626220800,5103.25,5121.0,5092.0,5109.0,659,1,3716
WSP$D,D1,2021-07-15,1626307200,5090.5,5097.25,5070.25,5073.0,632,1,3716
WSP$D,D1,2021-07-16,1626393600,5093.75,5104.5,5051.25,5058.25,714,1,3319
WSP$D,D1,2021-07-19,1626652800,5010.0,5012.0,4959.5,4996.25,2335,1,10708
WSP$D,D1,2021-07-20,1626739200,5010.5,5064.75,4989.25,5051.75,1435,1,6878
WSP$D,D1,2021-07-21,1626825600,5053.75,5089.25,5053.25,5089.25,780,1,3439
WSP$D,D1,2021-07-22,1626912000,5092.5,5106.0,5077.25,5106.0,653,1,3163
WSP$D,D1,2021-07-23,1626998400,5113.5,5143.5,5108.75,5135.25,1441,1,6106
WSP$D,D1,2021-07-26,1627257600,5131.25,5152.25,5126.25,5149.75,607,1,3122
WSP$D,D1,2021-07-27,1627344000,5145.25,5147.25,5100.25,5125.5,1647,1,8713
WSP$D,D1,2021-07-28,1627430400,5130.5,5143.75,5116.25,5128.75,957,1,6341
WSP$D,D1,2021-07-29,1627516800,5136.25,5158.0,5130.25,5132.75,916,1,4801
WSP$D,D1,2021-07-30,1627603200,5120.25,5140.5,5107.25,5129.25,1164,1,7754
WSP$D,D1,2021-08-02,1627862400,5145.0,5149.25,5112.5,5123.75,682,1,4868
WSP$D,D1,2021-08-03,1627948800,5131.25,5151.5,5100.25,5146.25,1022,1,6171
WSP$D,D1,2021-08-04,1628035200,5141.25,5143.75,5126.25,5135.0,889,1,5412
WSP$D,D1,2021-08-05,1628121600,5141.25,5157.0,5137.25,5156.5,813,1,3739
WSP$D,D1,2021-08-06,1628208000,5158.25,5167.25,5152.25,5166.75,740,1,4736
WSP$D,D1,2021-08-09,1628467200,5158.5,5166.25,5152.75,5154.0,441,1,2180
WSP$D,D1,2021-08-10,1628553600,5160.75,5172.75,5158.0,5165.0,730,1,4499
WSP$D,D1,2021-08-11,1628640000,5161.5,5183.75,5159.25,5178.75,829,1,7658
WSP$D,D1,2021-08-12,1628726400,5177.75,5190.5,5165.25,5190.5,781,1,4181
WSP$D,D1,2021-08-13,1628812800,5190.75,5198.0,5189.0,5198.0,592,1,3215
WSP$D,D1,2021-08-16,1629072000,5185.0,5210.75,5167.0,5207.75,1203,1,5549
WSP$D,D1,2021-08-17,1629158400,5189.75,5190.75,5146.25,5173.25,1720,1,13280
WSP$D,D1,2021-08-18,1629244800,5175.0,5182.5,5114.75,5120.25,1091,1,10393
WSP$D,D1,2021-08-19,1629331200,5089.0,5147.75,5084.0,5134.25,1455,1,9792
WSP$D,D1,2021-08-20,1629417600,5117.75,5176.25,5116.5,5176.25,922,1,4859
WSP$D,D1,2021-08-23,1629676800,5186.0,5217.5,5183.0,5216.0,1046,1,5930
WSP$D,D1,2021-08-24,1629763200,5215.25,5221.25,5210.0,5218.25,477,1,1572
WSP$D,D1,2021-08-25,1629849600,5213.75,5231.5,5212.75,5224.75,577,1,2241
WSP$D,D1,2021-08-26,1629936000,5225.0,5226.75,5198.0,5204.25,808,1,15381
WSP$D,D1,2021-08-27,1630022400,5209.0,5259.25,5207.75,5241.0,1081,1,7090
WSP$D,D1,2021-08-30,1630281600,5241.25,5271.25,5241.25,5264.75,780,1,4457
WSP$D,D1,2021-08-31,1630368000,5258.75,5264.0,5245.5,5264.0,951,1,3788
WSP$D,D1,2021-09-01,1630454400,5269.0,5271.25,5253.25,5254.25,534,1,2394
WSP$D,D1,2021-09-02,1630540800,5261.25,5276.25,5256.25,5271.5,624,1,2614
WSP$D,D1,2021-09-03,1630627200,5273.75,5281.75,5251.5,5272.75,545,1,2983
WSP$D,D1,2021-09-06,1630886400,5276.25,5281.0,5275.0,5278.5,221,1,640
WSP$D,D1,2021-09-08,1631059200,5250.75,5256.0,5224.75,5241.25,892,1,9666
WSP$D,D1,2021-09-09,1631145600,5242.5,5259.75,5219.75,5225.5,724,1,6674
WSP$D,D1,2021-09-10,1631232000,5242.75,5249.0,5187.75,5198.25,763,1,5210
WSP$D,D1,2021-09-13,1631491200,5212.5,5224.5,5176.25,5206.25,1146,1,20350
WSP$D,D1,2021-09-14,1631577600,5195.75,5219.75,5166.75,5177.5,931,1,6033
WSP$D,D1,2021-09-15,1631664000,5177.75,5218.75,5169.5,5218.75,597,1,3325
WSP$D,D1,2021-09-16,1631750400,5203.5,5216.75,5174.75,5204.75,722,1,5566
WSP$D,D1,2021-09-17,1631836800,5199.75,5209.5,5151.75,5156.0,1252,1,9051
WSP$D,D1,2021-09-20,1632096000,5096.25,5115.75,5037.75,5083.0,2240,1,16376
WSP$D,D1,2021-09-21,1632182400,5123.75,5130.75,5074.0,5086.25,1338,1,7503
WSP$D,D1,2021-09-22,1632268800,5108.25,5148.5,5099.25,5129.0,1307,1,7822
WSP$D,D1,2021-09-23,1632355200,5150.25,5196.0,5138.0,5183.0,1397,1,7198
WSP$D,D1,2021-09-24,1632441600,5162.25,5195.0,5153.0,5187.5,1269,1,6322
WSP$D,D1,2021-09-27,1632700800,5184.75,5188.5,5167.0,5170.5,620,1,4490
WSP$D,D1,2021-09-28,1632787200,5147.75,5151.25,5077.75,5089.0,2252,1,12925
WSP$D,D1,2021-09-29,1632873600,5108.25,5116.75,5085.75,5101.0,1167,1,5981
WSP$D,D1,2021-09-30,1632960000,5108.75,5115.0,5037.75,5040.0,1884,1,12481
WSP$D,D1,2021-10-01,1633046400,5053.75,5106.5,5019.5,5094.0,2240,1,14792
WSP$D,D1,2021-10-04,1633305600,5069.25,5086.75,5010.75,5038.5,1729,1,10256
WSP$D,D1,2021-10-05,1633392000,5052.5,5100.5,5041.0,5079.0,1365,1,6591
WSP$D,D1,2021-10-06,1633478400,5032.5,5099.0,5021.75,5096.5,1606,1,7967
WSP$D,D1,2021-10-07,1633564800,5134.5,5161.0,5127.25,5133.0,1261,1,6108
WSP$D,D1,2021-10-08,1633651200,5136.5,5149.5,5117.25,5124.25,1559,1,9027
WSP$D,D1,2021-10-11,1633910400,5106.5,5148.75,5085.5,5090.0,802,1,3932
WSP$D,D1,2021-10-13,1634083200,5090.25,5104.75,5060.5,5095.75,1197,1,4848
WSP$D,D1,2021-10-14,1634169600,5133.0,5179.0,5131.0,5178.5,1159,1,6254
WSP$D,D1,2021-10-15,1634256000,5186.5,5214.0,5183.25,5214.0,779,1,3186
WSP$D,D1,2021-10-18,1634515200,5188.75,5221.5,5179.25,5218.75,1120,1,5085
WSP$D,D1,2021-10-19,1634601600,5240.25,5259.5,5230.0,5255.0,1095,1,5277
WSP$D,D1,2021-10-20,1634688000,5249.5,5274.0,5249.5,5263.5,674,1,3196
WSP$D,D1,2021-10-21,1634774400,5257.25,5285.0,5256.5,5272.75,887,1,5236
WSP$D,D1,2021-10-22,1634860800,5286.5,5292.5,5257.0,5266.5,772,1,3388
WSP$D,D1,2021-10-25,1635120000,5285.0,5308.75,5270.0,5308.75,591,1,2744
WSP$D,D1,2021-10-26,1635206400,5316.0,5331.0,5303.0,5308.25,1183,1,6164
WSP$D,D1,2021-10-27,1635292800,5303.0,5317.25,5285.0,5294.25,606,1,2726
WSP$D,D1,2021-10-28,1635379200,5299.0,5344.0,5296.75,5319.0,1050,1,5930
WSP$D,D1,2021-10-29,1635465600,5309.0,5344.0,5300.5,5343.0,781,1,4013
WSP$D,D1,2021-11-01,1635724800,5354.0,5357.25,5324.0,5345.5,621,1,2724
WSP$D,D1,2021-11-03,1635897600,5360.0,5398.0,5354.0,5398.0,999,1,6090
WSP$D,D1,2021-11-04,1635984000,5395.75,5417.0,5395.5,5411.25,842,1,4352
WSP$D,D1,2021-11-05,1636070400,5422.75,5452.75,5415.5,5428.0,1412,1,6665
WSP$D,D1,2021-11-08,1636329600,5435.0,5447.5,5428.5,5435.25,730,1,2676
WSP$D,D1,2021-11-09,1636416000,5436.5,5441.5,5405.0,5419.25,1302,1,8277
WSP$D,D1,2021-11-10,1636502400,5405.75,5419.25,5366.25,5385.0,1526,1,15825
WSP$D,D1,2021-11-11,1636588800,5399.5,5403.0,5384.75,5388.0,641,1,2917
WSP$D,D1,2021-11-12,1636675200,5395.0,5425.25,5387.75,5420.25,629,1,4998
WSP$D,D1,2021-11-16,1637020800,5421.25,5451.75,5416.0,5441.0,815,1,4918
WSP$D,D1,2021-11-17,1637107200,5437.25,5439.25,5421.5,5430.0,1141,1,5416
WSP$D,D1,2021-11-18,1637193600,5441.25,5446.25,5410.5,5443.25,1001,1,3960
WSP$D,D1,2021-11-19,1637280000,5431.5,5455.0,5426.0,5435.0,1029,1,4181
WSP$D,D1,2021-11-22,1637539200,5449.25,5481.75,5437.25,5437.25,1225,1,5573
WSP$D,D1,2021-11-23,1637625600,5420.0,5436.5,5391.5,5427.25,1260,1,6189
WSP$D,D1,2021-11-24,1637712000,5417.75,5444.0,5397.75,5444.0,785,1,4003
WSP$D,D1,2021-11-25,1637798400,5450.5,5459.75,5429.25,5453.75,282,1,1454
WSP$D,D1,2021-11-26,1637884800,5359.0,5384.75,5300.25,5314.75,2114,1,12034
WSP$D,D1,2021-11-29,1638144000,5371.5,5410.5,5362.75,5397.75,1281,1,6083
WSP$D,D1,2021-11-30,1638230400,5348.0,5384.75,5303.0,5308.0,1859,1,9925
WSP$D,D1,2021-12-01,1638316800,5359.0,5390.25,5234.75,5234.75,2379,1,11624
WSP$D,D1,2021-12-02,1638403200,5274.25,5333.25,5242.75,5322.0,2308,1,12000
WSP$D,D1,2021-12-03,1638489600,5314.0,5345.25,5232.0,5270.0,2412,1,14146
WSP$D,D1,2021-12-06,1638748800,5294.25,5350.75,5278.5,5336.75,1361,1,9939
WSP$D,D1,2021-12-07,1638835200,5389.5,5431.5,5381.75,5417.75,1353,1,8819
WSP$D,D1,2021-12-08,1638921600,5444.0,5449.0,5411.5,5439.5,1242,1,5523
WSP$D,D1,2021-12-09,1639008000,5423.75,5433.75,5404.25,5404.25,1287,1,7544
WSP$D,D1,2021-12-10,1639094400,5424.75,5445.25,5408.75,5444.0,1100,1,15415
WSP$D,D1,2021-12-13,1639353600,5463.5,5463.5,5410.0,5411.0,1062,1,6261
WSP$D,D1,2021-12-14,1639440000,5394.5,5404.0,5345.75,5366.75,2597,1,11237
WSP$D,D1,2021-12-15,1639526400,5373.25,5446.5,5349.25,5446.5,1332,1,5142
WSP$D,D1,2021-12-16,1639612800,5484.25,5484.25,5391.5,5411.5,1804,1,5546
WSP$D,D1,2021-12-17,1639699200,5398.25,5407.25,5340.25,5370.0,1166,1,8553
WSP$D,D1,2021-12-20,1639958400,5311.0,5317.5,5272.0,5294.25,2435,1,9720
WSP$D,D1,2021-12-21,1640044800,5351.25,5388.25,5322.75,5386.25,1570,1,5252
WSP$D,D1,2021-12-22,1640131200,5392.25,5437.25,5376.5,5437.25,1592,1,7379
WSP$D,D1,2021-12-23,1640217600,5447.25,5478.75,5442.25,5478.75,1960,1,9905
WSP$D,D1,2021-12-27,1640563200,5474.75,5534.25,5474.25,5534.25,1789,1,9496
WSP$D,D1,2021-12-28,1640649600,5539.0,5550.75,5522.25,5531.5,1207,1,4374
WSP$D,D1,2021-12-29,1640736000,5531.25,5544.0,5520.75,5538.75,837,1,3771
WSP$D,D1,2021-12-30,1640822400,5542.25,5551.25,5530.25,5530.25,629,1,3099
WSP$D,D1,2022-01-03,1641168000,5539.25,5544.0,5492.75,5517.25,1388,1,5701
WSP$D,D1,2022-01-04,1641254400,5546.75,5551.25,5508.25,5530.75,810,1,3312
WSP$D,D1,2022-01-05,1641340800,5527.25,5530.25,5441.25,5441.25,1770,1,12954
WSP$D,D1,2022-01-06,1641427200,5438.5,5456.25,5403.25,5427.25,1418,1,15795
WSP$D,D1,2022-01-07,1641513600,5434.75,5440.25,5393.75,5413.5,1133,1,8555
WSP$D,D1,2022-01-10,1641772800,5406.0,5406.0,5314.25,5390.75,2590,1,16031
WSP$D,D1,2022-01-11,1641859200,5415.25,5444.75,5367.25,5444.75,1690,1,7967
WSP$D,D1,2022-01-12,1641945600,5447.25,5478.25,5437.25,5461.5,1532,1,10584
WSP$D,D1,2022-01-13,1642032000,5456.5,5475.25,5388.25,5388.25,1388,1,10076
WSP$D,D1,2022-01-14,1642118400,5392.0,5398.25,5345.75,5398.25,1952,1,9310
WSP$D,D1,2022-01-17,1642377600,5402.25,5404.75,5382.5,5399.25,352,1,922
WSP$D,D1,2022-01-18,1642464000,5344.5,5353.75,5301.75,5303.25,2020,1,8964
WSP$D,D1,2022-01-19,1642550400,5320.5,5341.25,5264.0,5264.0,2100,1,8786
WSP$D,D1,2022-01-20,1642636800,5285.25,5333.5,5214.5,5214.5,2535,1,8226
WSP$D,D1,2022-01-21,1642723200,5198.75,5225.25,5126.5,5145.25,4091,1,15995
WSP$D,D1,2022-01-24,1642982400,5128.5,5142.25,4955.5,5142.25,11044,1,36477
WSP$D,D1,2022-01-25,1643068800,5089.0,5142.75,5017.25,5088.5,6848,1,20123
WSP$D,D1,2022-01-26,1643155200,5149.75,5185.25,5036.0,5077.75,3510,1,14854
WSP$D,D1,2022-01-27,1643241600,5087.5,5159.25,5038.25,5057.25,3397,1,13573
WSP$D,D1,2022-01-28,1643328000,5043.5,5154.0,5000.25,5154.0,4859,1,17633
WSP$D,D1,2022-01-31,1643587200,5151.0,5238.75,5134.75,5238.75,2058,1,14723
WSP$D,D1,2022-02-01,1643673600,5231.5,5277.75,5214.0,5277.75,1833,1,9036
WSP$D,D1,2022-02-02,1643760000,5306.5,5322.5,5273.75,5315.75,2246,1,13939
WSP$D,D1,2022-02-03,1643846400,5266.0,5279.5,5212.25,5212.25,2134,1,10281
WSP$D,D1,2022-02-04,1643932800,5201.25,5269.25,5177.25,5236.0,2185,1,10338
WSP$D,D1,2022-02-07,1644192000,5228.75,5252.25,5205.75,5205.75,1386,1,7640
WSP$D,D1,2022-02-08,1644278400,5207.75,5253.75,5194.25,5251.25,1400,1,8282
WSP$D,D1,2022-02-09,1644364800,5284.5,5320.75,5283.75,5310.5,1883,1,10652
WSP$D,D1,2022-02-10,1644451200,5307.75,5320.75,5224.25,5234.0,5166,1,16192
WSP$D,D1,2022-02-11,1644537600,5214.25,5258.0,5103.25,5146.25,3715,1,18008
WSP$D,D1,2022-02-14,1644796800,5113.25,5158.25,5094.25,5137.25,2179,1,9119
WSP$D,D1,2022-02-15,1644883200,5196.25,5205.25,5173.75,5200.25,1430,1,5466
WSP$D,D1,2022-02-16,1644969600,5197.25,5217.75,5162.25,5215.75,1883,1,6215
WSP$D,D1,2022-02-17,1645056000,5187.25,5201.25,5108.0,5108.0,3027,1,9961
WSP$D,D1,2022-02-18,1645142400,5128.25,5137.25,5058.75,5083.25,2865,1,11225
WSP$D,D1,2022-02-21,1645401600,5072.25,5072.25,5015.75,5021.5,1869,1,6456
WSP$D,D1,2022-02-22,1645488000,5063.0,5096.25,5002.25,5047.25,4707,1,14960
WSP$D,D1,2022-02-23,1645574400,5057.25,5074.25,4957.25,4957.25,2790,1,8880
WSP$D,D1,2022-02-24,1645660800,4866.0,5014.5,4841.0,5014.5,3483,1,16217
WSP$D,D1,2022-02-25,1645747200,4997.25,5116.25,4990.75,5108.75,2533,1,10622
WSP$D,D1,2022-03-02,1646179200,5099.5,5134.0,5099.5,5118.5,1061,1,4263
WSP$D,D1,2022-03-03,1646265600,5111.75,5155.25,5079.75,5090.75,2546,1,8304
WSP$D,D1,2022-03-04,1646352000,5059.75,5083.25,5019.75,5062.25,3519,1,10979
WSP$D,D1,2022-03-07,1646611200,5017.25,5062.25,4934.0,4934.0,3015,1,10547
WSP$D,D1,2022-03-08,1646697600,4953.25,5010.0,4892.25,4900.5,4487,1,15409
WSP$D,D1,2022-03-09,1646784000,4966.0,5034.75,4964.75,5015.75,4410,1,10942
WSP$D,D1,2022-03-10,1646870400,4975.25,4999.25,4943.75,4989.25,2646,1,7471
WSP$D,D1,2022-03-11,1646956800,5050.25,5056.0,4945.75,4945.75,1758,1,9559
WSP$D,D1,2022-03-14,1647216000,4946.25,4987.25,4898.0,4920.0,2715,1,9080
WSP$D,D1,2022-03-15,1647302400,4916.25,5007.75,4910.25,4994.5,2393,1,9193
WSP$D,D1,2022-03-16,1647388800,5053.5,5113.75,4988.75,5107.5,3002,1,12170
WSP$D,D1,2022-03-17,1647475200,5084.75,5151.5,5071.5,5126.75,1633,1,6213
WSP$D,D1,2022-03-18,1647561600,5110.0,5230.0,5107.0,5230.0,3454,1,13419
WSP$D,D1,2022-03-21,1647820800,5200.75,5210.0,5151.5,5198.0,2345,1,9112
WSP$D,D1,2022-03-22,1647907200,5200.0,5250.0,5196.5,5245.0,2555,1,10465
WSP$D,D1,2022-03-23,1647993600,5223.0,5229.5,5180.25,5185.25,1749,1,8003
WSP$D,D1,2022-03-24,1648080000,5202.25,5255.0,5192.75,5255.0,1710,1,7455
WSP$D,D1,2022-03-25,1648166400,5266.0,5275.0,5229.25,5275.0,2139,1,8790
WSP$D,D1,2022-03-28,1648425600,5283.0,5308.5,5247.0,5303.25,1071,1,4148
WSP$D,D1,2022-03-29,1648512000,5329.25,5375.0,5319.25,5355.5,3123,1,16273
WSP$D,D1,2022-03-30,1648598400,5351.25,5358.0,5312.0,5336.5,1133,1,7233
WSP$D,D1,2022-03-31,1648684800,5333.25,5337.5,5264.75,5277.0,1014,1,6534
WSP$D,D1,2022-04-01,1648771200,5288.75,5290.0,5238.5,5274.25,2384,1,7597
WSP$D,D1,2022-04-04,1649030400,5287.0,5316.75,5270.0,5312.0,997,1,6358
WSP$D,D1,2022-04-05,1649116800,5308.5,5324.0,5244.5,5256.25,1494,1,9980
WSP$D,D1,2022-04-06,1649203200,5212.5,5237.25,5182.5,5210.75,1875,1,12267
WSP$D,D1,2022-04-07,1649289600,5218.5,5251.25,5181.5,5230.75,1772,1,8403
WSP$D,D1,2022-04-08,1649376000,5247.5,5251.0,5204.75,5230.25,1381,1,6795
WSP$D,D1,2022-04-11,1649635200,5191.75,5196.25,5140.75,5146.5,1878,1,6621
WSP$D,D1,2022-04-12,1649721600,5150.25,5204.0,5114.0,5134.5,2813,1,15672
WSP$D,D1,2022-04-13,1649808000,5137.0,5185.0,5121.5,5175.25,1810,1,9854
WSP$D,D1,2022-04-14,1649894400,5172.5,5190.25,5122.5,5123.5,2677,1,12073
WSP$D,D1,2022-04-18,1650240000,5113.0,5142.75,5102.5,5139.0,1280,1,4376
WSP$D,D1,2022-04-19,1650326400,5125.25,5204.75,5115.25,5177.0,2978,1,12557
WSP$D,D1,2022-04-20,1650412800,5211.0,5221.75,5180.0,5206.5,1948,1,7545
WSP$D,D1,2022-04-22,1650585600,5123.25,5129.0,4984.75,4988.75,3368,1,14314
WSP$D,D1,2022-04-25,1650844800,4971.0,5032.25,4931.75,5029.25,2889,1,13644
WSP$D,D1,2022-04-26,1650931200,5016.75,5016.75,4872.75,4876.0,4251,1,14939
WSP$D,D1,2022-04-27,1651017600,4921.5,4972.25,4893.75,4950.5,2675,1,10352
WSP$D,D1,2022-04-28,1651104000,4975.0,5039.0,4919.0,4993.5,2596,1,16028
WSP$D,D1,2022-04-29,1651190400,4978.0,5001.25,4856.0,4868.75,2716,1,17436
WSP$D,D1,2022-05-02,1651449600,4851.0,4901.0,4793.0,4875.0,3535,1,21031
WSP$D,D1,2022-05-03,1651536000,4879.0,4930.0,4875.5,4910.0,1969,1,11497
WSP$D,D1,2022-05-04,1651622400,4922.25,5038.25,4879.25,5022.25,5234,1,27503
WSP$D,D1,2022-05-05,1651708800,5005.0,5011.0,4837.25,4895.0,5568,1,25090
WSP$D,D1,2022-05-06,1651795200,4859.0,4889.0,4799.0,4846.0,3317,1,19182
WSP$D,D1,2022-05-09,1652054400,4789.0,4805.0,4706.75,4748.0,3822,1,20545
WSP$D,D1,2022-05-10,1652140800,4751.0,4801.0,4690.5,4732.0,3437,1,17940
WSP$D,D1,2022-05-11,1652227200,4778.25,4782.0,4660.75,4675.25,4334,1,24692
WSP$D,D1,2022-05-12,1652313600,4628.75,4696.75,4591.75,4646.75,4323,1,20693
WSP$D,D1,2022-05-13,1652400000,4720.5,4771.0,4697.25,4754.0,2110,1,11248
WSP$D,D1,2022-05-16,1652659200,4745.0,4779.25,4715.5,4738.75,1867,1,11969
WSP$D,D1,2022-05-17,1652745600,4796.25,4827.75,4766.0,4827.0,3414,1,24123
WSP$D,D1,2022-05-18,1652832000,4789.0,4798.25,4641.75,4651.0,5649,1,26810
WSP$D,D1,2022-05-19,1652918400,4630.0,4680.0,4608.75,4638.0,6802,1,25880
WSP$D,D1,2022-05-20,1653004800,4677.0,4681.0,4545.0,4640.25,6442,1,23405
WSP$D,D1,2022-05-23,1653264000,4671.25,4719.5,4642.0,4714.0,3997,1,13433
WSP$D,D1,2022-05-24,1653350400,4665.25,4690.0,4609.75,4687.5,3198,1,18491
WSP$D,D1,2022-05-25,1653436800,4660.0,4733.5,4650.0,4701.25,2498,1,13786
WSP$D,D1,2022-05-26,1653523200,4735.0,4809.0,4723.0,4790.0,3645,1,16070
WSP$D,D1,2022-05-27,1653609600,4793.25,4903.25,4793.25,4903.0,2605,1,13762
WSP$D,D1,2022-05-30,1653868800,4919.0,4920.75,4880.0,4889.0,1256,1,5850
WSP$D,D1,2022-05-31,1653955200,4875.0,4902.0,4838.25,4866.0,2225,1,14765
WSP$D,D1,2022-06-01,1654041600,4876.25,4899.0,4807.0,4831.75,1985,1,15107
WSP$D,D1,2022-06-02,1654128000,4855.0,4915.0,4807.25,4910.0,2303,1,12568
WSP$D,D1,2022-06-03,1654214400,4880.0,4897.0,4832.25,4848.25,2107,1,12399
WSP$D,D1,2022-06-06,1654473600,4885.75,4903.5,4842.0,4854.25,1891,1,11319
WSP$D,D1,2022-06-07,1654560000,4823.75,4898.5,4812.25,4889.0,1777,1,7138
WSP$D,D1,2022-06-08,1654646400,4883.0,4895.0,4840.5,4846.25,1409,1,6968
WSP$D,D1,2022-06-09,1654732800,4858.75,4860.25,4750.0,4757.5,1946,1,12967
WSP$D,D1,2022-06-10,1654819200,4749.75,4758.5,4629.5,4636.75,3311,1,19278
WSP$D,D1,2022-06-13,1655078400,4543.0,4554.0,4468.5,4470.5,2965,1,14283
WSP$D,D1,2022-06-14,1655164800,4487.25,4520.0,4441.0,4477.0,2492,1,13096
WSP$D,D1,2022-06-15,1655251200,4505.0,4573.0,4458.5,4535.0,1556,1,10350
WSP$D,D1,2022-06-17,1655424000,4445.0,4450.25,4377.75,4420.25,3328,1,13999
WSP$D,D1,2022-06-20,1655683200,4440.0,4461.75,4415.0,4415.0,1249,1,4585
WSP$D,D1,2022-06-21,1655769600,4464.5,4520.75,4462.0,4510.0,2017,1,8594
WSP$D,D1,2022-06-22,1655856000,4451.75,4543.0,4440.25,4497.5,3009,1,13303
WSP$D,D1,2022-06-23,1655942400,4528.75,4543.0,4482.75,4517.75,2273,1,8190
WSP$D,D1,2022-06-24,1656028800,4562.75,4655.0,4559.75,4646.0,3496,1,13939
WSP$D,D1,2022-06-27,1656288000,4668.75,4670.25,4629.0,4645.0,2419,1,7938
WSP$D,D1,2022-06-28,1656374400,4662.0,4686.5,4557.5,4562.0,3359,1,9911
WSP$D,D1,2022-06-29,1656460800,4569.75,4577.25,4537.0,4556.0,2699,1,7871
WSP$D,D1,2022-06-30,1656547200,4503.0,4557.75,4479.0,4517.75,2786,1,11631
WSP$D,D1,2022-07-01,1656633600,4501.75,4568.75,4490.0,4562.5,1997,1,11439
WSP$D,D1,2022-07-04,1656892800,4553.0,4557.5,4531.0,4539.0,614,1,1839
WSP$D,D1,2022-07-05,1656979200,4530.5,4571.5,4481.25,4568.75,2863,1,17944
WSP$D,D1,2022-07-06,1657065600,4555.0,4610.0,4547.25,4587.25,2068,1,12412
WSP$D,D1,2022-07-07,1657152000,4598.75,4648.75,4595.0,4632.0,1295,1,7087
WSP$D,D1,2022-07-08,1657238400,4635.0,4656.75,4605.0,4640.5,2314,1,12762
WSP$D,D1,2022-07-11,1657497600,4610.75,4618.75,4585.75,4594.75,1998,1,12183
WSP$D,D1,2022-07-12,1657584000,4573.0,4611.25,4540.75,4557.75,1977,1,8397
WSP$D,D1,2022-07-13,1657670400,4570.25,4605.25,4486.75,4533.75,3632,1,17104
WSP$D,D1,2022-07-14,1657756800,4491.0,4534.5,4459.25,4533.0,3303,1,15626
WSP$D,D1,2022-07-15,1657843200,4540.0,4601.25,4522.25,4599.75,1971,1,7825
WSP$D,D1,2022-07-18,1658102400,4639.0,4644.0,4555.25,4572.5,1692,1,6318
WSP$D,D1,2022-07-19,1658188800,4598.75,4683.25,4591.0,4681.0,2848,1,11154
WSP$D,D1,2022-07-20,1658275200,4665.0,4712.25,4659.0,4688.0,3691,1,12303
WSP$D,D1,2022-07-21,1658361600,4691.5,4738.75,4665.25,4723.25,2926,1,10521
WSP$D,D1,2022-07-22,1658448000,4730.75,4751.0,4675.5,4699.0,3076,1,9718
WSP$D,D1,2022-07-25,1658707200,4716.0,4720.5,4682.0,4704.5,2096,1,7995
WSP$D,D1,2022-07-26,1658793600,4690.0,4695.0,4649.75,4675.5,2324,1,8879
WSP$D,D1,2022-07-27,1658880000,4688.75,4777.5,4688.75,4756.25,5070,1,16406
WSP$D,D1,2022-07-28,1658966400,4748.0,4846.5,4730.5,4842.75,5213,1,16306
WSP$D,D1,2022-07-29,1659052800,4837.25,4880.25,4817.5,4867.5,3488,1,9338
WSP$D,D1,2022-08-01,1659312000,4866.0,4884.0,4833.5,4853.75,2617,1,8976
WSP$D,D1,2022-08-02,1659398400,4830.0,4878.5,4817.25,4829.75,4564,1,14350
WSP$D,D1,2022-08-03,1659484800,4848.0,4905.5,4846.25,4887.0,12301,1,18208
WSP$D,D1,2022-08-04,1659571200,4890.75,4902.0,4871.5,4887.75,7853,1,12651
WSP$D,D1,2022-08-05,1659657600,4891.75,4896.75,4838.5,4878.0,4820,1,12956
WSP$D,D1,2022-08-08,1659916800,4905.0,4922.5,4865.25,4882.25,4144,1,10229
WSP$D,D1,2022-08-09,1660003200,4863.5,4873.25,4849.0,4867.75,1701,1,4092
WSP$D,D1,2022-08-10,1660089600,4871.25,4950.0,4870.0,4950.0,3648,1,17053
WSP$D,D1,2022-08-11,1660176000,4963.25,4995.5,4938.25,4953.0,3507,1,13901
WSP$D,D1,2022-08-12,1660262400,4960.5,5019.0,4955.5,5016.75,3086,1,9914
WSP$D,D1,2022-08-15,1660521600,4993.5,5038.75,4985.5,5030.0,3218,1,11557
WSP$D,D1,2022-08-16,1660608000,5029.75,5062.0,5014.0,5044.0,2462,1,8471
WSP$D,D1,2022-08-17,1660694400,5009.0,5040.5,4989.5,5015.0,2726,1,10955
WSP$D,D1,2022-08-18,1660780800,5022.25,5030.0,4999.0,5023.75,2062,1,10511
WSP$D,D1,2022-08-19,1660867200,4985.0,4995.75,4955.0,4960.0,2255,1,14649
WSP$D,D1,2022-08-22,1661126400,4921.0,4921.25,4866.0,4885.0,2637,1,10754
WSP$D,D1,2022-08-23,1661212800,4886.0,4897.75,4859.0,4859.0,2983,1,11007
WSP$D,D1,2022-08-24,1661299200,4870.75,4894.25,4856.75,4885.0,1937,1,8951
WSP$D,D1,2022-08-25,1661385600,4904.0,4938.0,4883.75,4928.0,2517,1,13526
WSP$D,D1,2022-08-26,1661472000,4925.0,4952.0,4779.25,4780.0,6794,1,27377
WSP$D,D1,2022-08-29,1661731200,4761.25,4799.5,4752.75,4773.75,3760,1,13690
WSP$D,D1,2022-08-30,1661817600,4794.0,4797.5,4700.75,4724.0,3999,1,13268
WSP$D,D1,2022-08-31,1661904000,4733.0,4755.0,4687.5,4693.25,4810,1,16582
WSP$D,D1,2022-09-01,1661990400,4678.0,4706.0,4639.0,4704.5,4401,1,19395
WSP$D,D1,2022-09-02,1662076800,4703.75,4754.5,4642.25,4665.25,5989,1,23685
WSP$D,D1,2022-09-05,1662336000,4659.25,4675.75,4654.0,4664.0,701,1,2104
WSP$D,D1,2022-09-06,1662422400,4684.25,4691.25,4622.0,4645.5,5420,1,19143
WSP$D,D1,2022-09-08,1662595200,4714.25,4746.25,4678.0,4737.0,4358,1,23777
WSP$D,D1,2022-09-09,1662681600,4770.0,4812.75,4761.0,4800.75,2798,1,17816
WSP$D,D1,2022-09-12,1662940800,4826.5,4854.0,4813.75,4854.0,2276,1,11029
WSP$D,D1,2022-09-13,1663027200,4875.0,4884.25,4654.25,4670.0,5540,1,21832
WSP$D,D1,2022-09-14,1663113600,4661.75,4697.0,4646.5,4691.5,2834,1,9804
WSP$D,D1,2022-09-15,1663200000,4676.0,4694.0,4623.5,4623.5,2739,1,10155
WSP$D,D1,2022-09-16,1663286400,4608.0,4618.5,4573.25,4618.5,3936,1,18162
WSP$D,D1,2022-09-19,1663545600,4571.25,4646.5,4570.5,4645.5,3552,1,20284
WSP$D,D1,2022-09-20,1663632000,4620.5,4621.25,4564.0,4594.5,4441,1,17929
WSP$D,D1,2022-09-21,1663718400,4604.75,4643.75,4511.5,4516.75,9288,1,44085
WSP$D,D1,2022-09-22,1663804800,4526.25,4541.0,4484.0,4495.5,4556,1,22949
WSP$D,D1,2022-09-23,1663891200,4444.5,4459.0,4380.75,4430.75,5942,1,25563
WSP$D,D1,2022-09-26,1664150400,4405.5,4450.0,4378.75,4386.25,5169,1,29058
WSP$D,D1,2022-09-27,1664236800,4438.5,4452.75,4356.0,4382.5,5849,1,30510
WSP$D,D1,2022-09-28,1664323200,4360.5,4471.5,4360.5,4455.0,5974,1,25946
WSP$D,D1,2022-09-29,1664409600,4421.5,4423.75,4344.0,4378.5,6311,1,29387
WSP$D,D1,2022-09-30,1664496000,4383.25,4404.5,4316.25,4325.25,5282,1,20535
WSP$D,D1,2022-10-03,1664755200,4343.5,4431.75,4337.5,4417.5,3610,1,15398
WSP$D,D1,2022-10-04,1664841600,4472.25,4529.5,4464.25,4527.75,5743,1,30005
WSP$D,D1,2022-10-05,1664928000,4492.25,4541.0,4456.0,4520.5,4541,1,22383
WSP$D,D1,2022-10-06,1665014400,4499.25,4532.0,4469.5,4469.5,4449,1,16271
WSP$D,D1,2022-10-07,1665100800,4476.5,4488.0,4353.75,4370.25,8295,1,25261
WSP$D,D1,2022-10-10,1665360000,4366.5,4387.5,4321.5,4348.25,3379,1,13873
WSP$D,D1,2022-10-11,1665446400,4331.0,4373.5,4300.5,4321.5,6005,1,26198
WSP$D,D1,2022-10-13,1665619200,4341.5,4417.75,4223.0,4403.0,11752,1,44870
WSP$D,D1,2022-10-14,1665705600,4395.25,4454.75,4312.0,4319.5,8159,1,30700
WSP$D,D1,2022-10-17,1665964800,4358.5,4422.5,4354.5,4421.5,4510,1,17862
WSP$D,D1,2022-10-18,1666051200,4476.0,4496.5,4418.0,4476.75,7749,1,26284
WSP$D,D1,2022-10-19,1666137600,4441.0,4460.0,4398.5,4431.5,5928,1,18215
WSP$D,D1,2022-10-20,1666224000,4433.5,4468.5,4387.0,4396.75,4640,1,21415
WSP$D,D1,2022-10-21,1666310400,4375.25,4496.25,4362.0,4496.25,6957,1,32796
WSP$D,D1,2022-10-24,1666569600,4512.5,4543.5,4472.5,4525.25,5809,1,21578
WSP$D,D1,2022-10-25,1666656000,4516.5,4595.5,4511.5,4573.5,5705,1,23106
WSP$D,D1,2022-10-26,1666742400,4560.5,4617.5,4551.25,4583.0,4681,1,21777
WSP$D,D1,2022-10-27,1666828800,4557.5,4591.0,4478.75,4512.5,5114,1,21379
WSP$D,D1,2022-10-28,1666915200,4520.5,4644.5,4502.25,4644.5,5030,1,17625
WSP$D,D1,2022-10-31,1667174400,4618.5,4624.75,4594.0,4608.5,3032,1,12664
WSP$D,D1,2022-11-01,1667260800,4640.5,4647.75,4574.0,4586.5,3640,1,15286
WSP$D,D1,2022-11-03,1667433600,4461.5,4479.5,4426.75,4448.25,5744,1,21455
WSP$D,D1,2022-11-04,1667520000,4478.5,4525.75,4431.0,4504.5,6862,1,21440
WSP$D,D1,2022-11-07,1667779200,4519.0,4542.5,4492.5,4532.25,3472,1,9264
WSP$D,D1,2022-11-08,1667865600,4549.25,4587.25,4513.5,4553.75,4810,1,16367
WSP$D,D1,2022-11-09,1667952000,4548.5,4554.75,4470.5,4476.0,3614,1,11485
WSP$D,D1,2022-11-10,1668038400,4486.5,4687.5,4479.0,4671.75,8575,1,25032
WSP$D,D1,2022-11-11,1668124800,4698.5,4729.5,4671.75,4717.75,3250,1,12817
WSP$D,D1,2022-11-14,1668384000,4704.0,4736.75,4681.75,4690.25,2747,1,11079
WSP$D,D1,2022-11-16,1668556800,4717.5,4721.25,4681.75,4688.5,3254,1,12309
WSP$D,D1,2022-11-17,1668643200,4666.5,4682.75,4632.5,4682.75,6265,1,18737
WSP$D,D1,2022-11-18,1668729600,4698.25,4713.25,4662.0,4688.5,2721,1,11168
WSP$D,D1,2022-11-21,1668988800,4671.25,4689.25,4659.5,4680.25,2000,1,7361
WSP$D,D1,2022-11-22,1669075200,4680.75,4734.0,4680.5,4730.75,2826,1,10686
WSP$D,D1,2022-11-23,1669161600,4735.25,4758.5,4721.0,4751.75,3821,1,13684
WSP$D,D1,2022-11-24,1669248000,4767.5,4794.5,4758.0,4770.5,640,1,1826
WSP$D,D1,2022-11-25,1669334400,4758.5,4764.0,4744.0,4748.5,1373,1,3291
WSP$D,D1,2022-11-28,1669593600,4723.25,4737.5,4679.0,4685.5,3451,1,8313
WSP$D,D1,2022-11-29,1669680000,4700.5,4702.5,4660.75,4678.75,3291,1,9210
WSP$D,D1,2022-11-30,1669766400,4689.5,4803.5,4661.0,4803.5,4427,1,22908
WSP$D,D1,2022-12-01,1669852800,4798.25,4827.75,4774.25,4808.25,3521,1,14647
WSP$D,D1,2022-12-02,1669939200,4797.0,4804.25,4726.5,4787.5,4225,1,17575
WSP$D,D1,2022-12-05,1670198400,4783.5,4783.5,4706.5,4718.0,3725,1,10655
WSP$D,D1,2022-12-06,1670284800,4724.0,4730.0,4640.75,4661.5,5228,1,18953
WSP$D,D1,2022-12-07,1670371200,4646.75,4679.5,4633.5,4657.25,6879,1,16676
WSP$D,D1,2022-12-08,1670457600,4666.0,4696.0,4657.0,4686.5,5462,1,13554
WSP$D,D1,2022-12-09,1670544000,4698.5,4708.75,4653.0,4654.25,2964,1,9988
WSP$D,D1,2022-12-12,1670803200,4664.75,4711.0,4656.0,4706.0,3529,1,11798
WSP$D,D1,2022-12-13,1670889600,4730.0,4838.75,4711.75,4743.5,9862,1,29214
WSP$D,D1,2022-12-14,1670976000,4740.75,4795.5,4685.0,4714.0,10292,1,18102
WSP$D,D1,2022-12-15,1671062400,4681.25,4683.0,4597.5,4613.0,3874,1,8409
WSP$D,D1,2022-12-16,1671148800,4569.25,4595.75,4539.75,4560.0,9475,1,17041
WSP$D,D1,2022-12-19,1671408000,4573.75,4576.25,4511.25,4531.25,7612,1,14239
WSP$D,D1,2022-12-20,1671494400,4527.0,4549.25,4506.25,4535.25,10285,1,19498
WSP$D,D1,2022-12-21,1671580800,4553.75,4601.75,4547.0,4586.25,9708,1,15900
WSP$D,D1,2022-12-22,1671667200,4584.25,4585.75,4472.25,4535.25,11330,1,19327
WSP$D,D1,2022-12-23,1671753600,4537.25,4555.25,4503.5,4550.75,13005,1,19288
WSP$D,D1,2022-12-26,1672012800,4546.5,4557.25,4532.5,4536.5,122,1,286
WSP$D,D1,2022-12-27,1672099200,4575.5,4576.25,4520.0,4531.5,6362,1,12039
WSP$D,D1,2022-12-28,1672185600,4546.75,4556.75,4487.75,4489.0,5523,1,11047
WSP$D,D1,2022-12-29,1672272000,4505.0,4564.5,4503.0,4552.25,5410,1,10907
WSP$D,D1,2023-01-02,1672617600,4556.0,4574.25,4521.75,4527.25,490,1,948
WSP$D,D1,2023-01-03,1672704000,4554.25,4584.0,4497.0,4525.25,11183,1,19526
WSP$D,D1,2023-01-04,1672790400,4539.75,4577.25,4518.75,4556.0,9214,1,16432
WSP$D,D1,2023-01-05,1672876800,4558.5,4566.25,4504.25,4509.75,9286,1,15493
WSP$D,D1,2023-01-06,1672963200,4512.5,4609.25,4500.75,4595.25,13120,1,33946
WSP$D,D1,2023-01-09,1673222400,4609.5,4654.5,4594.0,4594.5,6445,1,18433
WSP$D,D1,2023-01-10,1673308800,4583.5,4623.0,4572.25,4622.0,8341,1,16743
WSP$D,D1,2023-01-11,1673395200,4630.25,4671.75,4623.75,4668.5,5725,1,12521
WSP$D,D1,2023-01-12,1673481600,4673.0,4701.75,4639.0,4683.5,11051,1,22196
WSP$D,D1,2023-01-13,1673568000,4670.0,4705.25,4642.75,4699.0,5622,1,11867
WSP$D,D1,2023-01-16,1673827200,4690.25,4701.25,4677.75,4680.75,1910,1,3777
WSP$D,D1,2023-01-17,1673913600,4691.75,4715.5,4683.0,4693.25,7845,1,12495
WSP$D,D1,2023-01-18,1674000000,4698.0,4713.5,4624.75,4626.25,8117,1,16839
WSP$D,D1,2023-01-19,1674086400,4600.25,4620.75,4582.0,4603.0,11895,1,22031
WSP$D,D1,2023-01-20,1674172800,4600.0,4671.0,4593.25,4666.0,6791,1,13124
WSP$D,D1,2023-01-23,1674432000,4663.75,4736.75,4663.75,4712.75,10237,1,21168
WSP$D,D1,2023-01-24,1674518400,4707.75,4721.25,4686.25,4720.25,6926,1,13383
WSP$D,D1,2023-01-25,1674604800,4681.75,4717.0,4645.25,4712.25,9905,1,17784
WSP$D,D1,2023-01-26,1674691200,4721.75,4758.0,4709.0,4753.75,8121,1,16121
WSP$D,D1,2023-01-27,1674777600,4746.25,4789.75,4736.25,4764.5,8080,1,16795
WSP$D,D1,2023-01-30,1675036800,4730.0,4759.25,4710.75,4717.5,14286,1,21355
WSP$D,D1,2023-01-31,1675123200,4700.25,4771.25,4699.5,4768.25,13368,1,21213
WSP$D,D1,2023-02-01,1675209600,4759.5,4843.5,4729.5,4815.25,27566,1,46448
WSP$D,D1,2023-02-02,1675296000,4827.75,4888.5,4825.75,4872.5,22106,1,41090
WSP$D,D1,2023-02-03,1675382400,4842.5,4874.0,4813.25,4828.0,22346,1,42610
WSP$D,D1,2023-02-06,1675641600,4798.0,4816.75,4785.25,4800.25,11657,1,17810
WSP$D,D1,2023-02-07,1675728000,4806.0,4867.75,4779.75,4852.0,19756,1,33311
WSP$D,D1,2023-02-08,1675814400,4842.0,4848.25,4802.5,4813.0,11220,1,17345
WSP$D,D1,2023-02-09,1675900800,4842.0,4847.25,4759.75,4769.25,13593,1,26318
WSP$D,D1,2023-02-10,1675987200,4747.5,4785.5,4741.75,4780.75,10661,1,20682
WSP$D,D1,2023-02-13,1676246400,4780.25,4829.5,4780.25,4826.75,6177,1,12692
WSP$D,D1,2023-02-14,1676332800,4834.25,4866.25,4785.0,4827.75,11772,1,26221
WSP$D,D1,2023-02-15,1676419200,4812.25,4839.75,4793.5,4838.0,5291,1,10872
WSP$D,D1,2023-02-16,1676505600,4835.75,4837.75,4778.75,4780.5,9185,1,20973
WSP$D,D1,2023-02-17,1676592000,4751.25,4770.75,4736.5,4765.25,12367,1,22876
WSP$D,D1,2023-02-22,1677024000,4686.25,4706.0,4665.25,4681.25,9343,1,20119
WSP$D,D1,2023-02-23,1677110400,4697.25,4714.5,4654.25,4700.25,11181,1,21133
WSP$D,D1,2023-02-24,1677196800,4674.75,4676.0,4628.75,4650.0,12164,1,22701
WSP$D,D1,2023-02-27,1677456000,4674.75,4704.25,4660.0,4670.25,8225,1,15677
WSP$D,D1,2023-02-28,1677542400,4677.75,4684.25,4648.75,4648.75,4479,1,9858
WSP$D,D1,2023-03-01,1677628800,4667.25,4668.25,4624.0,4633.5,5466,1,11803
WSP$D,D1,2023-03-02,1677715200,4625.25,4675.25,4611.25,4670.0,7754,1,13425
WSP$D,D1,2023-03-03,1677801600,4676.0,4732.5,4673.5,4728.5,5654,1,16953
WSP$D,D1,2023-03-06,1678060800,4725.5,4762.0,4724.5,4731.5,4869,1,11684
WSP$D,D1,2023-03-07,1678147200,4737.75,4740.75,4663.75,4672.75,5328,1,14614
WSP$D,D1,2023-03-08,1678233600,4677.5,4684.25,4652.5,4675.25,7420,1,13925
WSP$D,D1,2023-03-09,1678320000,4667.5,4700.25,4590.75,4597.25,13084,1,27874
WSP$D,D1,2023-03-10,1678406400,4596.0,4621.75,4527.0,4544.75,22927,1,44175
WSP$D,D1,2023-03-13,1678665600,4549.25,4587.25,4489.75,4547.25,32980,1,52117
WSP$D,D1,2023-03-14,1678752000,4563.5,4617.75,4546.5,4603.75,18976,1,29108
WSP$D,D1,2023-03-15,1678838400,4535.5,4578.0,4514.75,4572.25,23439,1,39222
WSP$D,D1,2023-03-16,1678924800,4567.25,4646.75,4543.25,4643.25,5696,1,13801
WSP$D,D1,2023-03-17,1679011200,4633.5,4641.5,4582.0,4594.25,11432,1,25392
WSP$D,D1,2023-03-20,1679270400,4595.75,4638.75,4588.25,4634.25,14466,1,27587
WSP$D,D1,2023-03-21,1679356800,4665.75,4690.5,4652.0,4688.25,12088,1,26364
WSP$D,D1,2023-03-22,1679443200,4684.75,4720.75,4615.25,4624.25,24918,1,55943
WSP$D,D1,2023-03-23,1679529600,4638.25,4687.0,4598.0,4636.25,17020,1,41309
WSP$D,D1,2023-03-24,1679616000,4595.0,4658.75,4586.0,4658.25,15353,1,34036
WSP$D,D1,2023-03-27,1679875200,4677.75,4682.25,4648.75,4664.75,8044,1,19690
WSP$D,D1,2023-03-28,1679961600,4655.0,4657.5,4629.5,4655.0,4573,1,15862
WSP$D,D1,2023-03-29,1680048000,4678.75,4709.0,4678.75,4704.0,4164,1,15844
WSP$D,D1,2023-03-30,1680134400,4728.25,4735.25,4709.25,4733.25,3143,1,14123
WSP$D,D1,2023-03-31,1680220800,4732.5,4790.5,4731.5,4790.5,5198,1,22326
WSP$D,D1,2023-04-03,1680480000,4781.75,4805.5,4776.0,4801.5,4464,1,13101
WSP$D,D1,2023-04-04,1680566400,4813.0,4815.75,4764.0,4781.75,4137,1,13973
WSP$D,D1,2023-04-05,1680652800,4774.0,4776.5,4748.25,4764.75,2847,1,16976
WSP$D,D1,2023-04-06,1680739200,4768.25,4783.75,4745.75,4779.25,2844,1,12767
WSP$D,D1,2023-04-10,1681084800,4772.5,4789.25,4747.0,4786.25,2114,1,9855
WSP$D,D1,2023-04-11,1681171200,4782.5,4800.25,4776.75,4789.5,1772,1,5730
WSP$D,D1,2023-04-12,1681257600,4793.25,4826.25,4762.25,4772.75,3655,1,14490
WSP$D,D1,2023-04-13,1681344000,4767.25,4825.75,4766.5,4817.25,3532,1,14634
WSP$D,D1,2023-04-14,1681430400,4819.75,4838.25,4787.25,4821.0,3791,1,19113
WSP$D,D1,2023-04-17,1681689600,4817.0,4828.75,4796.75,4826.75,2047,1,6207
WSP$D,D1,2023-04-18,1681776000,4838.5,4846.25,4813.25,4828.75,3569,1,13695
WSP$D,D1,2023-04-19,1681862400,4805.25,4835.25,4799.5,4820.25,3863,1,18027
WSP$D,D1,2023-04-20,1681948800,4796.5,4819.75,4786.0,4801.25,3829,1,25045
WSP$D,D1,2023-04-24,1682294400,4798.25,4812.5,4788.0,4808.25,2816,1,22879
WSP$D,D1,2023-04-25,1682380800,4789.75,4792.75,4740.5,4758.0,3403,1,18673
WSP$D,D1,2023-04-26,1682467200,4745.25,4757.5,4718.0,4733.0,3851,1,25680
WSP$D,D1,2023-04-27,1682553600,4746.25,4813.5,4738.25,4808.5,5358,1,38186
WSP$D,D1,2023-04-28,1682640000,4788.25,4841.5,4783.5,4840.25,4174,1,24088
WSP$D,D1,2023-05-02,1682985600,4828.25,4828.25,4752.0,4783.5,5978,1,41897
WSP$D,D1,2023-05-03,1683072000,4791.5,4814.25,4748.25,4748.25,5461,1,37217
WSP$D,D1,2023-05-04,1683158400,4742.25,4749.25,4711.75,4724.25,3696,1,16140
WSP$D,D1,2023-05-05,1683244800,4752.0,4811.0,4741.5,4795.75,6942,1,35192
WSP$D,D1,2023-05-08,1683504000,4805.75,4809.25,4786.75,4801.0,2853,1,10804
WSP$D,D1,2023-05-09,1683590400,4784.75,4793.5,4780.0,4787.0,2282,1,7384
WSP$D,D1,2023-05-10,1683676800,4777.25,4821.0,4760.75,4804.25,8327,1,31755
WSP$D,D1,2023-05-11,1683763200,4796.0,4811.25,4770.5,4793.5,4361,1,17203
WSP$D,D1,2023-05-12,1683849600,4804.0,4807.0,4760.75,4783.25,4037,1,18863
WSP$D,D1,2023-05-15,1684108800,4798.25,4803.5,4771.75,4797.75,4844,1,33014
WSP$D,D1,2023-05-16,1684195200,4791.75,4798.75,4769.25,4778.5,3062,1,11840
WSP$D,D1,2023-05-17,1684281600,4785.75,4826.75,4774.0,4819.25,5655,1,28975
WSP$D,D1,2023-05-18,1684368000,4827.5,4864.0,4809.5,4863.0,6660,1,24908
WSP$D,D1,2023-05-19,1684454400,4868.25,4875.25,4840.5,4847.75,4635,1,18871
WSP$D,D1,2023-05-22,1684713600,4853.25,4869.75,4839.75,4855.75,3682,1,14426
WSP$D,D1,2023-05-23,1684800000,4843.0,4849.25,4802.25,4808.25,4505,1,18396
WSP$D,D1,2023-05-24,1684886400,4791.5,4797.75,4763.0,4797.75,6415,1,24004
WSP$D,D1,2023-05-25,1684972800,4803.25,4823.75,4786.5,4807.25,6160,1,25075
WSP$D,D1,2023-05-26,1685059200,4817.25,4869.0,4804.0,4867.5,6815,1,25378
WSP$D,D1,2023-05-29,1685318400,4871.75,4875.0,4864.25,4869.5,1170,1,2856
WSP$D,D1,2023-05-30,1685404800,4884.5,4890.75,4848.75,4862.75,7986,1,24711
WSP$D,D1,2023-05-31,1685491200,4847.25,4853.0,4823.0,4833.25,7059,1,22218
WSP$D,D1,2023-06-01,1685577600,4843.25,4887.25,4826.5,4878.75,7708,1,22861
WSP$D,D1,2023-06-02,1685664000,4893.75,4945.5,4884.75,4940.75,9246,1,24917
WSP$D,D1,2023-06-05,1685923200,4936.75,4955.0,4921.5,4930.5,6105,1,17639
WSP$D,D1,2023-06-06,1686009600,4928.25,4943.25,4917.25,4940.25,4178,1,11216
WSP$D,D1,2023-06-07,1686096000,4943.5,4952.5,4918.0,4929.75,4499,1,10232
WSP$D,D1,2023-06-09,1686268800,4943.5,4973.75,4943.0,4956.5,6101,1,16728
WSP$D,D1,2023-06-12,1686528000,4964.5,4994.5,4955.5,4993.75,3350,1,10579
WSP$D,D1,2023-06-13,1686614400,4993.0,5026.25,4988.25,5024.25,6724,1,20125
WSP$D,D1,2023-06-14,1686700800,5026.0,5042.25,4988.5,5030.0,10773,1,30280
WSP$D,D1,2023-06-15,1686787200,5007.75,5088.75,4998.5,5074.25,15881,1,41882
WSP$D,D1,2023-06-16,1686873600,5078.0,5100.5,5060.0,5067.25,7483,1,23994
WSP$D,D1,2023-06-19,1687132800,5057.25,5066.75,5051.0,5062.75,1284,1,6163
WSP$D,D1,2023-06-20,1687219200,5047.25,5052.5,5018.5,5038.5,5282,1,16673
WSP$D,D1,2023-06-21,1687305600,5037.75,5037.75,5011.0,5020.25,6720,1,23598
WSP$D,D1,2023-06-22,1687392000,5007.25,5035.75,5001.25,5035.75,4856,1,14578
WSP$D,D1,2023-06-23,1687478400,5011.75,5015.0,4989.5,4996.5,5831,1,12649
WSP$D,D1,2023-06-26,1687737600,4992.5,5011.25,4976.25,4982.75,6471,1,19409
WSP$D,D1,2023-06-27,1687824000,4982.5,5031.75,4979.5,5023.75,5647,1,16293
WSP$D,D1,2023-06-28,1687910400,5018.5,5037.75,5006.5,5030.0,5361,1,15080
WSP$D,D1,2023-06-29,1687996800,5037.0,5045.0,5017.0,5042.0,5366,1,11948
WSP$D,D1,2023-06-30,1688083200,5057.25,5105.0,5057.25,5091.25,7459,1,28068
WSP$D,D1,2023-07-03,1688342400,5092.0,5106.5,5086.5,5100.0,2581,1,8040
WSP$D,D1,2023-07-04,1688428800,5099.25,5099.75,5089.25,5092.25,743,1,1919
WSP$D,D1,2023-07-05,1688515200,5077.0,5098.0,5074.25,5091.0,4836,1,13361
WSP$D,D1,2023-07-06,1688601600,5070.0,5070.75,5027.0,5053.0,6368,1,22369
WSP$D,D1,2023-07-07,1688688000,5049.75,5083.25,5039.25,5044.5,5331,1,16546
WSP$D,D1,2023-07-10,1688947200,5043.25,5055.0,5031.75,5053.0,3408,1,8895
WSP$D,D1,2023-07-11,1689033600,5060.25,5085.25,5049.5,5085.0,2778,1,6295
WSP$D,D1,2023-07-12,1689120000,5092.0,5130.5,5089.25,5111.0,6369,1,23731
WSP$D,D1,2023-07-13,1689206400,5129.0,5158.5,5125.25,5146.0,4769,1,14506
WSP$D,D1,2023-07-14,1689292800,5154.5,5167.75,5139.0,5143.25,5153,1,14359
WSP$D,D1,2023-07-17,1689552000,5138.25,5172.5,5136.0,5156.0,4266,1,12241
WSP$D,D1,2023-07-18,1689638400,5157.0,5202.0,5152.25,5191.75,5867,1,17198
WSP$D,D1,2023-07-19,1689724800,5193.75,5217.75,5193.75,5204.0,6058,1,16549
WSP$D,D1,2023-07-20,1689811200,5198.25,5201.75,5165.25,5176.25,4278,1,17017
WSP$D,D1,2023-07-21,1689897600,5181.25,5197.25,5171.0,5171.5,3517,1,9532
WSP$D,D1,2023-07-24,1690156800,5179.25,5200.0,5176.25,5195.25,4443,1,12024
WSP$D,D1,2023-07-25,1690243200,5196.25,5216.0,5186.75,5214.5,4457,1,14340
WSP$D,D1,2023-07-26,1690329600,5201.75,5218.0,5182.0,5201.0,6005,1,17179
WSP$D,D1,2023-07-27,1690416000,5230.5,5242.0,5162.0,5176.75,7530,1,20823
WSP$D,D1,2023-07-28,1690502400,5194.0,5223.5,5194.0,5216.75,5888,1,19575
WSP$D,D1,2023-07-31,1690761600,5220.25,5227.0,5206.0,5223.75,4524,1,13511
WSP$D,D1,2023-08-01,1690848000,5208.75,5216.25,5199.0,5207.5,3758,1,14866
WSP$D,D1,2023-08-02,1690934400,5184.0,5188.5,5136.0,5141.25,5871,1,32437
WSP$D,D1,2023-08-03,1691020800,5134.75,5151.25,5113.75,5132.5,5542,1,22367
WSP$D,D1,2023-08-04,1691107200,5132.0,5168.0,5102.25,5105.25,8180,1,31662
WSP$D,D1,2023-08-07,1691366400,5116.25,5149.5,5113.25,5149.0,3852,1,8721
WSP$D,D1,2023-08-08,1691452800,5115.0,5129.5,5090.0,5124.0,4926,1,13209
WSP$D,D1,2023-08-09,1691539200,5138.0,5140.0,5085.75,5100.0,4870,1,12379
WSP$D,D1,2023-08-10,1691625600,5112.5,5151.5,5081.25,5091.0,11928,1,59853
WSP$D,D1,2023-08-11,1691712000,5088.25,5100.5,5067.5,5089.5,4307,1,15137
WSP$D,D1,2023-08-14,1691971200,5096.75,5115.0,5076.5,5114.25,5422,1,26068
WSP$D,D1,2023-08-15,1692057600,5081.25,5098.5,5055.25,5059.5,6948,1,27708
WSP$D,D1,2023-08-16,1692144000,5062.25,5073.25,5025.0,5028.75,5826,1,17987
WSP$D,D1,2023-08-17,1692230400,5039.0,5044.0,4986.0,4986.25,7185,1,29165
WSP$D,D1,2023-08-18,1692316800,4970.25,5003.0,4958.5,4987.25,7914,1,36768
WSP$D,D1,2023-08-21,1692576000,5013.25,5028.0,4980.0,5017.75,5308,1,15097
WSP$D,D1,2023-08-22,1692662400,5043.75,5047.25,5002.25,5008.5,6590,1,25393
WSP$D,D1,2023-08-23,1692748800,5016.0,5085.75,5007.25,5085.75,8289,1,27165
WSP$D,D1,2023-08-24,1692835200,5076.25,5076.75,4986.5,4990.75,8905,1,37291
WSP$D,D1,2023-08-25,1692921600,5001.25,5036.25,4973.5,5022.0,11872,1,70012
WSP$D,D1,2023-08-28,1693180800,5030.5,5056.5,5030.5,5051.25,6186,1,22157
WSP$D,D1,2023-08-29,1693267200,5045.5,5116.75,5041.0,5116.0,10714,1,55367
WSP$D,D1,2023-08-30,1693353600,5108.75,5137.5,5108.5,5135.0,8220,1,30807
WSP$D,D1,2023-08-31,1693440000,5141.0,5149.0,5120.75,5127.0,5704,1,21135
WSP$D,D1,2023-09-01,1693526400,5139.0,5155.0,5115.25,5127.0,6007,1,20271
WSP$D,D1,2023-09-04,1693785600,5136.0,5138.5,5122.75,5123.25,1189,1,1883
WSP$D,D1,2023-09-05,1693872000,5122.5,5128.0,5107.0,5108.0,3773,1,19793
WSP$D,D1,2023-09-06,1693958400,5100.0,5101.75,5054.75,5074.0,4756,1,15403
WSP$D,D1,2023-09-08,1694131200,5056.75,5084.25,5056.25,5069.25,3129,1,7673
WSP$D,D1,2023-09-11,1694390400,5085.0,5100.25,5077.75,5095.5,4009,1,12817
WSP$D,D1,2023-09-12,1694476800,5082.0,5097.75,5066.5,5072.0,4254,1,11101
WSP$D,D1,2023-09-13,1694563200,5073.75,5088.75,5032.0,5077.25,4462,1,18623
WSP$D,D1,2023-09-14,1694649600,5089.25,5122.0,5085.75,5122.0,3742,1,7937
WSP$D,D1,2023-09-15,1694736000,5118.25,5122.0,5055.75,5057.75,5884,1,25379
WSP$D,D1,2023-09-18,1694995200,5051.5,5075.75,5049.75,5064.5,3919,1,12474
WSP$D,D1,2023-09-19,1695081600,5067.0,5067.25,5023.75,5053.0,7856,1,48685
WSP$D,D1,2023-09-20,1695168000,5059.25,5068.25,5003.0,5003.0,8461,1,53266
WSP$D,D1,2023-09-21,1695254400,4971.5,4979.0,4927.75,4927.75,7335,1,37335
WSP$D,D1,2023-09-22,1695340800,4944.0,4959.5,4920.0,4922.75,8884,1,53270
WSP$D,D1,2023-09-25,1695600000,4909.5,4944.5,4900.5,4941.75,6462,1,21398
WSP$D,D1,2023-09-26,1695686400,4925.0,4927.75,4867.75,4880.5,9008,1,47096
WSP$D,D1,2023-09-27,1695772800,4892.5,4896.0,4839.0,4884.25,10633,1,48689
WSP$D,D1,2023-09-28,1695859200,4873.0,4915.75,4863.25,4903.5,9310,1,73495
WSP$D,D1,2023-09-29,1695945600,4909.0,4931.75,4871.5,4893.75,11529,1,78794
WSP$D,D1,2023-10-02,1696204800,4883.5,4897.5,4856.0,4889.0,7574,1,24897
WSP$D,D1,2023-10-03,1696291200,4866.0,4877.0,4811.75,4819.25,9610,1,33234
WSP$D,D1,2023-10-04,1696377600,4831.0,4863.5,4815.0,4848.5,9292,1,28781
WSP$D,D1,2023-10-05,1696464000,4857.5,4861.0,4819.0,4849.0,6428,1,16356
WSP$D,D1,2023-10-06,1696550400,4853.25,4917.5,4802.25,4903.5,12386,1,35934
WSP$D,D1,2023-10-09,1696809600,4873.5,4934.5,4868.0,4927.5,5386,1,25670
WSP$D,D1,2023-10-10,1696896000,4927.5,4977.25,4925.5,4951.25,8035,1,45028
WSP$D,D1,2023-10-11,1696982400,4963.75,4979.75,4938.0,4978.75,6374,1,28827
WSP$D,D1,2023-10-13,1697155200,4941.0,4968.25,4902.5,4911.5,6456,1,21211
WSP$D,D1,2023-10-16,1697414400,4931.0,4974.25,4928.25,4966.5,5287,1,14828
WSP$D,D1,2023-10-17,1697500800,4952.5,4984.0,4927.0,4956.5,8342,1,29112
WSP$D,D1,2023-10-18,1697587200,4945.5,4953.0,4892.5,4909.5,7482,1,32562
WSP$D,D1,2023-10-19,1697673600,4897.25,4926.0,4853.5,4853.5,12838,1,51025
WSP$D,D1,2023-10-20,1697760000,4857.5,4862.75,4804.25,4804.25,11572,1,67325
WSP$D,D1,2023-10-23,1698019200,4788.5,4839.75,4774.5,4811.5,14461,1,66626
WSP$D,D1,2023-10-24,1698105600,4825.5,4850.5,4802.0,4827.75,6414,1,22009
WSP$D,D1,2023-10-25,1698192000,4818.5,4823.75,4764.5,4771.0,9826,1,31312
WSP$D,D1,2023-10-26,1698278400,4738.75,4764.5,4705.0,4717.5,13387,1,44922
WSP$D,D1,2023-10-27,1698364800,4718.75,4739.0,4682.75,4692.0,9674,1,37037
WSP$D,D1,2023-10-30,1698624000,4724.75,4757.5,4713.0,4742.5,6770,1,21828
WSP$D,D1,2023-10-31,1698710400,4754.0,4774.25,4731.25,4762.0,7054,1,18551
WSP$D,D1,2023-11-01,1698796800,4753.5,4824.0,4753.0,4819.25,10570,1,34384
WSP$D,D1,2023-11-03,1698969600,4889.5,4951.0,4889.25,4939.0,7732,1,26938
WSP$D,D1,2023-11-06,1699228800,4942.5,4948.5,4924.5,4943.5,4182,1,14135
WSP$D,D1,2023-11-07,1699315200,4929.0,4962.5,4928.75,4954.25,4890,1,16421
WSP$D,D1,2023-11-08,1699401600,4955.25,4967.0,4934.5,4955.25,4349,1,13415
WSP$D,D1,2023-11-09,1699488000,4960.0,4971.75,4917.0,4920.75,7119,1,33386
WSP$D,D1,2023-11-10,1699574400,4919.75,4992.5,4918.25,4991.5,8848,1,60724
WSP$D,D1,2023-11-13,1699833600,4985.0,4995.5,4966.75,4985.5,5004,1,14220
WSP$D,D1,2023-11-14,1699920000,4987.5,5083.0,4978.5,5072.75,7738,1,23508
WSP$D,D1,2023-11-16,1700092800,5076.25,5087.5,5061.0,5087.5,4988,1,14754
WSP$D,D1,2023-11-17,1700179200,5091.25,5098.25,5072.25,5083.75,5033,1,14028
WSP$D,D1,2023-11-20,1700438400,5089.75,5130.0,5082.25,5119.25,5466,1,16955
WSP$D,D1,2023-11-21,1700524800,5116.25,5118.25,5097.25,5112.5,3642,1,11161
WSP$D,D1,2023-11-22,1700611200,5115.75,5138.5,5114.0,5132.25,5031,1,13538
WSP$D,D1,2023-11-23,1700697600,5128.5,5131.25,5113.75,5127.75,715,1,1931
WSP$D,D1,2023-11-24,1700784000,5128.5,5132.5,5118.5,5120.0,1836,1,5336
WSP$D,D1,2023-11-27,1701043200,5118.5,5128.75,5115.0,5119.5,2720,1,8531
WSP$D,D1,2023-11-28,1701129600,5115.5,5136.75,5106.5,5121.5,3823,1,13464
WSP$D,D1,2023-11-29,1701216000,5138.75,5155.5,5114.5,5118.5,6242,1,16306
WSP$D,D1,2023-11-30,1701302400,5127.0,5137.75,5103.5,5134.5,5311,1,18649
WSP$D,D1,2023-12-01,1701388800,5133.75,5166.0,5121.25,5160.0,5919,1,18828
WSP$D,D1,2023-12-04,1701648000,5146.5,5148.0,5112.25,5131.75,4004,1,12693
WSP$D,D1,2023-12-05,1701734400,5117.25,5143.75,5114.0,5137.25,4378,1,11736
WSP$D,D1,2023-12-06,1701820800,5142.25,5156.75,5111.0,5118.25,5320,1,13427
WSP$D,D1,2023-12-07,1701907200,5115.75,5154.75,5113.25,5148.25,5619,1,19931
WSP$D,D1,2023-12-08,1701993600,5144.25,5173.0,5123.5,5164.5,10781,1,30936
WSP$D,D1,2023-12-11,1702252800,5166.0,5186.0,5159.0,5184.75,5166,1,14989
WSP$D,D1,2023-12-12,1702339200,5188.5,5205.0,5169.5,5203.75,6662,1,17820
WSP$D,D1,2023-12-13,1702425600,5208.5,5272.25,5203.75,5272.25,8529,1,21456
WSP$D,D1,2023-12-14,1702512000,5276.5,5298.0,5253.75,5281.25,5979,1,14675
WSP$D,D1,2023-12-15,1702598400,5292.5,5293.5,5266.25,5272.75,6305,1,15331
WSP$D,D1,2023-12-18,1702857600,5280.5,5310.5,5280.5,5299.25,5105,1,12989
WSP$D,D1,2023-12-19,1702944000,5302.75,5329.75,5301.75,5329.25,4960,1,11348
WSP$D,D1,2023-12-20,1703030400,5318.0,5339.25,5257.75,5257.75,8063,1,20767
WSP$D,D1,2023-12-21,1703116800,5277.0,5306.25,5264.5,5303.5,7396,1,19760
WSP$D,D1,2023-12-22,1703203200,5303.0,5329.75,5294.75,5313.5,6410,1,16831
WSP$D,D1,2023-12-26,1703548800,5313.5,5343.5,5313.5,5331.75,3095,1,8110
WSP$D,D1,2023-12-27,1703635200,5330.25,5344.25,5326.0,5337.5,4674,1,12700
WSP$D,D1,2023-12-28,1703721600,5340.25,5348.25,5335.75,5345.25,3350,1,9155
WSP$D,D1,2024-01-02,1704153600,5301.0,5305.0,5273.75,5291.75,4398,1,9607
WSP$D,D1,2024-01-03,1704240000,5281.25,5281.25,5248.5,5251.25,5578,1,11288
WSP$D,D1,2024-01-04,1704326400,5254.75,5274.0,5235.0,5237.25,4674,1,10966
WSP$D,D1,2024-01-05,1704412800,5227.25,5268.0,5208.5,5238.5,9445,1,23094
WSP$D,D1,2024-01-08,1704672000,5237.25,5310.0,5236.75,5310.0,9299,1,23112
WSP$D,D1,2024-01-09,1704758400,5287.5,5310.75,5275.75,5298.75,5923,1,14560
WSP$D,D1,2024-01-10,1704844800,5298.0,5334.75,5295.0,5329.25,7098,1,15779
WSP$D,D1,2024-01-11,1704931200,5332.5,5343.25,5280.5,5317.75,10563,1,21325
WSP$D,D1,2024-01-12,1705017600,5305.5,5343.0,5304.25,5323.25,9718,1,18670
WSP$D,D1,2024-01-15,1705276800,5318.75,5325.0,5313.5,5316.25,1052,1,3817
WSP$D,D1,2024-01-16,1705363200,5304.0,5321.75,5286.5,5304.25,10660,1,22183
WSP$D,D1,2024-01-17,1705449600,5287.25,5292.0,5254.25,5276.25,8065,1,17026
WSP$D,D1,2024-01-18,1705536000,5293.5,5322.75,5277.25,5319.25,9119,1,26345
WSP$D,D1,2024-01-19,1705622400,5338.25,5379.75,5322.25,5377.75,10362,1,27818
WSP$D,D1,2024-01-22,1705881600,5390.25,5405.5,5380.75,5381.5,8201,1,17702
WSP$D,D1,2024-01-23,1705968000,5390.0,5404.0,5380.75,5402.25,4158,1,10265
WSP$D,D1,2024-01-24,1706054400,5422.25,5440.0,5402.75,5402.75,7609,1,18874
WSP$D,D1,2024-01-25,1706140800,5409.0,5433.5,5403.0,5430.75,7371,1,17957
WSP$D,D1,2024-01-26,1706227200,5422.75,5441.25,5415.25,5415.5,7713,1,17813
WSP$D,D1,2024-01-29,1706486400,5426.0,5463.0,5419.25,5458.5,6071,1,15270
WSP$D,D1,2024-01-30,1706572800,5455.75,5464.5,5448.25,5455.25,5231,1,14173
WSP$D,D1,2024-01-31,1706659200,5434.25,5443.75,5375.25,5375.25,12998,1,33503
WSP$D,D1,2024-02-01,1706745600,5393.75,5436.25,5381.75,5436.25,9867,1,31612
WSP$D,D1,2024-02-02,1706832000,5463.75,5503.25,5433.0,5483.0,14430,1,36180
WSP$D,D1,2024-02-05,1707091200,5476.25,5484.25,5445.0,5467.5,7359,1,20179
WSP$D,D1,2024-02-06,1707177600,5464.5,5485.0,5461.5,5482.25,5783,1,13076
WSP$D,D1,2024-02-07,1707264000,5479.5,5526.25,5477.0,5522.25,9041,1,23752
WSP$D,D1,2024-02-08,1707350400,5513.25,5525.75,5511.5,5522.25,4764,1,13242
WSP$D,D1,2024-02-09,1707436800,5525.25,5555.25,5523.0,5547.0,7305,1,20334
WSP$D,D1,2024-02-14,1707868800,5489.25,5526.25,5480.0,5524.75,5757,1,19947
WSP$D,D1,2024-02-15,1707955200,5529.75,5555.25,5520.25,5553.0,8052,1,22389
WSP$D,D1,2024-02-16,1708041600,5562.0,5564.0,5521.0,5523.25,9023,1,31032
WSP$D,D1,2024-02-19,1708300800,5528.0,5540.75,5528.0,5535.5,1095,1,2757
WSP$D,D1,2024-02-20,1708387200,5510.25,5515.75,5476.25,5497.0,9454,1,26134
WSP$D,D1,2024-02-21,1708473600,5487.75,5505.0,5466.75,5499.0,7082,1,20239
WSP$D,D1,2024-02-22,1708560000,5568.25,5613.25,5559.25,5602.25,13039,1,40479
WSP$D,D1,2024-02-23,1708646400,5603.5,5628.75,5599.5,5605.5,7746,1,20873
WSP$D,D1,2024-02-26,1708905600,5606.25,5615.25,5585.5,5588.75,5478,1,15208
WSP$D,D1,2024-02-27,1708992000,5591.0,5598.25,5573.25,5594.5,5083,1,15108
WSP$D,D1,2024-02-28,1709078400,5580.5,5594.25,5574.5,5581.0,6145,1,18785
WSP$D,D1,2024-02-29,1709164800,5576.75,5620.5,5569.25,5609.0,7895,1,24669
WSP$D,D1,2024-03-01,1709251200,5607.25,5654.5,5603.5,5651.25,9714,1,28038
WSP$D,D1,2024-03-04,1709510400,5646.25,5663.0,5638.25,5645.25,5025,1,13134
WSP$D,D1,2024-03-05,1709596800,5631.75,5633.25,5569.25,5591.5,9815,1,29289
WSP$D,D1,2024-03-06,1709683200,5608.75,5640.0,5602.25,5617.25,10623,1,30656
WSP$D,D1,2024-03-07,1709769600,5627.25,5675.25,5626.5,5664.5,9263,1,30965
WSP$D,D1,2024-03-08,1709856000,5666.25,5697.75,5627.75,5637.5,14839,1,38959
WSP$D,D1,2024-03-11,1710115200,5621.0,5635.0,5600.25,5635.0,9067,1,24072
WSP$D,D1,2024-03-12,1710201600,5639.5,5688.25,5619.25,5685.25,14029,1,33165
WSP$D,D1,2024-03-13,1710288000,5685.25,5686.5,5659.0,5677.25,6870,1,20036
WSP$D,D1,2024-03-14,1710374400,5690.25,5692.0,5630.0,5665.25,10095,1,26251
WSP$D,D1,2024-03-15,1710460800,5667.75,5669.0,5611.75,5632.5,10237,1,28534
WSP$D,D1,2024-03-18,1710720000,5662.0,5683.5,5653.75,5656.75,7388,1,21706
WSP$D,D1,2024-03-19,1710806400,5635.75,5687.25,5631.0,5683.75,7906,1,25266
WSP$D,D1,2024-03-20,1710892800,5685.25,5741.0,5677.0,5740.75,8745,1,31736
WSP$D,D1,2024-03-21,1710979200,5753.25,5765.25,5744.25,5749.25,8364,1,20767
WSP$D,D1,2024-03-22,1711065600,5740.25,5749.5,5732.0,5732.0,5304,1,17492
WSP$D,D1,2024-03-25,1711324800,5719.75,5732.5,5717.5,5724.75,4499,1,14219
WSP$D,D1,2024-03-26,1711411200,5742.75,5744.75,5707.5,5715.5,5139,1,16319
WSP$D,D1,2024-03-27,1711497600,5727.5,5757.0,5715.0,5750.75,7379,1,24015
WSP$D,D1,2024-03-28,1711584000,5748.0,5764.25,5746.25,5746.75,5962,1,17573
WSP$D,D1,2024-04-01,1711929600,5766.0,5767.5,5726.75,5736.75,5901,1,15697
WSP$D,D1,2024-04-02,1712016000,5718.5,5721.0,5679.25,5705.5,7595,1,23217
WSP$D,D1,2024-04-03,1712102400,5701.0,5725.25,5688.25,5715.75,8066,1,25423
WSP$D,D1,2024-04-04,1712188800,5725.75,5752.75,5637.0,5637.75,13451,1,36786
WSP$D,D1,2024-04-05,1712275200,5654.5,5716.0,5622.75,5699.0,13539,1,45144
WSP$D,D1,2024-04-08,1712534400,5696.75,5712.0,5689.25,5701.0,5404,1,16109
WSP$D,D1,2024-04-09,1712620800,5705.5,5718.25,5653.0,5710.0,11160,1,30158
WSP$D,D1,2024-04-10,1712707200,5711.5,5725.0,5622.25,5645.75,15867,1,55231
WSP$D,D1,2024-04-11,1712793600,5627.75,5700.75,5619.25,5686.5,11403,1,37234
WSP$D,D1,2024-04-12,1712880000,5676.25,5679.0,5594.5,5611.5,12613,1,37095
WSP$D,D1,2024-04-15,1713139200,5634.75,5655.75,5537.5,5541.0,11983,1,38171
WSP$D,D1,2024-04-16,1713225600,5560.25,5567.0,5524.0,5532.75,11526,1,31101
WSP$D,D1,2024-04-17,1713312000,5551.75,5564.0,5491.25,5501.75,11376,1,32104
WSP$D,D1,2024-04-18,1713398400,5519.75,5538.25,5483.25,5495.25,8030,1,22563
WSP$D,D1,2024-04-19,1713484800,5485.0,5502.0,5435.25,5443.75,10144,1,29863
WSP$D,D1,2024-04-22,1713744000,5474.25,5520.25,5450.5,5493.5,8643,1,25490
WSP$D,D1,2024-04-23,1713830400,5501.25,5557.75,5494.25,5557.75,8871,1,27350
WSP$D,D1,2024-04-24,1713916800,5563.25,5568.0,5516.0,5528.0,11512,1,29773
WSP$D,D1,2024-04-25,1714003200,5518.5,5575.25,5465.75,5575.25,14742,1,45731
WSP$D,D1,2024-04-26,1714089600,5564.75,5589.5,5548.25,5575.25,8344,1,25673
WSP$D,D1,2024-04-29,1714348800,5586.75,5597.25,5562.75,5586.5,5850,1,16096
WSP$D,D1,2024-04-30,1714435200,5583.0,5587.75,5494.75,5495.75,8989,1,27388
WSP$D,D1,2024-05-02,1714608000,5521.0,5554.5,5479.5,5549.75,9727,1,27585
WSP$D,D1,2024-05-03,1714694400,5550.25,5609.25,5541.75,5605.75,8310,1,28034
WSP$D,D1,2024-05-06,1714953600,5615.75,5649.75,5613.75,5645.75,4413,1,14755
WSP$D,D1,2024-05-07,1715040000,5648.75,5668.25,5647.0,5654.25,5804,1,15498
WSP$D,D1,2024-05-08,1715126400,5646.75,5659.0,5630.75,5653.75,4975,1,14619
WSP$D,D1,2024-05-09,1715212800,5647.0,5686.0,5643.0,5681.75,5751,1,17022
WSP$D,D1,2024-05-10,1715299200,5695.75,5706.75,5675.0,5683.75,5337,1,15864
WSP$D,D1,2024-05-13,1715558400,5700.0,5706.25,5676.0,5683.75,3421,1,9569
WSP$D,D1,2024-05-14,1715644800,5687.0,5716.25,5659.25,5715.0,5939,1,18523
WSP$D,D1,2024-05-15,1715731200,5712.25,5778.75,5709.0,5770.75,8635,1,26522
WSP$D,D1,2024-05-16,1715817600,5778.75,5790.5,5755.75,5755.75,5559,1,15638
WSP$D,D1,2024-05-17,1715904000,5762.5,5771.25,5748.5,5770.5,4444,1,12806
WSP$D,D1,2024-05-20,1716163200,5777.75,5790.25,5766.75,5775.5,4442,1,13366
WSP$D,D1,2024-05-21,1716249600,5773.75,5789.5,5765.0,5789.5,4189,1,12411
WSP$D,D1,2024-05-22,1716336000,5779.5,5789.0,5749.5,5771.0,8418,1,26737
WSP$D,D1,2024-05-23,1716422400,5804.25,5810.5,5717.0,5730.0,11039,1,36883
WSP$D,D1,2024-05-24,1716508800,5740.0,5771.25,5736.75,5765.75,6905,1,22217
WSP$D,D1,2024-05-27,1716768000,5767.75,5783.75,5761.0,5775.75,1460,1,4131
WSP$D,D1,2024-05-28,1716854400,5771.75,5774.5,5739.75,5765.5,6171,1,21096
WSP$D,D1,2024-05-29,1716940800,5735.25,5741.0,5710.75,5716.75,4720,1,18548
WSP$D,D1,2024-05-31,1717113600,5689.75,5748.25,5648.75,5745.75,8502,1,27732
WSP$D,D1,2024-06-03,1717372800,5750.0,5755.0,5689.5,5745.25,6508,1,25893
WSP$D,D1,2024-06-04,1717459200,5722.5,5754.25,5711.5,5746.75,7303,1,28722
WSP$D,D1,2024-06-05,1717545600,5760.75,5809.75,5749.0,5809.25,6991,1,21327
WSP$D,D1,2024-06-06,1717632000,5809.25,5815.75,5788.0,5804.0,4869,1,14573
WSP$D,D1,2024-06-07,1717718400,5806.75,5827.25,5771.25,5797.25,10384,1,30646
WSP$D,D1,2024-06-10,1717977600,5791.75,5817.5,5783.25,5809.0,4407,1,14560
WSP$D,D1,2024-06-11,1718064000,5796.75,5827.5,5776.75,5824.25,6093,1,20204
WSP$D,D1,2024-06-12,1718150400,5832.5,5897.25,5830.75,5877.25,12971,1,38321
WSP$D,D1,2024-06-13,1718236800,5873.5,5894.5,5851.0,5881.0,6343,1,19593
WSP$D,D1,2024-06-14,1718323200,5853.25,5880.25,5851.0,5876.5,6401,1,20460
WSP$D,D1,2024-06-17,1718582400,5876.75,5935.25,5866.75,5925.0,7856,1,27463
WSP$D,D1,2024-06-18,1718668800,5918.5,5935.5,5916.25,5935.5,6265,1,14730
WSP$D,D1,2024-06-19,1718755200,5935.75,5940.75,5926.75,5935.75,1788,1,3349
WSP$D,D1,2024-06-20,1718841600,5950.75,5953.75,5900.75,5919.25,7444,1,17471
WSP$D,D1,2024-06-21,1718928000,5911.75,5922.5,5896.75,5913.25,5826,1,20433
WSP$D,D1,2024-06-24,1719187200,5910.25,5935.25,5888.0,5896.5,5195,1,15818
WSP$D,D1,2024-06-25,1719273600,5902.75,5916.75,5889.5,5912.75,3969,1,12204
WSP$D,D1,2024-06-26,1719360000,5912.25,5926.0,5894.0,5912.5,5652,1,19371
WSP$D,D1,2024-06-27,1719446400,5911.75,5932.0,5907.5,5926.75,3402,1,9559
WSP$D,D1,2024-06-28,1719532800,5937.75,5962.0,5889.0,5912.75,5833,1,20997
WSP$D,D1,2024-07-01,1719792000,5911.25,5917.25,5883.0,5909.0,4543,1,14272
WSP$D,D1,2024-07-02,1719878400,5884.5,5946.75,5884.5,5939.5,4314,1,14868
WSP$D,D1,2024-07-03,1719964800,5945.25,5976.0,5938.0,5967.0,4402,1,12136
WSP$D,D1,2024-07-04,1720051200,5972.5,5974.75,5963.5,5971.0,1367,1,3467
WSP$D,D1,2024-07-05,1720137600,5966.25,6003.0,5961.25,5996.75,4609,1,16148
WSP$D,D1,2024-07-08,1720396800,5999.75,6014.25,5994.0,6006.0,3208,1,10945
WSP$D,D1,2024-07-09,1720483200,6010.75,6022.75,6006.75,6009.25,2926,1,11275
WSP$D,D1,2024-07-10,1720569600,6020.25,6067.0,6017.75,6062.75,4975,1,17665
WSP$D,D1,2024-07-11,1720656000,6059.0,6084.5,6007.75,6019.5,9223,1,31518
WSP$D,D1,2024-07-12,1720742400,6022.0,6084.25,6001.25,6047.25,6948,1,20697
WSP$D,D1,2024-07-15,1721001600,6057.5,6096.0,6044.25,6065.25,7213,1,19124
WSP$D,D1,2024-07-16,1721088000,6067.25,6098.5,6062.25,6094.0,5321,1,14991
WSP$D,D1,2024-07-17,1721174400,6044.0,6049.5,6008.75,6021.0,7418,1,27655
WSP$D,D1,2024-07-18,1721260800,6026.25,6038.75,5948.0,5979.0,9222,1,28609
WSP$D,D1,2024-07-19,1721347200,5976.5,5980.5,5920.0,5929.0,5791,1,18335
WSP$D,D1,2024-07-22,1721606400,5959.0,5992.0,5950.0,5982.5,6919,1,22535
WSP$D,D1,2024-07-23,1721692800,5989.5,6005.5,5970.25,5981.25,6354,1,18052
WSP$D,D1,2024-07-24,1721779200,5935.25,5938.0,5840.0,5855.75,9768,1,30723
WSP$D,D1,2024-07-25,1721865600,5836.75,5908.75,5810.0,5819.25,13321,1,42000
WSP$D,D1,2024-07-26,1721952000,5859.5,5904.0,5846.75,5872.0,7884,1,21244
WSP$D,D1,2024-07-29,1722211200,5899.25,5910.0,5857.75,5876.0,5029,1,14780
WSP$D,D1,2024-07-30,1722297600,5887.0,5903.5,5809.75,5829.0,6752,1,19771
WSP$D,D1,2024-07-31,1722384000,5899.25,5963.25,5899.25,5947.25,12928,1,35459
WSP$D,D1,2024-08-01,1722470400,5954.75,5976.25,5822.0,5847.25,14522,1,44950
WSP$D,D1,2024-08-02,1722556800,5794.25,5804.25,5708.75,5732.75,14311,1,52484
WSP$D,D1,2024-08-05,1722816000,5577.25,5654.0,5500.25,5620.5,21998,1,69116
WSP$D,D1,2024-08-06,1722902400,5637.5,5715.5,5597.5,5619.25,16639,1,52663
WSP$D,D1,2024-08-07,1722988800,5694.25,5734.0,5579.5,5579.5,8074,1,30134
WSP$D,D1,2024-08-08,1723075200,5605.5,5736.0,5600.75,5732.0,9544,1,32068
WSP$D,D1,2024-08-09,1723161600,5724.5,5759.0,5695.75,5735.75,6440,1,20811
WSP$D,D1,2024-08-12,1723420800,5760.25,5771.25,5724.0,5746.25,4791,1,20552
WSP$D,D1,2024-08-13,1723507200,5757.5,5836.0,5757.5,5830.0,5603,1,23437
WSP$D,D1,2024-08-14,1723593600,5835.5,5862.5,5814.25,5862.25,4332,1,17178
WSP$D,D1,2024-08-15,1723680000,5863.5,5947.0,5860.25,5947.0,4772,1,21032
WSP$D,D1,2024-08-16,1723766400,5934.25,5960.75,5912.0,5958.5,3501,1,14485
WSP$D,D1,2024-08-19,1724025600,5955.5,6006.75,5950.0,6003.75,2674,1,11634
WSP$D,D1,2024-08-20,1724112000,6005.5,6018.75,5983.25,5996.0,2686,1,14462
WSP$D,D1,2024-08-21,1724198400,6004.5,6029.5,5988.75,6016.75,3559,1,17860
WSP$D,D1,2024-08-22,1724284800,6026.25,6051.75,5957.75,5976.5,4921,1,24554
WSP$D,D1,2024-08-23,1724371200,5999.75,6036.75,5979.0,6026.25,5382,1,25506
WSP$D,D1,2024-08-26,1724630400,6034.25,6043.75,5994.75,6007.75,2827,1,14660
WSP$D,D1,2024-08-27,1724716800,6010.25,6024.0,5986.75,6021.75,2662,1,12182
WSP$D,D1,2024-08-28,1724803200,6014.0,6018.5,5950.5,5967.75,4685,1,20673
WSP$D,D1,2024-08-29,1724889600,6000.25,6037.75,5973.25,5994.25,4702,1,24390
WSP$D,D1,2024-08-30,1724976000,6007.75,6040.25,5969.0,6029.0,3345,1,15454
WSP$D,D1,2024-09-02,1725235200,6029.5,6047.0,6027.25,6042.25,1078,1,3302
WSP$D,D1,2024-09-03,1725321600,6007.25,6011.0,5891.0,5909.5,5581,1,21139
WSP$D,D1,2024-09-04,1725408000,5894.25,5938.75,5889.5,5901.0,8284,1,29169
WSP$D,D1,2024-09-05,1725494400,5901.75,5930.75,5865.0,5887.75,6353,1,26463
WSP$D,D1,2024-09-06,1725580800,5860.25,5907.25,5769.5,5774.25,8339,1,37154
WSP$D,D1,2024-09-09,1725840000,5828.5,5867.0,5817.5,5859.25,5026,1,22737
WSP$D,D1,2024-09-10,1725926400,5857.5,5880.75,5823.75,5874.25,4774,1,17679
WSP$D,D1,2024-09-11,1726012800,5870.5,5942.5,5787.25,5932.25,10188,1,40255
WSP$D,D1,2024-09-12,1726099200,5946.25,5981.75,5915.25,5969.25,6290,1,22120
WSP$D,D1,2024-09-13,1726185600,5985.5,6015.75,5979.75,5999.5,3854,1,16261
WSP$D,D1,2024-09-16,1726444800,6000.75,6015.75,5983.5,6007.75,2929,1,11341
WSP$D,D1,2024-09-17,1726531200,6035.75,6049.25,5991.5,6017.5,4966,1,16050
WSP$D,D1,2024-09-18,1726617600,6019.25,6069.5,5989.75,6011.25,11932,1,33741
WSP$D,D1,2024-09-19,1726704000,6087.5,6111.5,6062.5,6087.0,4853,1,14466
WSP$D,D1,2024-09-20,1726790400,6073.75,6085.75,6043.75,6069.75,4578,1,18083
WSP$D,D1,2024-09-23,1727049600,6076.75,6093.5,6071.0,6081.5,3770,1,16552
WSP$D,D1,2024-09-24,1727136000,6083.25,6103.5,6064.0,6103.0,4208,1,17629
WSP$D,D1,2024-09-25,1727222400,6096.0,6108.0,6078.25,6094.5,2800,1,10464
WSP$D,D1,2024-09-26,1727308800,6130.75,6138.75,6087.5,6114.25,3700,1,14419
WSP$D,D1,2024-09-27,1727395200,6113.25,6130.25,6089.5,6089.5,3292,1,14659
WSP$D,D1,2024-09-30,1727654400,6087.25,6129.5,6065.75,6116.5,3755,1,17982
WSP$D,D1,2024-10-01,1727740800,6116.5,6122.5,6042.75,6069.75,6381,1,30560
WSP$D,D1,2024-10-02,1727827200,6053.5,6083.75,6034.5,6083.75,3716,1,21096
WSP$D,D1,2024-10-03,1727913600,6064.5,6079.75,6036.0,6057.5,4218,1,21715
WSP$D,D1,2024-10-04,1728000000,6074.5,6114.25,6062.0,6105.0,6659,1,27445
WSP$D,D1,2024-10-07,1728259200,6085.25,6098.5,6044.75,6062.5,3441,1,16808
WSP$D,D1,2024-10-08,1728345600,6078.25,6116.5,6073.5,6109.5,2925,1,14059
WSP$D,D1,2024-10-09,1728432000,6106.0,6156.25,6102.25,6146.5,4796,1,18729
WSP$D,D1,2024-10-10,1728518400,6140.5,6152.5,6121.25,6137.5,4558,1,19490
WSP$D,D1,2024-10-11,1728604800,6131.25,6177.75,6131.25,6163.5,3891,1,14101
WSP$D,D1,2024-10-14,1728864000,6175.0,6227.75,6174.5,6221.25,4012,1,14104
WSP$D,D1,2024-10-15,1728950400,6216.0,6224.0,6161.0,6171.25,3804,1,18024
WSP$D,D1,2024-10-16,1729036800,6171.0,6202.5,6163.0,6195.5,2211,1,9088
WSP$D,D1,2024-10-17,1729123200,6217.5,6236.5,6195.25,6195.5,3244,1,12569
WSP$D,D1,2024-10-18,1729209600,6207.5,6224.75,6196.75,6220.5,2285,1,10324
WSP$D,D1,2024-10-21,1729468800,6196.75,6218.0,6175.25,6211.5,2500,1,12325
WSP$D,D1,2024-10-22,1729555200,6180.75,6213.5,6171.25,6196.5,2481,1,10280
WSP$D,D1,2024-10-23,1729641600,6187.5,6191.5,6111.75,6157.5,5659,1,20808
WSP$D,D1,2024-10-24,1729728000,6176.5,6179.75,6132.25,6163.0,4264,1,16930
WSP$D,D1,2024-10-25,1729814400,6172.5,6209.5,6144.75,6150.75,4317,1,17993
WSP$D,D1,2024-10-28,1730073600,6180.5,6191.75,6169.5,6174.5,4085,1,17172
WSP$D,D1,2024-10-29,1730160000,6163.25,6193.0,6147.5,6189.25,5680,1,22930
WSP$D,D1,2024-10-30,1730246400,6184.0,6196.0,6150.5,6152.25,7690,1,26653
WSP$D,D1,2024-10-31,1730332800,6127.25,6129.25,6043.75,6045.25,12895,1,37271
WSP$D,D1,2024-11-01,1730419200,6068.5,6112.75,6061.75,6073.25,9722,1,28559
WSP$D,D1,2024-11-04,1730678400,6076.0,6083.5,6033.75,6059.75,6274,1,20556
WSP$D,D1,2024-11-05,1730764800,6061.25,6123.25,6058.0,6122.25,6635,1,22003
WSP$D,D1,2024-11-06,1730851200,6235.5,6275.25,6210.25,6268.25,13368,1,37272
WSP$D,D1,2024-11-07,1730937600,6278.5,6321.75,6276.25,6310.0,9613,1,30506
WSP$D,D1,2024-11-08,1731024000,6306.25,6348.75,6304.5,6335.0,5739,1,15975
WSP$D,D1,2024-11-11,1731283200,6351.75,6361.75,6322.5,6341.5,5630,1,15109
WSP$D,D1,2024-11-12,1731369600,6331.25,6345.0,6296.25,6317.5,5664,1,19212
WSP$D,D1,2024-11-13,1731456000,6308.25,6344.25,6301.25,6326.75,9868,1,33897
WSP$D,D1,2024-11-14,1731542400,6332.25,6333.5,6278.25,6282.75,8039,1,26915
WSP$D,D1,2024-11-18,1731888000,6213.25,6241.5,6196.25,6221.75,6556,1,24210
WSP$D,D1,2024-11-19,1731974400,6206.75,6256.5,6164.25,6247.25,8033,1,30225
WSP$D,D1,2024-11-21,1732147200,6248.0,6293.5,6216.75,6286.5,12697,1,45641
WSP$D,D1,2024-11-22,1732233600,6267.5,6302.0,6267.5,6301.5,6990,1,21264
WSP$D,D1,2024-11-25,1732492800,6325.75,6348.25,6291.25,6313.75,7654,1,24777
WSP$D,D1,2024-11-26,1732579200,6326.5,6352.5,6320.0,6346.0,6983,1,20913
WSP$D,D1,2024-11-27,1732665600,6338.0,6347.5,6309.75,6322.25,5473,1,17336
WSP$D,D1,2024-11-28,1732752000,6330.25,6341.0,6325.0,6325.0,1652,1,6046
WSP$D,D1,2024-11-29,1732838400,6338.5,6368.25,6327.0,6348.25,4420,1,14376
WSP$D,D1,2024-12-02,1733097600,6351.75,6376.5,6351.5,6369.0,4383,1,13941
WSP$D,D1,2024-12-03,1733184000,6372.25,6375.25,6356.0,6375.0,4504,1,12610
WSP$D,D1,2024-12-04,1733270400,6389.25,6410.0,6381.25,6409.75,4807,1,14599
WSP$D,D1,2024-12-05,1733356800,6402.75,6415.25,6395.0,6402.5,4221,1,12488
WSP$D,D1,2024-12-06,1733443200,6392.25,6418.75,6386.5,6404.5,5077,1,15718
WSP$D,D1,2024-12-09,1733702400,6401.5,6407.25,6369.0,6369.75,3411,1,8454
WSP$D,D1,2024-12-10,1733788800,6377.5,6383.75,6349.0,6353.75,3893,1,11324
WSP$D,D1,2024-12-11,1733875200,6358.5,6411.25,6353.0,6407.0,3923,1,13882
WSP$D,D1,2024-12-12,1733961600,6391.75,6396.5,6367.75,6367.75,3785,1,13060
WSP$D,D1,2024-12-13,1734048000,6387.75,6394.0,6350.25,6363.75,4141,1,14749
WSP$D,D1,2024-12-16,1734307200,6375.0,6398.5,6371.25,6391.25,3298,1,11589
WSP$D,D1,2024-12-17,1734393600,6372.25,6373.75,6348.5,6364.5,3544,1,9636
WSP$D,D1,2024-12-18,1734480000,6376.25,6382.0,6174.25,6179.75,16483,1,52601
WSP$D,D1,2024-12-19,1734566400,6211.0,6244.75,6173.25,6176.75,10349,1,25806
WSP$D,D1,2024-12-20,1734652800,6128.0,6292.75,6110.25,6228.0,15607,1,57187
WSP$D,D1,2024-12-23,1734912000,6236.25,6283.75,6207.25,6277.25,6813,1,25805
WSP$D,D1,2024-12-26,1735171200,6317.25,6348.75,6305.0,6332.5,5160,1,18103
WSP$D,D1,2024-12-27,1735257600,6318.25,6321.25,6226.0,6282.25,7904,1,23124
WSP$D,D1,2024-12-30,1735516800,6256.75,6256.75,6160.0,6197.25,9763,1,31618
WSP$D,D1,2025-01-02,1735776000,6224.75,6236.0,6115.25,6149.25,14266,1,41678
WSP$D,D1,2025-01-03,1735862400,6168.25,6237.25,6164.0,6223.0,8283,1,24045
WSP$D,D1,2025-01-06,1736121600,6270.5,6307.5,6245.0,6261.25,7835,1,26297
WSP$D,D1,2025-01-07,1736208000,6264.0,6285.25,6175.25,6190.25,10634,1,30294
WSP$D,D1,2025-01-08,1736294400,6194.0,6210.75,6157.0,6199.25,12007,1,38905
WSP$D,D1,2025-01-09,1736380800,6188.0,6218.0,6176.0,6201.5,2214,1,4651
WSP$D,D1,2025-01-10,1736467200,6189.75,6191.5,6086.25,6097.25,14959,1,39983
WSP$D,D1,2025-01-13,1736726400,6060.0,6117.5,6052.25,6115.25,8676,1,25622
WSP$D,D1,2025-01-14,1736812800,6135.0,6158.0,6082.25,6127.5,12676,1,35055
WSP$D,D1,2025-01-15,1736899200,6143.25,6240.25,6138.0,6230.75,8951,1,31178
WSP$D,D1,2025-01-16,1736985600,6241.5,6244.25,6208.75,6214.0,5885,1,16149
WSP$D,D1,2025-01-17,1737072000,6232.25,6290.75,6230.25,6271.75,7171,1,23454
WSP$D,D1,2025-01-20,1737331200,6276.0,6317.5,6258.75,6305.25,4961,1,14936
WSP$D,D1,2025-01-21,1737417600,6290.75,6328.75,6283.5,6328.75,5352,1,14985
WSP$D,D1,2025-01-22,1737504000,6348.5,6375.0,6348.5,6362.5,4729,1,13853
WSP$D,D1,2025-01-23,1737590400,6352.0,6392.25,6348.0,6388.75,4552,1,12049
WSP$D,D1,2025-01-24,1737676800,6384.75,6402.75,6361.75,6367.25,4067,1,11394
WSP$D,D1,2025-01-27,1737936000,6226.25,6287.75,6221.75,6287.75,9028,1,33710
WSP$D,D1,2025-01-28,1738022400,6296.25,6344.0,6262.75,6336.75,8755,1,32370
WSP$D,D1,2025-01-29,1738108800,6343.0,6343.75,6281.5,6310.0,15598,1,42238
WSP$D,D1,2025-01-30,1738195200,6327.5,6355.25,6296.75,6339.75,8202,1,28173
WSP$D,D1,2025-01-31,1738281600,6365.5,6387.0,6297.75,6298.0,13647,1,41787
WSP$D,D1,2025-02-03,1738540800,6222.5,6287.75,6189.75,6251.5,14293,1,50836
WSP$D,D1,2025-02-04,1738627200,6252.75,6308.0,6252.0,6299.0,7925,1,23738
WSP$D,D1,2025-02-05,1738713600,6275.25,6327.25,6270.0,6325.0,6327,1,25460
WSP$D,D1,2025-02-06,1738800000,6327.0,6347.75,6310.0,6334.5,5848,1,18614
WSP$D,D1,2025-02-07,1738886400,6345.5,6368.25,6281.25,6286.5,10827,1,36930
WSP$D,D1,2025-02-10,1739145600,6313.25,6334.5,6307.25,6331.0,5154,1,16001
WSP$D,D1,2025-02-11,1739232000,6314.5,6338.0,6298.5,6333.25,5178,1,14589
WSP$D,D1,2025-02-12,1739318400,6325.5,6336.0,6261.0,6318.5,11005,1,32365
WSP$D,D1,2025-02-13,1739404800,6310.5,6377.5,6302.75,6374.25,11314,1,32936
WSP$D,D1,2025-02-14,1739491200,6364.0,6384.5,6363.75,6373.0,5295,1,15573
WSP$D,D1,2025-02-17,1739750400,6382.0,6387.25,6376.0,6378.0,1213,1,3842
WSP$D,D1,2025-02-18,1739836800,6390.75,6397.25,6358.0,6385.5,6546,1,18188
WSP$D,D1,2025-02-19,1739923200,6378.75,6406.0,6368.75,6397.0,6867,1,22664
WSP$D,D1,2025-02-20,1740009600,6386.25,6390.0,6342.75,6377.5,6957,1,19780
WSP$D,D1,2025-02-21,1740096000,6378.25,6381.75,6264.0,6270.75,7680,1,20184
WSP$D,D1,2025-02-24,1740355200,6299.0,6301.5,6234.5,6237.0,7943,1,21854
WSP$D,D1,2025-02-25,1740441600,6234.0,6250.5,6163.75,6210.75,11823,1,36800
WSP$D,D1,2025-02-26,1740528000,6234.0,6261.75,6184.75,6207.5,8463,1,24306
WSP$D,D1,2025-02-27,1740614400,6245.5,6252.25,6112.75,6116.25,15482,1,49997
WSP$D,D1,2025-02-28,1740700800,6133.0,6208.75,6087.25,6195.25,10464,1,34270
WSP$D,D1,2025-03-05,1741132800,6022.25,6110.25,5990.75,6110.25,12610,1,38511
WSP$D,D1,2025-03-06,1741219200,6037.75,6061.5,5959.0,5991.0,22049,1,55965
WSP$D,D1,2025-03-07,1741305600,6000.25,6028.25,5912.5,6017.0,21510,1,58128
WSP$D,D1,2025-03-10,1741564800,5946.75,5948.5,5811.25,5866.5,19664,1,54907
WSP$D,D1,2025-03-11,1741651200,5886.25,5888.5,5770.0,5814.25,24497,1,59936
WSP$D,D1,2025-03-12,1741737600,5857.25,5912.0,5789.0,5834.75,15101,1,38505
WSP$D,D1,2025-03-13,1741824000,5830.0,5842.5,5748.5,5777.25,18813,1,56315
WSP$D,D1,2025-03-14,1741910400,5812.25,5886.0,5805.25,5867.25,13156,1,34379
WSP$D,D1,2025-03-17,1742169600,5862.75,5945.0,5854.75,5917.75,13074,1,40937
WSP$D,D1,2025-03-18,1742256000,5910.0,5922.25,5838.25,5857.0,13905,1,35247
WSP$D,D1,2025-03-19,1742342400,5872.25,5955.25,5862.0,5915.0,17683,1,38406
WSP$D,D1,2025-03-20,1742428800,5899.75,5950.5,5871.0,5905.25,10761,1,23590
WSP$D,D1,2025-03-21,1742515200,5878.5,5903.0,5832.75,5903.0,12915,1,30003
WSP$D,D1,2025-03-24,1742774400,5960.5,6005.75,5956.25,5994.0,9789,1,29141
WSP$D,D1,2025-03-25,1742860800,6008.75,6018.0,5991.0,6013.25,6970,1,17475
WSP$D,D1,2025-03-26,1742947200,6007.5,6015.25,5924.5,5931.0,9916,1,27377
WSP$D,D1,2025-03-27,1743033600,5939.75,5960.0,5901.5,5923.5,10366,1,25970
WSP$D,D1,2025-03-28,1743120000,5912.75,5915.0,5784.25,5784.25,12339,1,38773
WSP$D,D1,2025-03-31,1743379200,5744.75,5853.5,5715.75,5824.75,13506,1,38779
WSP$D,D1,2025-04-01,1743465600,5807.25,5874.75,5782.0,5856.25,11047,1,34997
WSP$D,D1,2025-04-02,1743552000,5816.0,5952.5,5747.5,5760.25,18108,1,52036
WSP$D,D1,2025-04-03,1743638400,5701.0,5721.0,5596.5,5600.25,21401,1,59618
WSP$D,D1,2025-04-04,1743724800,5456.0,5501.5,5255.25,5275.75,45643,1,126275
WSP$D,D1,2025-04-07,1743984000,5173.25,5464.5,5047.75,5304.0,34296,1,95824
WSP$D,D1,2025-04-08,1744070400,5404.0,5481.75,5119.25,5193.75,40843,1,110427
WSP$D,D1,2025-04-09,1744156800,5114.5,5696.0,5088.25,5691.0,31419,1,92315
WSP$D,D1,2025-04-10,1744243200,5586.0,5599.25,5325.75,5481.5,40241,1,107507
WSP$D,D1,2025-04-11,1744329600,5501.25,5593.75,5428.25,5566.5,31697,1,82052
WSP$D,D1,2025-04-14,1744588800,5632.5,5673.5,5568.0,5607.0,15939,1,41020
WSP$D,D1,2025-04-15,1744675200,5599.75,5661.0,5590.5,5600.25,12853,1,31176
WSP$D,D1,2025-04-16,1744761600,5565.75,5577.25,5428.5,5483.75,18617,1,47288
WSP$D,D1,2025-04-17,1744848000,5505.0,5536.5,5462.25,5502.25,12923,1,36290
WSP$D,D1,2025-04-22,1745280000,5401.0,5515.0,5394.75,5490.75,17985,1,52835
WSP$D,D1,2025-04-23,1745366400,5608.75,5675.25,5560.25,5593.0,25648,1,72517
WSP$D,D1,2025-04-24,1745452800,5566.0,5716.5,5559.75,5699.0,16637,1,43873
WSP$D,D1,2025-04-25,1745539200,5676.75,5738.75,5657.0,5731.0,16481,1,42568
WSP$D,D1,2025-04-28,1745798400,5722.75,5754.75,5668.75,5721.0,12674,1,34254
WSP$D,D1,2025-04-29,1745884800,5726.0,5773.25,5698.0,5761.5,12533,1,38195
WSP$D,D1,2025-04-30,1745971200,5743.5,5802.75,5632.5,5800.0,21978,1,70395
WSP$D,D1,2025-05-02,1746144000,5819.0,5900.75,5817.25,5886.5,13464,1,50743
WSP$D,D1,2025-05-05,1746403200,5840.0,5882.25,5832.5,5844.0,9200,1,22688
WSP$D,D1,2025-05-06,1746489600,5802.0,5848.0,5781.75,5794.5,10911,1,31951
WSP$D,D1,2025-05-07,1746576000,5835.0,5852.5,5773.5,5823.0,15482,1,45440
WSP$D,D1,2025-05-08,1746662400,5876.25,5916.25,5829.0,5864.25,14328,1,41169
WSP$D,D1,2025-05-09,1746748800,5873.0,5887.0,5839.75,5859.0,9348,1,26003
WSP$D,D1,2025-05-12,1747008000,6023.5,6051.5,5982.5,6044.75,11125,1,34337
WSP$D,D1,2025-05-13,1747094400,6034.0,6102.75,6030.25,6081.0,10954,1,34695
WSP$D,D1,2025-05-14,1747180800,6090.0,6101.25,6067.25,6078.25,10744,1,32591
WSP$D,D1,2025-05-15,1747267200,6061.0,6120.0,6054.75,6114.5,9832,1,30238
WSP$D,D1,2025-05-16,1747353600,6129.0,6154.0,6101.0,6123.75,8317,1,22886
WSP$D,D1,2025-05-19,1747612800,6093.75,6163.25,6079.0,6158.0,10475,1,32493
WSP$D,D1,2025-05-20,1747699200,6148.0,6149.75,6103.75,6132.5,8998,1,29510
WSP$D,D1,2025-05-21,1747785600,6108.75,6132.0,6025.25,6035.0,14640,1,53282
WSP$D,D1,2025-05-22,1747872000,6018.0,6071.25,6005.5,6037.0,10521,1,30995
WSP$D,D1,2025-05-23,1747958400,5952.0,6019.5,5934.75,5990.0,17667,1,52765
WSP$D,D1,2025-05-26,1748217600,6065.25,6076.0,6047.5,6068.25,2410,1,6432
WSP$D,D1,2025-05-27,1748304000,6076.0,6120.0,6045.25,6120.0,7347,1,20614
WSP$D,D1,2025-05-28,1748390400,6116.25,6128.75,6065.75,6106.25,9005,1,32052
WSP$D,D1,2025-05-29,1748476800,6127.5,6135.25,6060.75,6096.0,9431,1,33982
WSP$D,D1,2025-05-30,1748563200,6091.0,6108.25,6030.25,6095.25,11058,1,32059
WSP$D,D1,2025-06-02,1748822400,6069.5,6132.25,6046.75,6125.75,7737,1,26601
WSP$D,D1,2025-06-03,1748908800,6116.0,6167.25,6112.0,6156.75,5951,1,23714
WSP$D,D1,2025-06-04,1748995200,6169.0,6175.5,6151.0,6153.25,6028,1,19552
WSP$D,D1,2025-06-05,1749081600,6156.0,6191.0,6105.5,6118.5,10539,1,35943
WSP$D,D1,2025-06-06,1749168000,6144.0,6200.75,6143.5,6187.0,9023,1,31375
WSP$D,D1,2025-06-09,1749427200,6192.25,6204.0,6176.5,6197.5,4751,1,18058
WSP$D,D1,2025-06-10,1749513600,6194.0,6224.75,6180.75,6217.25,7390,1,24013
WSP$D,D1,2025-06-11,1749600000,6214.5,6250.0,6183.5,6199.5,11527,1,38624
WSP$D,D1,2025-06-12,1749686400,6169.25,6231.5,6167.25,6222.5,7985,1,24650
WSP$D,D1,2025-06-13,1749772800,6174.25,6205.25,6142.5,6161.5,14844,1,54937
WSP$D,D1,2025-06-16,1750032000,6194.0,6231.25,6189.5,6214.25,8378,1,23903
WSP$D,D1,2025-06-17,1750118400,6192.0,6202.75,6152.75,6157.75,8599,1,18578
WSP$D,D1,2025-06-18,1750204800,6169.5,6196.5,6146.0,6159.75,8170,1,18730
WSP$D,D1,2025-06-20,1750377600,6154.0,6190.5,6124.0,6141.25,8238,1,28616
WSP$D,D1,2025-06-23,1750636800,6133.5,6201.5,6114.0,6197.5,16446,1,55034
WSP$D,D1,2025-06-24,1750723200,6239.75,6274.0,6229.25,6263.25,8290,1,33636
WSP$D,D1,2025-06-25,1750809600,6273.75,6278.5,6250.25,6261.5,4733,1,15914
WSP$D,D1,2025-06-26,1750896000,6283.5,6318.75,6277.0,6315.5,6382,1,19925
WSP$D,D1,2025-06-27,1750982400,6336.0,6357.25,6302.75,6336.0,10016,1,35963
WSP$D,D1,2025-06-30,1751241600,6366.75,6383.25,6342.75,6366.5,6906,1,24114
WSP$D,D1,2025-07-01,1751328000,6359.25,6379.75,6346.25,6366.0,6362,1,18659
WSP$D,D1,2025-07-02,1751414400,6369.75,6398.0,6354.0,6397.0,4753,1,13493
WSP$D,D1,2025-07-03,1751500800,6398.0,6473.0,6396.5,6448.5,6727,1,20351
WSP$D,D1,2025-07-04,1751587200,6406.5,6415.5,6397.0,6414.5,2352,1,5608
WSP$D,D1,2025-07-07,1751846400,6427.5,6433.5,6365.5,6381.0,7879,1,19894
WSP$D,D1,2025-07-08,1751932800,6399.25,6406.75,6380.75,6388.5,4835,1,12982
WSP$D,D1,2025-07-09,1752019200,6398.25,6433.25,6394.75,6428.75,5048,1,12607
WSP$D,D1,2025-07-10,1752105600,6425.25,6453.0,6413.75,6438.25,3851,1,13349
WSP$D,D1,2025-07-11,1752192000,6411.0,6430.75,6397.0,6413.5,3970,1,11455
WSP$D,D1,2025-07-14,1752451200,6402.0,6432.25,6397.5,6425.25,3957,1,12701
WSP$D,D1,2025-07-15,1752537600,6451.0,6459.5,6390.0,6391.0,5006,1,12103
WSP$D,D1,2025-07-16,1752624000,6399.5,6425.75,6360.0,6415.0,7480,1,20262
WSP$D,D1,2025-07-17,1752710400,6415.5,6467.25,6415.5,6467.25,4277,1,11972
WSP$D,D1,2025-07-18,1752796800,6463.0,6470.5,6441.0,6454.5,4152,1,9852
WSP$D,D1,2025-07-21,1753056000,6462.5,6514.25,6457.5,6468.75,3776,1,11367
WSP$D,D1,2025-07-22,1753142400,6463.75,6471.0,6436.75,6466.5,4377,1,12737
WSP$D,D1,2025-07-23,1753228800,6486.0,6525.25,6471.25,6524.0,5313,1,15154
WSP$D,D1,2025-07-24,1753315200,6520.5,6534.75,6509.25,6525.0,4449,1,12440
WSP$D,D1,2025-07-25,1753401600,6523.5,6548.5,6519.25,6545.75,3542,1,11211
WSP$D,D1,2025-07-28,1753660800,6552.0,6557.5,6527.25,6543.5,3615,1,10008
WSP$D,D1,2025-07-29,1753747200,6553.0,6557.25,6514.25,6522.5,4489,1,12688
WSP$D,D1,2025-07-30,1753833600,6531.5,6552.5,6484.5,6543.0,7592,1,17379
WSP$D,D1,2025-07-31,1753920000,6568.0,6575.25,6476.75,6486.75,8911,1,23985
WSP$D,D1,2025-08-01,1754006400,6434.5,6448.0,6357.5,6385.75,13056,1,40850
WSP$D,D1,2025-08-04,1754265600,6412.0,6487.0,6412.0,6487.0,5983,1,18534
WSP$D,D1,2025-08-05,1754352000,6490.25,6494.75,6434.0,6448.0,7301,1,18969
WSP$D,D1,2025-08-06,1754438400,6455.5,6497.0,6444.25,6489.0,5470,1,15075
WSP$D,D1,2025-08-07,1754524800,6523.0,6532.5,6453.25,6484.75,10819,1,22627
WSP$D,D1,2025-08-08,1754611200,6505.0,6543.5,6494.25,6541.0,5592,1,16806
WSP$D,D1,2025-08-11,1754870400,6540.5,6549.0,6505.75,6512.25,5178,1,12117
WSP$D,D1,2025-08-12,1754956800,6516.0,6587.5,6515.0,6586.0,7967,1,26538
WSP$D,D1,2025-08-13,1755043200,6598.75,6619.5,6585.0,6604.75,5577,1,14765
WSP$D,D1,2025-08-14,1755129600,6607.0,6613.25,6570.5,6604.0,6533,1,18859
WSP$D,D1,2025-08-15,1755216000,6616.5,6618.0,6579.5,6584.5,4593,1,11561
WSP$D,D1,2025-08-18,1755475200,6581.0,6592.75,6575.0,6584.25,3288,1,8082
WSP$D,D1,2025-08-19,1755561600,6585.0,6593.25,6537.0,6550.25,4651,1,11237
WSP$D,D1,2025-08-20,1755648000,6545.5,6547.5,6480.25,6530.75,8169,1,23478
WSP$D,D1,2025-08-21,1755734400,6515.5,6529.75,6488.0,6503.0,5526,1,15519
WSP$D,D1,2025-08-22,1755820800,6516.0,6613.25,6514.75,6602.75,7010,1,23699
WSP$D,D1,2025-08-25,1756080000,6586.25,6600.0,6571.0,6575.75,3059,1,8594
WSP$D,D1,2025-08-26,1756166400,6566.75,6604.75,6560.75,6602.75,3865,1,10953
WSP$D,D1,2025-08-27,1756252800,6602.75,6623.5,6577.5,6599.0,4670,1,13149
WSP$D,D1,2025-08-28,1756339200,6611.25,6639.5,6598.0,6635.75,4138,1,15574
WSP$D,D1,2025-08-29,1756425600,6613.75,6622.0,6573.5,6591.75,3866,1,12330
WSP$D,D1,2025-09-01,1756684800,6589.75,6600.75,6574.75,6581.5,1127,1,1522
WSP$D,D1,2025-09-02,1756771200,6538.0,6565.75,6489.0,6565.75,6841,1,26242
WSP$D,D1,2025-09-03,1756857600,6567.5,6581.0,6543.5,6577.25,4640,1,13002
WSP$D,D1,2025-09-04,1756944000,6583.0,6633.0,6572.75,6631.0,5528,1,15068
WSP$D,D1,2025-09-05,1757030400,6635.5,6657.5,6569.0,6606.0,8967,1,23921
WSP$D,D1,2025-09-08,1757289600,6619.75,6638.5,6606.75,6624.0,5050,1,13121
WSP$D,D1,2025-09-09,1757376000,6629.75,6651.75,6605.5,6648.0,5456,1,13968
WSP$D,D1,2025-09-10,1757462400,6659.0,6681.5,6639.5,6657.5,6306,1,16730
WSP$D,D1,2025-09-11,1757548800,6666.0,6715.75,6653.25,6710.0,6343,1,19206
WSP$D,D1,2025-09-12,1757635200,6705.0,6731.25,6699.75,6708.5,3884,1,10110
WSP$D,D1,2025-09-15,1757894400,6719.75,6739.5,6716.5,6735.25,4986,1,12254
WSP$D,D1,2025-09-16,1757980800,6745.75,6748.0,6720.5,6735.0,4564,1,11217
WSP$D,D1,2025-09-17,1758067200,6722.75,6744.5,6671.0,6722.0,11213,1,25956
WSP$D,D1,2025-09-18,1758153600,6763.0,6775.0,6728.5,6757.75,7280,1,17366
WSP$D,D1,2025-09-19,1758240000,6754.0,6786.75,6743.75,6775.75,5870,1,17962
WSP$D,D1,2025-09-22,1758499200,6757.75,6811.5,6754.5,6805.5,6009,1,16500
WSP$D,D1,2025-09-23,1758585600,6804.5,6811.25,6758.0,6771.25,6141,1,16496
WSP$D,D1,2025-09-24,1758672000,6779.5,6784.25,6734.25,6756.25,4995,1,12348
WSP$D,D1,2025-09-25,1758758400,6723.25,6730.25,6680.25,6720.25,7475,1,21308
WSP$D,D1,2025-09-26,1758844800,6720.25,6760.25,6712.75,6754.25,6443,1,18196
WSP$D,D1,2025-09-29,1759104000,6780.75,6790.25,6751.75,6764.5,4801,1,12688
WSP$D,D1,2025-09-30,1759190400,6757.25,6798.5,6748.5,6782.5,6170,1,17769
WSP$D,D1,2025-10-01,1759276800,6770.5,6824.0,6758.0,6812.5,6962,1,21279
WSP$D,D1,2025-10-02,1759363200,6830.5,6836.0,6796.75,6822.0,5510,1,14023
WSP$D,D1,2025-10-03,1759449600,6826.75,6853.75,6809.25,6816.25,7407,1,21003
WSP$D,D1,2025-10-06,1759708800,6840.25,6851.75,6821.5,6846.5,4825,1,13406
WSP$D,D1,2025-10-07,1759795200,6844.75,6856.75,6802.75,6821.25,6417,1,16185
WSP$D,D1,2025-10-08,1759881600,6825.75,6862.25,6819.5,6857.0,5094,1,15661
WSP$D,D1,2025-10-09,1759968000,6854.5,6864.0,6816.25,6830.75,4803,1,16066
WSP$D,D1,2025-10-10,1760054400,6840.75,6861.0,6602.75,6602.75,20435,1,54789
WSP$D,D1,2025-10-13,1760313600,6715.5,6765.75,6713.25,6745.75,8534,1,24588
WSP$D,D1,2025-10-14,1760400000,6691.0,6777.5,6649.75,6741.75,12896,1,43333
WSP$D,D1,2025-10-15,1760486400,6782.0,6821.5,6707.25,6763.5,11245,1,34835
WSP$D,D1,2025-10-16,1760572800,6790.75,6805.25,6687.75,6706.75,14374,1,37166
WSP$D,D1,2025-10-17,1760659200,6703.0,6772.25,6696.25,6765.5,10932,1,29787
WSP$D,D1,2025-10-20,1760918400,6777.0,6837.5,6776.5,6834.25,7213,1,21789
WSP$D,D1,2025-10-21,1761004800,6833.0,6844.25,6814.0,6828.0,6636,1,18230
WSP$D,D1,2025-10-22,1761091200,6822.75,6836.5,6747.25,6790.75,12041,1,33208
WSP$D,D1,2025-10-23,1761177600,6780.5,6840.0,6775.25,6832.5,6790,1,20221
WSP$D,D1,2025-10-24,1761264000,6850.5,6896.5,6848.5,6883.5,8343,1,23586
WSP$D,D1,2025-10-27,1761523200,6934.0,6971.25,6931.25,6971.25,5252,1,16627
WSP$D,D1,2025-10-28,1761609600,6966.25,6998.75,6958.0,6982.25,8170,1,20267
WSP$D,D1,2025-10-29,1761696000,6999.5,7006.75,6936.75,6975.0,10269,1,30352
WSP$D,D1,2025-10-30,1761782400,6976.0,6978.75,6906.5,6948.5,9136,1,26471
WSP$D,D1,2025-10-31,1761868800,6960.5,6973.25,6899.25,6924.5,9713,1,32413
WSP$D,D1,2025-11-03,1762128000,6950.75,6963.75,6905.25,6944.75,6412,1,16726
WSP$D,D1,2025-11-04,1762214400,6867.5,6903.75,6847.75,6847.75,8881,1,27655
WSP$D,D1,2025-11-05,1762300800,6839.0,6912.25,6837.25,6881.75,6525,1,21799
WSP$D,D1,2025-11-06,1762387200,6883.5,6898.5,6789.25,6811.75,10332,1,27920
WSP$D,D1,2025-11-07,1762473600,6790.0,6814.25,6711.75,6814.25,12890,1,41927
WSP$D,D1,2025-11-10,1762732800,6873.75,6920.75,6848.25,6915.75,7934,1,26239
WSP$D,D1,2025-11-11,1762819200,6898.25,6934.75,6886.5,6926.75,6374,1,18448
WSP$D,D1,2025-11-12,1762905600,6937.0,6953.0,6907.75,6932.75,5562,1,16012
WSP$D,D1,2025-11-13,1762992000,6920.5,6927.25,6802.5,6824.0,11605,1,41960
WSP$D,D1,2025-11-14,1763078400,6767.0,6850.25,6727.25,6811.25,13120,1,41148
WSP$D,D1,2025-11-17,1763337600,6826.25,6830.0,6714.25,6746.0,13334,1,41833
WSP$D,D1,2025-11-18,1763424000,6727.0,6741.75,6649.75,6689.0,23793,1,65065
WSP$D,D1,2025-11-19,1763510400,6714.0,6763.5,6678.0,6710.25,18242,1,52906
WSP$D,D1,2025-11-21,1763683200,6607.25,6732.5,6587.25,6690.5,27992,1,75107
WSP$D,D1,2025-11-24,1763942400,6694.75,6792.5,6694.75,6782.5,11057,1,26315
WSP$D,D1,2025-11-25,1764028800,6766.0,6847.0,6730.0,6835.75,13003,1,35450
WSP$D,D1,2025-11-26,1764115200,6851.75,6901.25,6842.0,6893.5,9222,1,24688
WSP$D,D1,2025-11-27,1764201600,6882.75,6899.25,6877.0,6877.5,1151,1,2586
WSP$D,D1,2025-11-28,1764288000,6887.5,6918.25,6878.75,6897.5,4856,1,8874
WSP$D,D1,2025-12-01,1764547200,6877.75,6910.5,6860.75,6879.75,8848,1,22048
WSP$D,D1,2025-12-02,1764633600,6896.75,6918.25,6872.75,6892.75,8601,1,19479
WSP$D,D1,2025-12-03,1764720000,6906.25,6926.75,6872.75,6916.25,8151,1,22489
WSP$D,D1,2025-12-04,1764806400,6918.0,6934.5,6890.0,6922.0,7930,1,21174
WSP$D,D1,2025-12-05,1764892800,6932.75,6958.25,6910.75,6928.0,7286,1,21309
WSP$D,D1,2025-12-08,1765152000,6930.75,6945.75,6888.5,6906.75,5599,1,13233
WSP$D,D1,2025-12-09,1765238400,6915.75,6925.5,6898.25,6898.75,4919,1,11621
WSP$D,D1,2025-12-10,1765324800,6897.75,6960.5,6883.75,6952.0,12150,1,27401
WSP$D,D1,2025-12-11,1765411200,6917.25,6962.75,6892.25,6957.75,8770,1,21740
WSP$D,D1,2025-12-12,1765497600,6945.25,6961.75,6858.5,6883.0,11542,1,29478
WSP$D,D1,2025-12-15,1765756800,6917.0,6925.5,6859.75,6872.25,11556,1,27751
WSP$D,D1,2025-12-16,1765843200,6865.5,6886.75,6815.0,6852.75,12422,1,29460
WSP$D,D1,2025-12-17,1765929600,6875.5,6882.25,6773.75,6773.75,13551,1,23451
WSP$D,D1,2025-12-18,1766016000,6808.0,6870.75,6801.75,6833.25,9895,1,19554
WSP$D,D1,2025-12-19,1766102400,6840.25,6898.0,6833.5,6893.5,7492,1,19229
WSP$D,D1,2025-12-22,1766361600,6911.25,6939.75,6911.25,6933.5,5077,1,12576
WSP$D,D1,2025-12-23,1766448000,6933.5,6980.0,6917.25,6980.0,4371,1,10557
WSP$D,D1,2025-12-26,1766707200,6977.5,6995.75,6972.5,6981.75,3458,1,7869
WSP$D,D1,2025-12-29,1766966400,6970.0,6971.5,6939.75,6961.0,4421,1,9115
WSP$D,D1,2025-12-30,1767052800,6954.0,6964.25,6944.0,6950.0,2935,1,6083
WSP$D,D1,2026-01-02,1767312000,6934.75,6943.25,6870.75,6905.25,13070,1,32514
WSP$D,D1,2026-01-05,1767571200,6924.5,6967.0,6916.25,6954.75,7116,1,18579
WSP$D,D1,2026-01-06,1767657600,6944.5,6998.0,6943.0,6998.0,5310,1,13808
WSP$D,D1,2026-01-07,1767744000,6984.0,7010.25,6964.0,6969.75,5690,1,15853
WSP$D,D1,2026-01-08,1767830400,6953.75,6976.75,6944.25,6969.5,7231,1,18914
WSP$D,D1,2026-01-09,1767916800,6973.75,7021.0,6960.25,7010.0,7987,1,21951
WSP$D,D1,2026-01-12,1768176000,6966.25,7027.75,6965.25,7020.5,5097,0,13642
WSP$D,D1,2026-01-13,1768262400,7012.0,7039.5,6980.75,7012.5,9897,0,24790
WSP$D,D1,2026-01-14,1768348800,6976.5,6984.75,6927.5,6968.75,11674,0,30953
WSP$D,D1,2026-01-15,1768435200,6992.25,7020.0,6976.5,6979.0,7425,0,21084
WSP$D,D1,2026-01-16,1768521600,6994.0,7004.5,6963.75,6975.0,5862,0,15367
WSP$D,D1,2026-01-19,1768780800,6901.0,6927.0,6891.75,6913.0,3018,0,6021
WSP$D,D1,2026-01-20,1768867200,6871.5,6907.5,6826.5,6831.75,14898,0,37779
WSP$D,D1,2026-01-21,1768953600,6822.0,6947.5,6818.0,6914.0,20217,0,55116
WSP$D,D1,2026-01-22,1769040000,6948.0,6970.75,6928.75,6949.25,7808,0,18274
